game_id,day,date,p1,p2,p3,p4,score1,score2,point_diff,team1_actual_win,team1_elo_pre,team2_elo_pre,elo_diff_pre,elo_abs_diff_pre,elo_expected_prob_pre,team1_max_elo_pre,team2_max_elo_pre,team1_min_elo_pre,team2_min_elo_pre,team1_balance_pre,team2_balance_pre,team1_elo_std_pre,team2_elo_std_pre,team1_peak_elo_pre,team2_peak_elo_pre,team1_peak_gap_pre,team2_peak_gap_pre,team1_ts_mu_pre,team2_ts_mu_pre,team1_ts_sigma_pre,team2_ts_sigma_pre,team1_ts_conservative_pre,team2_ts_conservative_pre,ts_mu_diff_pre,ts_sigma_diff_pre,ts_cons_diff_pre,team1_specialization_pre,team2_specialization_pre,specialization_gap_pre,rating_disagreement_pre,team1_elo_volatility_pre,team2_elo_volatility_pre,elo_confidence_gap_pre,elo_confidence_gap_side_pre,ts_confidence_gap_favorite_pre,team1_ts_balance_pre,team2_ts_balance_pre,team1_ts_momentum_pre,team2_ts_momentum_pre,team1_opponent_experience_pre,team2_opponent_experience_pre,team1_opponent_win_rate_pre,team2_opponent_win_rate_pre,team1_games_played_pre,team2_games_played_pre,team1_win_rate_pre,team2_win_rate_pre,team1_recent_win_rate_pre,team2_recent_win_rate_pre,team1_avg_point_diff_pre,team2_avg_point_diff_pre,team1_recent_point_diff_pre,team2_recent_point_diff_pre,team1_recent_elo_trend_pre,team2_recent_elo_trend_pre,team1_pair_games_pre,team2_pair_games_pre,team1_pair_win_rate_pre,team2_pair_win_rate_pre,team1_pair_point_diff_pre,team2_pair_point_diff_pre,h2h_games_pre,h2h_win_rate_pre,h2h_point_diff_pre,p1_corner_win_rate_pre,p2_corner_win_rate_pre,p3_corner_win_rate_pre,p4_corner_win_rate_pre,team1_corner_strength_pre,team2_corner_strength_pre,corner_strength_diff_pre
1,1,,TT,NS,SY,CH,21,13,8,1,1500.0,1500.0,0.0,0.0,0.5,1500.0,1500.0,1500.0,1500.0,0.0,0.0,0.0,0.0,1500.0,1500.0,0.0,0.0,25.0,25.0,8.333333333333334,8.333333333333334,0.0,0.0,0.0,0.0,0.0,0.0,0.0,0.0,0.0,0.0,0.0,0.0,0.0,-16.66666666666667,0.0,0.0,0.0,0.0,0.0,0.0,0.5,0.5,0.0,0.0,0.5,0.5,0.5,0.5,0.0,0.0,0.0,0.0,0.0,0.0,0.0,0.0,0.5,0.5,0.0,0.0,0.0,0.5,0.0,0.5,0.5,0.5,0.5,0.5,0.5,0.0
2,1,,TT,SY,FZ,NS,14,21,-7,0,1500.0,1501.7261904761904,-1.726190476190368,1.726190476190368,0.49900632619365537,1503.452380952381,1503.452380952381,1496.547619047619,1500.0,6.904761904761926,3.452380952380963,3.452380952380963,1.7261904761904816,1501.7261904761904,1501.7261904761904,1.726190476190368,0.0,24.999999999999996,26.4868592759628,7.785138858695782,8.059236096014558,1.6445834239126498,2.309150987919125,-1.4868592759628037,-0.27409723731877644,-0.6645675640064752,0.0,0.0,0.0,3.68594044175552e-14,0.0,0.0,1.726190476190368,-1.726190476190368,-14.35751567874754,5.947437103851215,2.9737185519256037,0.0,0.0,0.5,0.5,0.25,0.75,1.0,0.5,0.5,0.75,0.5,0.75,0.0,4.0,0.0,4.0,0.0,0.0,0.0,0.0,0.5,0.5,0.0,0.0,0.0,0.5,0.0,1.0,0.5,0.5,0.5,0.75,0.5,0.25
3,1,,NS,CH,FZ,TT,27,25,2,1,1501.6633544206456,1501.7261904761904,-0.0628360555447216,0.0628360555447216,0.4999638286588632,1506.779089793672,1503.326708841291,1496.547619047619,1500.12567211109,10.231470746052992,3.2010367302011673,5.115735373026496,1.6005183651005839,1503.389544896836,1503.389544896836,1.726190476190368,1.6633544206456463,26.17659918888105,26.658375255633302,7.558470433090072,7.55323946512457,3.501187889610833,3.9986568602595938,-0.4817760667522535,0.0052309679655024865,-0.49746897064876094,0.0,0.25,-0.25,0.1127844790497064,0.8316772103227663,0.8316772103227663,-1.6005183651009247,-1.726190476190368,-14.629933831462388,8.30063548161332,2.0757101629396075,0.5882995944405263,-0.5882995944405263,1.0,1.0,0.5,0.5,1.5,1.5,0.5,0.75,0.5,0.75,-0.25,3.75,-0.25,3.75,0.8316772103228232,-0.8316772103228232,0.0,0.0,0.5,0.5,0.0,0.0,0.0,0.5,0.0,0.5,0.5,1.0,0.5,0.5,0.75,-0.25
4,1,,CH,TD,FZ,SY,11,21,-10,0,1499.642956183434,1496.904662864185,2.7382933192491237,2.7382933192491237,0.5015762831222013,1500.0,1500.588415522042,1499.2859123668682,1493.220910206328,0.7140876331318395,7.36750531571397,0.35704381656591977,3.683752657856985,1500.0,1501.6633544206456,0.35704381656591977,4.75869155646069,24.97685021349481,22.22487808632808,7.793622471641373,7.28872235242666,1.5959827985706916,0.3587110290480986,2.751972127166731,0.5049001192147129,1.237271769522593,0.25,0.25,0.0,0.13274340734086443,0.6845733298122809,1.5162505401350472,0.5374694493018524,0.5374694493018524,-12.330372696901303,0.0462995730103799,5.1035900320315974,0.7318547447288068,-1.3181889031303342,0.5,0.5,0.75,0.25,1.0,2.0,0.5,0.25,0.5,0.25,-1.5,-2.5,-1.5,-2.5,0.6845733298123378,-1.516250540135161,0.0,0.0,0.5,0.5,0.0,0.0,0.0,0.5,0.0,0.5,0.5,0.5,0.5,0.5,0.5,0.0
5,1,,CH,SY,TD,NS,21,19,2,1,1496.253411286598,1502.9076362258907,-6.65422493929259,6.65422493929259,0.4961695951479178,1496.923020867468,1509.5173831129212,1495.583801705728,1496.29788933886,1.3392191617399476,13.21949377406122,0.6696095808699738,6.60974688703061,1500.0,1504.7586915564607,3.746588713401934,1.8510553305700341,22.346684545611826,26.926424770443788,6.8218547042485405,7.256406130207858,1.8811204328662043,5.157206379820213,-4.579740224831962,-0.4345514259593175,-3.2760859469540087,0.4714045207910317,0.0,0.4714045207910317,0.20449284217177466,1.6159832534654626,1.2399540003153082,3.798287685511923,-9.510162193073256,-9.498520609624435,0.9547655656809368,11.993884246203791,0.11789863149943436,1.2576830509130108,2.0,2.0,0.16666666666666666,0.5,3.0,2.0,0.3333333333333333,0.5,0.3333333333333333,0.5,-3.5,-2.1666666666666665,-3.5,-2.1666666666666665,-0.09806925367365693,1.4672159132982188,1.0,0.0,0.0,0.5,-8.0,0.0,0.0,0.5,0.0,0.0,0.0,0.5,1.0,0.0,0.75,-0.75
6,2,,CH,SY,TT,TD,21,7,14,1,1499.0124825512642,1495.4630984330174,3.549384118246735,3.549384118246735,0.5020431783673394,1499.6820921321341,1497.3873787918408,1498.3428729703942,1493.5388180741938,1.3392191617399476,3.848560717646933,0.6696095808699738,1.9242803588234665,1500.0,1501.7261904761904,0.9875174487358436,6.263092043172946,25.714503421716785,19.87433940249987,6.368456600870604,6.937165676133922,6.609133619104973,-0.9371576259018966,5.840164019216914,-0.5687090752633184,7.54629124500687,0.408248290463863,0.23570226039551584,0.17254603006834718,0.6085453413205766,1.8736512503045415,1.929721816481831,-0.2539889485396998,-0.2539889485396998,-7.465458257787613,1.0163999147559686,6.2994616156113175,2.6142881307032937,-2.3089015640749277,3.0,3.0,0.6666666666666666,0.3333333333333333,4.0,2.5,0.5,0.16666666666666666,0.5,0.16666666666666666,-2.125,-3.1666666666666665,-2.125,-3.1666666666666665,1.9957515082444388,-2.156983729464855,2.0,0.0,0.5,0.5,-6.0,0.0,0.0,0.5,0.0,0.5,0.5,0.5,0.5,0.5,0.5,0.0
7,2,,RS,TD,SY,TT,13,21,-8,0,1494.6945889469607,1498.5347354619876,-3.840146515026845,3.840146515026845,0.49778944837265965,1500.0,1503.8317323124063,1489.3891778939217,1493.2377386115686,10.61082210607833,10.5939937008377,5.305411053039165,5.29699685041885,1500.0,1503.6420566323936,5.305411053039279,5.107321170406067,20.25320221096488,24.54101515833124,7.501765719569056,6.37102112502849,-2.252094947742286,5.427951783245774,-4.287812947366362,1.130744594540566,-7.68004673098806,0.0,0.4243762057668842,-0.4243762057668842,0.3271165415068745,1.4197249508527303,3.646261994746145,-1.2258404305719068,-8.906133460625597,-9.584973897231187,9.49359557807024,5.40493013447961,-1.106880399696096,0.43494623474500216,1.5,1.5,0.25,0.75,1.5,4.5,0.25,0.425,0.25,0.425,-4.333333333333333,-0.7749999999999999,-4.333333333333333,-0.7749999999999999,-1.8430586042017012,0.23880169703181764,0.0,1.0,0.5,0.0,0.0,-7.0,0.0,0.5,0.0,0.5,0.0,0.0,0.0,0.25,0.0,0.25
8,2,,TT,RS,TD,CH,10,21,-11,0,1496.6188693057843,1494.222286712436,2.3965825933482847,2.3965825933482847,0.5013795803374771,1496.6748562312846,1502.4925131506664,1496.562882380284,1485.9520602742057,0.11197385100058455,16.540452876460677,0.05598692550029227,8.270226438230338,1501.7261904761904,1501.246256575333,5.107321170406067,7.023969862897047,23.022952102510324,20.181441335361246,7.034908281727425,6.244896216107126,1.9182272573280486,1.4467526870398686,2.841510767149078,0.7900120656202994,0.47147457028817996,0.2072890493972125,0.20786985482077452,-0.0005808054235620363,0.24188627788300548,1.7161468189145468,3.1741486000147097,-2.4937128255808148,-2.4937128255808148,-10.438293730685473,0.2749487244892599,12.059682468136373,-0.5815153168466249,-0.2592576024564792,2.0,2.0,0.5,0.3333333333333333,3.0,4.5,0.2,0.3,0.2,0.3,-4.7,-4.25,-4.7,-4.25,-0.7503745541741864,-0.6502284093390927,0.0,1.0,0.5,0.0,0.0,-10.0,0.0,0.5,0.0,0.5,0.5,0.0,0.0,0.5,0.0,0.5
9,2,,TD,SY,CH,TT,16,21,-5,0,1498.5204725520687,1499.5836846909756,-1.0632121389069198,1.0632121389069198,0.49938796620024445,1507.2688499321223,1506.3125480484757,1489.772095172015,1492.8548213334752,17.49675476010725,13.45772671500049,8.748377380053626,6.728863357500245,1503.634424966061,1504.8824645004283,5.113952413992365,5.298779809452753,22.621279793404288,24.60360934608596,5.962381015996881,5.857260959464989,4.734136745413647,7.0318264676909905,-1.9823295526816729,0.10512005653189149,-2.297689722277344,0.2121881028834421,0.30393492741038725,-0.09174682452694516,0.2498735606790721,4.268832593007867,3.202437127993665,-6.408057582094443,-8.534481859908283,-9.837312422780194,11.550474640255345,8.156189499456413,1.7694808578545,0.4944719604843044,3.5,3.5,0.4583333333333333,0.5833333333333333,5.5,6.0,0.43333333333333335,0.5,0.5,0.5,-0.7166666666666666,-0.5833333333333334,0.40000000000000036,-0.7000000000000002,2.9328079317032234,1.3538731588364499,0.0,0.0,0.5,0.5,0.0,0.0,0.0,0.5,0.0,0.5,0.6666666666666666,0.5,0.5,0.5833333333333333,0.5,0.08333333333333326
10,2,,TD,TT,RS,SY,20,22,-2,0,1491.313458252745,1498.460124050012,-7.146665797266905,7.146665797266905,0.49588614130110037,1495.946270648048,1504.1774006175494,1486.6806458574422,1492.7428474824746,9.265624790605898,11.434553135074793,4.632812395302949,5.717276567537397,1501.7261904761904,1503.634424966061,10.412732223445346,5.174300916049106,18.670652318411047,22.880607854489874,5.670915612564298,6.347986692605266,1.6579054807181528,3.836647776674077,-4.2099555360788266,-0.6770710800409683,-2.1787422959559244,0.32438186696393767,0.18042195912175804,0.14395990784217963,0.13048536145623746,2.259847158945431,2.775672069391036,2.111146568930508,-12.182185025603303,-7.808946769090738,6.793536271343681,7.961622340615531,-0.24119984064149147,-0.7205294587668458,4.5,4.5,0.475,0.35714285714285715,6.5,4.5,0.2976190476190476,0.2857142857142857,0.30000000000000004,0.4,-3.261904761904762,-3.75,-3.2,-1.85,-0.8299280360544117,-0.054618001845597064,1.0,0.0,0.0,0.5,-14.0,0.0,0.0,0.5,0.0,0.0,0.5,0.5,1.0,0.25,0.75,-0.5
11,2,,CH,TD,SY,RS,18,21,-3,0,1496.6845381281114,1501.17569101428,-4.491152886168493,4.491152886168493,0.4974147076180755,1509.4039973630486,1506.8929675818174,1483.9650788931742,1495.4584144467426,25.438918469874352,11.434553135074793,12.719459234937176,5.717276567537397,1504.7019986815244,1503.634424966061,8.017460553413002,2.4587339517811415,22.184662460855023,24.193219921293966,5.492754989542564,6.036219605139658,5.706397492227332,6.0845611058749896,-2.0085574604389436,-0.5434646155970944,-0.3781636136476578,0.20825317547305483,0.4212944058231832,-0.2130412303501284,0.15495431222956618,3.611103025864959,2.1640147279037674,-1.2839648676001616,-10.266270639937147,-9.520417134243278,15.908609416269682,7.379510666126013,1.3730776615247775,0.15105391944559976,5.0,5.0,0.40476190476190477,0.5952380952380952,7.0,5.5,0.4285714285714286,0.47916666666666663,0.5,0.5666666666666667,-1.0,-1.8333333333333335,0.40000000000000013,-0.7333333333333334,1.8950589952042947,1.5296960384268914,2.0,1.0,0.5,1.0,1.0,2.0,0.0,0.5,0.0,0.6666666666666666,0.0,0.5,0.5,0.3333333333333333,0.5,-0.16666666666666669
12,2,,CH,RS,TD,SY,17,21,-4,0,1502.4312059048957,1495.4290232374958,7.002182667399893,7.002182667399893,0.50403069304089,1506.561627605231,1509.735337339635,1498.3007842045602,1481.1227091353567,8.260843400670865,28.61262820427828,4.130421700335432,14.30631410213914,1504.7019986815244,1504.8676686698175,2.2707927766286957,9.438645432321664,25.626094308008234,21.043847746366673,5.743633680995646,5.2215974923338155,8.395193265021298,5.379055269365226,4.582246561641561,0.5220361886618301,3.016137995656072,0.3738949599936575,0.25225881209433404,0.12163614789932348,0.0525449593827777,2.9255258418281818,2.5257332966114663,1.5509235289603112,1.5509235289603112,-6.382984611687899,6.357660345086906,16.27087216937572,1.129775736577896,-0.2535494157353293,5.0,5.0,0.5833333333333333,0.4583333333333333,6.0,8.5,0.5625,0.3958333333333333,0.65,0.5,-0.9375,-1.0069444444444444,1.15,1.5000000000000002,2.236733926856232,-0.5108644740764703,0.0,1.0,0.5,0.0,0.0,-5.0,0.0,0.5,0.0,0.5,0.0,0.5,1.0,0.25,0.75,-0.5
13,3,,CH,SY,TT,TD,21,15,6,1,1508.148482472433,1488.6767977579043,19.471684714528692,19.471684714528692,0.5112069254594893,1512.735520036307,1493.2307036837801,1503.561444908559,1484.1228918320287,9.174075127747983,9.107811851751421,4.5870375638739915,4.553905925875711,1511.0697586996778,1501.7261904761904,2.921276227244789,13.049392718286072,28.959439241128926,18.23447837006936,4.940101201764742,5.193554841227345,14.1391356358347,2.653813846387326,10.724960871059565,-0.25345363946260324,11.485321789447374,0.3074038962135978,0.32979112230288365,-0.02238722608928584,0.2478835726528632,2.6620276954150603,2.2516916902181983,14.557965328895534,14.557965328895534,0.5913048280674786,5.388285760054369,5.614681088706549,0.551844039050513,-0.09747807161469524,9.0,9.0,0.775,0.2375,9.5,8.5,0.6277777777777778,0.2986111111111111,0.7,0.4,1.65,-2.548611111111111,3.5,-0.8999999999999999,1.2342618140918376,-1.0839833819128444,3.0,2.0,0.6666666666666666,0.0,8.0,-16.0,1.0,1.0,14.0,0.4,0.5,0.0,0.0,0.45,0.0,0.45
14,3,,TD,CH,TT,SY,18,21,-3,0,1493.8421683702938,1502.9831118600437,-9.140943489749816,9.140943489749816,0.4947382441955394,1506.7036861020338,1515.8777612297818,1480.980650638554,1490.0884624903053,25.723035463479846,25.789298739476408,12.861517731739923,12.894649369738204,1504.7019986815244,1509.6650710910812,10.859830311230553,6.681959231037581,20.846968141840463,26.324806989348986,4.891247091882052,5.096128852553177,6.173226866194307,11.036420431689455,-5.477838847508522,-0.20488176067112462,-4.863193565495148,0.3019063573814726,0.33618526583892716,-0.03427890845745457,0.13290347448042672,1.9899364041307461,3.2488614911451483,3.90214559447395,-14.379741385025682,-4.509537096926707,11.252937167673924,11.064418066433959,-0.4954938394588062,0.8226015253808416,9.5,9.5,0.3277777777777778,0.6420454545454546,10.0,10.0,0.4,0.5303030303030303,0.4,0.6000000000000001,-1.0,0.15151515151515138,0.30000000000000004,0.4,-1.0993596680963265,1.1617017408450465,3.0,2.0,0.3333333333333333,0.5,-2.0,1.0,0.0,0.5,0.0,0.0,1.0,0.0,1.0,0.5,0.5,0.0
15,3,,RS,CH,TT,SY,15,21,-6,0,1499.5886059644022,1505.8101875411608,-6.221581576758581,6.221581576758581,0.4964186310006715,1503.8766104209164,1518.704836910899,1495.3006015078881,1492.9155381714227,8.576008913028318,25.789298739476408,4.288004456514159,12.894649369738204,1504.7019986815244,1511.07860893164,5.113392717122224,5.268421390479261,22.366062790954587,27.024859043212636,5.238164581878513,4.9299182688710825,6.651569045319048,12.235104236599389,-4.65879625225805,0.3082463130074302,-5.58353519128034,0.41960731106200866,0.3262439552261806,0.09336335583582805,0.26945147454465224,1.9763018364008187,3.0335004639578376,1.211779276399966,-11.231383877117196,-5.509286598491549,6.923505273844327,10.92717899886718,-1.7490125556827554,1.1198663195572198,7.5,7.5,0.3522727272727273,0.6160714285714286,8.0,11.0,0.4727272727272727,0.575,0.4,0.7,-1.2545454545454546,0.43333333333333324,-1.7,0.7,-1.258683677771387,2.911965598613733,1.0,3.0,0.0,0.6666666666666666,-4.0,4.0,0.0,0.5,0.0,0.0,0.5,0.3333333333333333,1.0,0.25,0.6666666666666666,-0.41666666666666663
16,3,,RS,SY,TT,CH,18,21,-3,0,1507.0027192093935,1498.3960742961694,8.606644913224045,8.606644913224045,0.5049542209293734,1521.8960995387606,1500.685347793055,1492.1093388800266,1496.1068007992842,29.78676065873401,4.578546993770715,14.893380329367005,2.2892734968853574,1510.9480497693803,1506.4281891577148,3.9453305599868145,8.032114861545324,25.53166902296701,23.756333746376505,5.018837890743218,4.791915582892059,10.475155350737353,9.380586997700327,1.7753352765905035,0.22692230785115886,1.094568353037026,0.3100477856154582,0.4360247077721271,-0.1259769221566689,0.3946919926144161,3.246915689126867,2.222360350052135,3.1373688740450234,3.1373688740450234,-8.035418197044773,15.28675512352785,2.7408555761822697,-0.1679813895597011,-0.2783909892612133,8.0,8.0,0.5636363636363637,0.375,9.5,11.5,0.5512820512820513,0.4772727272727273,0.7,0.4,-0.5384615384615385,-0.2954545454545454,0.6000000000000001,-0.4,1.7165650516861888,-0.5715749660939764,2.0,1.0,1.0,1.0,5.0,5.0,0.0,0.5,0.0,0.0,0.6,0.5,0.5,0.3,0.5,-0.2
17,3,,RS,TT,CH,SY,18,21,-3,0,1494.1080698396554,1511.2907236659078,-17.182653826252363,17.182653826252363,0.49011015941643,1498.9922534903092,1519.0106468477356,1489.2238861890016,1503.5708004840799,9.768367301307535,15.43984636365576,4.8841836506537675,7.71992318182788,1501.7261904761904,1515.6500484509047,7.618120636534968,4.359324784996943,19.938955078785526,29.166551049562976,4.915075304525979,4.383370040123065,5.193729165207587,16.01644092919378,-9.22759597077745,0.5317052644029143,-10.822711763986193,0.3772613149536346,0.28389562440617117,0.09336569054746341,0.07481012454224167,3.0777568976239045,2.507095778860592,11.597801149767974,-22.76750650273675,-0.07084937387159229,8.658264484935874,4.8431882624960565,-0.6013282081266116,0.04650050762809599,9.5,9.5,0.3141025641025641,0.6333333333333333,9.5,13.5,0.39285714285714285,0.6263736263736264,0.5,0.6000000000000001,-2.303571428571429,1.5961538461538463,-0.4,1.2000000000000002,-0.06460854667670901,0.6284482386950003,1.0,4.0,0.0,0.75,-11.0,14.0,0.0,0.5,0.0,0.0,0.0,1.0,1.0,0.0,1.0,-1.0
18,3,,RS,TT,CH,TD,15,21,-6,0,1491.3074403572757,1492.262502461948,-0.9550621046723791,0.9550621046723791,0.4994502222802892,1496.1916240079295,1506.3714299664596,1486.423256706622,1478.1535749574366,9.768367301307535,28.21785500902297,4.8841836506537675,14.108927504511485,1501.7261904761904,1504.7019986815244,10.418750118914659,12.439496219576313,19.659588541887306,20.774074020401553,4.825641886819861,4.538512873267237,5.1826628814277225,7.158535400599842,-1.114485478514247,0.2871290135526241,-1.9758725191721194,0.3772613149536346,0.3051828452868319,0.07207846966680265,0.10541063665714234,3.6422066441041676,2.196596419261163,-4.883740958692897,-6.793865168037655,-8.249669281572853,8.70468493150679,12.389338727579018,-0.6580841031369307,0.42332147587570557,10.0,10.0,0.4375,0.5208333333333333,10.5,12.5,0.3557692307692308,0.37662337662337664,0.4,0.4,-2.3365384615384617,-1.2987012987012987,-1.0,-0.7,-2.2578142874592686,-0.6927755603612695,2.0,4.0,0.0,0.25,-14.0,-5.0,1.0,0.0,-11.0,0.0,0.0,1.0,0.0,0.0,0.5,-0.5
19,4,,FZ,TT,CH,RS,21,12,9,1,1498.6356993810834,1496.3973433365409,2.23835604454257,2.23835604454257,0.5012884984629641,1504.290526183182,1509.5821813954042,1492.9808725789849,1483.2125052776773,11.309653604197138,26.36967611772684,5.654826802098569,13.18483805886342,1503.8714535677814,1504.7910906977022,5.235754186697932,8.393747361161331,25.344129785289564,20.963487656768592,5.612389342649357,4.478218507885205,8.506961757341493,7.528832133112978,4.380642128520972,1.1341708347641521,0.9781296242285151,0.4686260080517439,0.3382447615940596,0.13038124645768434,0.5152739856476847,1.9253249985489713,3.6060419529549206,-3.293010906961399,-3.293010906961399,-5.709965722013592,5.0198299050966355,14.077317206258185,0.450164222705439,-0.4670046538388659,7.5,7.5,0.4807692307692308,0.4431818181818182,8.5,12.0,0.5476190476190476,0.4111111111111111,0.6333333333333333,0.3,1.8571428571428572,-1.4,2.8,-1.9000000000000001,-0.4506179481287518,-0.638252525572284,1.0,2.0,0.0,0.0,-2.0,-10.0,0.0,0.5,0.0,0.5,0.0,1.0,1.0,0.25,1.0,-0.75
20,4,,RS,FZ,TT,SY,14,21,-7,0,1493.7515157304297,1509.1771869600395,-15.425671229609861,15.425671229609861,0.49112120327754205,1507.8527511941609,1521.8112763301153,1479.6502802666985,1496.5430975899637,28.2024709274624,25.268178740151598,14.1012354637312,12.634089370075799,1503.9263755970806,1512.6742402455707,10.174859866650877,3.4970532855311376,21.266309506652977,27.64116340200229,5.490297417569241,4.312537399122465,4.795417253945253,14.703551204634898,-6.374853895349315,1.1777600184467767,-9.908133950689646,0.2621886974951644,0.2912937802896486,-0.029105082794484205,0.14308038883481955,3.4893578511356167,2.075555849711118,9.860757528763315,-20.990584930456407,-3.4279809213423924,16.162479301604236,8.333708562522208,-0.03452858850401164,-0.14794882346565785,5.5,5.5,0.5555555555555556,0.7333333333333334,7.0,15.0,0.475,0.6,0.375,0.7,0.75,0.9666666666666666,0.2999999999999998,2.4,-1.3177112191574452,1.365660027663239,0.0,4.0,0.5,0.75,0.0,10.0,0.0,0.5,0.0,0.0,0.5,0.6,1.0,0.25,0.8,-0.55
21,4,,RS,SY,CH,TT,17,21,-4,0,1500.730778298407,1502.9185976647864,-2.187819366379472,2.187819366379472,0.49874059259861947,1525.085417685299,1506.0199563844253,1476.3761389115148,1499.8172389451474,48.70927877378426,6.202717439277876,24.35463938689213,3.101358719638938,1512.5427088426495,1506.5172811738926,11.811930544242614,3.598683509106195,22.46366341425507,25.666206815735407,4.364623395557615,4.158399061309682,9.369793227582225,13.191009631806361,-3.2025434014803373,0.20622433424793307,-3.8212164042241366,0.21606449097327238,0.40554761261665806,-0.18948312164338568,0.328087990516177,3.4579796866827617,2.689440298931202,-3.9596006192346067,-8.33523935199355,-5.320479055386958,19.528073021651984,3.536329221141788,-0.7377318499352858,0.38985041466353465,12.5,12.5,0.41233766233766234,0.5576923076923077,13.5,16.0,0.46590909090909094,0.53125,0.4,0.6,-0.9573863636363638,0.21875,-1.1999999999999997,0.7,-1.408656168025459,1.8431174012105203,3.0,2.0,0.6666666666666666,1.0,2.0,8.0,1.0,0.0,-3.0,0.0,0.5,0.75,0.6666666666666666,0.25,0.7083333333333333,-0.45833333333333326
22,4,,TT,FZ,CH,SY,21,14,7,1,1503.682271393844,1515.5526870348622,-11.870415641018099,11.870415641018099,0.4931672648485543,1504.5786098389772,1522.1167236817357,1502.7859329487108,1508.9886503879886,1.7926768902664207,13.128073293747093,0.8963384451332104,6.5640366468735465,1505.652566073271,1517.3337995403517,1.9702946794268428,1.7811125054895456,26.533648314696077,29.80901880235148,5.0791187742197135,4.020912081568984,11.296291992036936,17.74628255764453,-3.2753704876554046,1.0582066926507299,-6.449990565607594,0.4189294677172174,0.2908607914449797,0.12806867627223767,0.2901237241725316,2.844477370399302,2.0505877442799245,6.975350526338843,-16.765480755697354,-5.824660368133291,3.7975438524365828,3.377169937647217,0.8376192016541015,0.05230230562154681,11.5,11.5,0.5222222222222221,0.5192307692307692,11.0,17.0,0.5647058823529412,0.6470588235294118,0.6,0.7,1.7588235294117647,1.588235294117647,2.8,1.6,2.786693628804983,1.1073687646617145,2.0,5.0,0.5,0.8,7.0,17.0,0.0,0.5,0.0,0.3333333333333333,0.0,0.8,1.0,0.16666666666666666,0.9,-0.7333333333333334
23,4,,FZ,CH,RS,TT,21,14,7,1,1506.783630113483,1489.7861313788358,16.99749873464725,16.99749873464725,0.5097832979969152,1507.9574947399867,1506.1648178497203,1505.609765486979,1473.4074449079515,2.3477292530076284,32.757372941768836,1.1738646265038142,16.378686470884418,1508.7698380676954,1503.0824089248601,1.986207954212432,13.296277546024385,29.25536905184496,19.029179835134386,4.661162662932653,4.140982168461208,15.271881063047001,6.606233329750761,10.226189216710573,0.520180494471445,8.66564773329624,0.39432871346775955,0.31227747971714226,0.08205123375061729,0.3134174857000429,2.1794365455976563,4.631987519925065,10.186074669124537,10.186074669124537,1.4240443853167122,5.193425272475398,14.336618340118218,1.310657027228551,0.22752242448970073,10.0,10.0,0.6568627450980392,0.30219780219780223,12.0,15.0,0.6111111111111112,0.3611111111111111,0.6,0.4,2.1666666666666665,-2.0833333333333335,1.4,-0.7999999999999998,0.5996520035223512,0.049972780536791106,0.0,3.0,0.5,0.0,0.0,-20.0,0.0,0.5,0.0,1.0,0.3333333333333333,1.0,0.75,0.6666666666666666,0.875,-0.20833333333333337
24,5,,AC,SY,CH,FZ,17,21,-4,0,1509.368919390363,1510.05174146017,-0.682822069806889,0.682822069806889,0.49960693610119467,1518.7378387807262,1511.225606086674,1500.0,1508.8778768336663,18.73783878072618,2.3477292530076284,9.36891939036309,1.1738646265038142,1512.5427088426495,1510.4038937410392,3.173789452286428,0.35215228086917705,27.474157673955844,29.44421465208136,6.124707462997817,4.5930275413682535,9.100035284962395,15.6651320279766,-1.9700569781255162,1.5316799216295633,-6.565096743014205,0.09510228411791403,0.3823531111136059,-0.2872508269956919,0.24895346028893156,1.1629685595311468,2.1036553181001842,-2.583801807824557,-3.9494459474383348,-8.747678026240557,4.948315347911684,5.326422427385872,-0.7328205168683795,0.7852013457021751,5.5,5.5,0.5227272727272727,0.5208333333333333,9.0,13.0,0.5833333333333333,0.6466165413533835,0.45,0.7,0.9444444444444444,2.556390977443609,-0.4,2.7,-1.3072709421981017,2.55339960702554,0.0,1.0,0.5,1.0,0.0,7.0,0.0,0.5,0.0,0.5,0.42857142857142855,0.6666666666666666,0.5,0.4642857142857143,0.5833333333333333,-0.11904761904761896
25,5,,AC,CH,FZ,SY,10,21,-11,0,1504.438938416833,1514.9817224337,-10.542784016867017,10.542784016867017,0.49393138369154416,1511.8517276437924,1515.7639879706,1497.0261491898739,1514.1994568968,14.825578453918524,1.5645310738000262,7.412789226959262,0.7822655369000131,1505.9258638218962,1519.6424372910496,1.4869254050631753,4.660714857349603,24.657964605165247,31.338300833164087,5.576595562946262,4.50143828289431,7.928177916326462,17.833985984481156,-6.68033622799884,1.0751572800519522,-9.905808068154695,0.1879880479520959,0.3500197934517534,-0.1620317454996575,0.2787979175306685,1.1369760036365826,3.232209293028569,6.1735987202018805,-14.911969313532154,-3.3976976178417324,5.523680850892141,4.1513372881012955,0.06847550086154008,0.34852929856550396,7.0,7.0,0.19230769230769232,0.6777777777777778,10.5,13.5,0.3,0.6907894736842105,0.3,0.6000000000000001,-1.575,2.9769736842105265,-2.1,1.5,1.79106614821103,0.04880611319254058,0.0,1.0,0.5,1.0,0.0,10.0,0.0,0.5,0.0,0.0,0.5,0.6666666666666666,0.875,0.25,0.7708333333333333,-0.5208333333333333
26,5,,AC,CH,FZ,TT,16,21,-5,0,1500.675651683945,1510.4297250663606,-9.754073382415527,9.754073382415527,0.4943853400247092,1508.0884409109044,1517.962743629688,1493.2628624569859,1502.896706503033,14.825578453918524,15.06603712665492,7.412789226959262,7.53301856332746,1505.9258638218962,1512.0637807397043,5.250212137951166,1.6340556733437097,23.91178357533215,30.029233098382356,5.330992835042521,4.462108600044815,7.91880507020459,16.64290729824791,-6.117449523050205,0.8688842349977053,-8.72410222804332,0.2106032798809141,0.4066425428786522,-0.1960392629977381,0.26041656637795363,1.9400840230482945,3.958226062133731,3.8557632972335796,-15.652383467597474,-3.6756519120371323,6.425022100259522,7.923604041921973,-0.34748493525792234,1.6223250795495847,9.5,9.5,0.23529411764705882,0.6369047619047619,11.5,14.0,0.2857142857142857,0.652046783625731,0.3,0.8,-3.607142857142857,2.608187134502924,-4.05,4.2,-1.238247354102782,4.016554563490445,1.0,3.0,0.0,0.6666666666666666,-11.0,14.0,0.0,0.5,0.0,0.0,0.4,0.75,0.6,0.2,0.675,-0.47500000000000003
27,5,,CH,SY,AC,FZ,20,22,-2,0,1512.2776174690246,1505.612803043337,6.664814425687609,6.664814425687609,0.5038365002921413,1519.527274703488,1521.0232243060314,1505.027960234561,1490.2023817806426,14.499314468926968,30.820842525388798,7.249657234463484,15.410421262694399,1518.4685726645457,1510.5116121530157,6.1909551955211555,4.898809109678723,28.19240353721598,27.0601206014989,3.6835844669659132,5.747153261014235,17.14165013631824,9.818660818456195,1.132282935717079,-2.063568794048322,7.322989317862046,0.36625801017115744,0.19364916731037085,0.1726088428607866,0.2408005262156207,2.804770318745332,3.720823234569151,0.1392208723730164,0.1392208723730164,-8.298454792263069,2.772827639563424,15.070206034164613,-0.5380782445622305,0.11074464304291709,6.0,6.0,0.34285714285714286,0.4,21.0,6.5,0.5977272727272727,0.4,0.4,0.5,1.0477272727272726,-0.7833333333333337,-0.8999999999999999,0.06666666666666643,-1.791083924150712,1.6273849061685723,6.0,0.0,0.6666666666666666,0.5,10.0,0.0,0.0,0.5,0.0,0.5,0.375,0.5,1.0,0.4375,0.75,-0.3125
28,5,,CH,FZ,AC,SY,19,21,-2,0,1513.0255922702963,1504.8648282420654,8.160764028230915,8.160764028230915,0.5046975751758713,1523.7823289504884,1516.768170059031,1502.268855590104,1492.9614864250996,21.513473360384296,23.80668363393147,10.756736680192148,11.903341816965735,1517.8170282971405,1512.5427088426495,4.791436026844167,7.677880600584103,31.090122025180584,25.602753628417723,4.069568742097996,4.825043200194416,18.881415798886596,11.127624027834475,5.487368396762861,-0.7554744580964199,7.753791771052121,0.3926886581879335,0.39009743027050137,0.0025912279174321595,0.2597515800311623,3.9085365982927724,2.323994450757027,1.9282329791810753,1.9282329791810753,-3.4072435455295498,10.41294197205627,5.922258328065187,0.6482229308635201,0.12237363843749094,10.0,10.0,0.6458333333333334,0.33333333333333337,17.0,12.5,0.6699604743083004,0.43452380952380953,0.7,0.225,2.3873517786561265,-1.3214285714285714,2.2,-2.85,0.5947701620252701,-1.1081812590681466,2.0,1.0,1.0,0.0,11.0,-4.0,0.0,0.5,0.0,0.42857142857142855,0.5,1.0,0.8888888888888888,0.4642857142857143,0.9444444444444444,-0.4801587301587301
29,5,,AC,FZ,CH,SY,19,21,-2,0,1508.371907687794,1509.5185128245676,-1.1466051367735872,1.1466051367735872,0.4993399614095243,1521.0185088959538,1519.5319901135656,1495.7253064796341,1499.5050355355695,25.293202416319673,20.026954577996094,12.646601208159836,10.013477288998047,1511.8911644752443,1518.4685726645457,3.519256787450331,8.950059839978167,30.3036151705219,27.290881227231626,4.890686766555701,3.4604828020472986,15.631554870854798,16.90943282108973,3.012733943290275,1.4302039645084026,-1.2778779502349327,0.38158153883166257,0.28816315481611954,0.09341838401554303,0.5010403122364997,2.8177705068449,2.9280360926249713,-4.599201462696328,-6.892411736243503,-5.3384356253127265,6.976349565018456,5.665826942236961,1.9370061384103892,-0.6260338281280049,9.0,9.0,0.6846153846153846,0.2875,8.5,23.0,0.575,0.5681818181818181,0.6000000000000001,0.30000000000000004,0.5249999999999999,0.8693181818181818,0.3999999999999999,-1.6,1.655462786674093,-2.188615329666618,1.0,7.0,1.0,0.5714285714285714,2.0,8.0,0.0,0.5,0.0,0.0,0.3333333333333333,0.7142857142857143,0.9,0.16666666666666666,0.8071428571428572,-0.6404761904761905
30,6,,NS,SY,TT,FZ,21,15,6,1,1514.5123913514365,1512.120607667139,2.3917836842974793,2.3917836842974793,0.5013768178843548,1522.2664708546179,1518.2840281549015,1506.758311848255,1505.9571871793764,15.508159006362803,12.326840975525101,7.754079503181401,6.163420487762551,1517.3014003991102,1514.9735734001042,2.789009047673744,2.852965732965231,30.406511010000507,29.190027632335372,4.9202279022321385,3.9908361600995192,15.645827303304092,17.217519152036814,1.216483377665135,0.9293917421326192,-1.5716918487327227,0.3107181764010681,0.3851005961249638,-0.0743824197238957,0.03446251146956225,2.223911641299541,2.2378164754206304,-2.0699444324227443,-2.0699444324227443,-7.694580684666523,1.836989181190372,5.520374791400272,0.4320953969292436,-0.5952259319738573,9.5,9.5,0.71875,0.4772727272727273,13.5,16.5,0.7010869565217391,0.6211538461538462,0.675,0.7,2.8097826086956523,2.0596153846153844,2.775,3.0,1.8132062679025012,0.15133593083385222,0.0,4.0,0.5,0.75,0.0,19.0,0.0,0.5,0.0,1.0,0.3333333333333333,0.6666666666666666,1.0,0.6666666666666666,0.8333333333333333,-0.16666666666666663
31,6,,AC,SY,FZ,NS,13,21,-8,0,1509.2313656676858,1512.5211700015784,-3.2898043338925618,3.2898043338925618,0.49810624545100096,1525.4719055967898,1515.0785934127296,1492.9908257385819,1509.963746590427,32.48107985820798,5.114846822302525,16.24053992910399,2.5574234111512624,1512.735952798395,1516.8730377704578,3.5045871307090692,4.351867768879401,27.982689089995066,31.373552168885126,4.161847486483085,4.953821828255967,15.497146630545812,16.512086684117225,-3.3908630788900602,-0.7919743417728826,-1.0149400535714133,0.22400730125277113,0.3695354946629681,-0.14552819341019696,0.28928509635544203,2.3487098338318133,2.643546458048017,-1.7024519579872504,-8.282060625772374,-5.724806235848995,7.959705091121137,0.7292675701938762,1.4588657309549937,-0.6357423054339861,7.5,7.5,0.3522727272727273,0.625,15.0,9.5,0.5,0.7214285714285715,0.6000000000000001,0.6000000000000001,-0.47916666666666674,3.635714285714286,0.5,1.8,2.360498246842212,-1.0445896001978099,2.0,1.0,0.5,1.0,-2.0,7.0,0.0,0.5,0.0,0.0,0.4,0.8,0.5,0.2,0.65,-0.45
32,6,,FZ,CH,NS,SY,21,15,6,1,1510.3787073587328,1517.7178260936084,-7.339118734875683,7.339118734875683,0.4957753641881661,1518.5178984408435,1522.032600568676,1502.2395162766218,1513.403051618541,16.27838216422174,8.629548950134904,8.13919108211087,4.314774475067452,1517.8170282971405,1519.4374786076655,7.438320938407742,1.7196525140570884,28.600315189697085,32.30987452116703,3.5985373722226344,4.41850261430496,17.80470307302918,19.05436667825215,-3.709559331469947,-0.8199652420823256,-1.2496636052229704,0.36301443056932403,0.32059412165139206,0.04242030891793197,0.08697806037476574,2.914231053606927,2.6853081780734858,1.739579503195273,-12.938657966556093,-4.307480655057649,6.074839796692292,1.5661025202152281,-0.8516897996648662,1.2027285245763704,12.0,12.0,0.4195804195804196,0.65,20.0,15.5,0.5933333333333333,0.7366666666666667,0.30000000000000004,0.7,1.68,3.2366666666666664,-1.8,2.1,-1.002409281535165,2.4685540779587427,3.0,1.0,0.6666666666666666,1.0,9.0,6.0,0.0,0.5,0.0,1.0,0.3333333333333333,0.5,0.9090909090909091,0.6666666666666666,0.7045454545454546,-0.037878787878787956
33,6,,FZ,CH,TT,SY,21,9,12,1,1513.6201514460945,1510.7714544592593,2.8486969868351935,2.8486969868351935,0.5016398359245543,1521.7593425282053,1518.7911564813141,1505.4809603639835,1502.7517524372045,16.27838216422174,16.039404044109688,8.13919108211087,8.019702022054844,1517.8170282971405,1515.818361723255,4.1968768510459995,5.046907263995763,29.982296647302526,28.00795340282421,3.4662320128132427,3.452187580911568,19.5836006088628,17.651390660089504,1.974343244478316,0.014044431901674592,1.9322099487732949,0.36718886786180793,0.31520154756552254,0.05198732029628539,0.11632931642830618,2.263839953302827,1.9757251328357492,-1.3908680993033613,-1.3908680993033613,-4.944076349246494,6.5494354389942195,4.755598484931809,0.8759210921471379,-0.4204174680695072,19.0,19.0,0.5476923076923077,0.46875,21.0,23.5,0.6129807692307692,0.5695970695970696,0.4,0.6,1.8774038461538463,0.696886446886447,0.30000000000000004,-0.10000000000000003,2.7020815027470917,-2.0935975940413982,4.0,5.0,0.75,0.8,15.0,17.0,0.0,0.5,0.0,1.0,0.42857142857142855,0.5714285714285714,0.8333333333333334,0.7142857142857143,0.7023809523809523,0.011904761904761973
34,6,,NS,FZ,AC,TT,21,15,6,1,1517.9183185314173,1494.1937930721112,23.72452545930605,23.72452545930605,0.5136535394379729,1525.6750295316551,1498.8360654337546,1510.1616075311792,1489.551520710468,15.513422000475884,9.284544723286672,7.756711000237942,4.642272361643336,1519.5390405750982,1503.0824089248601,1.6207220436808711,8.888615852748899,31.916849018005895,23.961182284342375,4.341610206193281,4.189247168095421,18.89201839942605,11.39344078005611,7.95566673366352,0.15236303809786023,7.498577619369939,0.37260262647673315,0.31068819480959164,0.0619144316671415,0.23352019723605166,2.8537149865540408,2.4442758992634985,18.426534573488652,18.426534573488652,-0.5751906406251805,4.18349498758419,1.8534795364318057,0.023841422917287858,-0.5620375186118292,6.5,6.5,0.8888888888888888,0.15476190476190477,12.0,14.5,0.7100840336134454,0.39285714285714285,0.6,0.4,3.672268907563025,-2.107142857142857,2.6,-2.4000000000000004,3.006419254451316,-3.610011981640241,2.0,0.0,1.0,0.5,15.0,0.0,0.0,0.5,0.0,1.0,0.25,1.0,0.6666666666666666,0.625,0.8333333333333333,-0.20833333333333326
35,6,,AC,FZ,CH,NS,21,19,2,1,1507.6132751210616,1511.3423839296843,-3.729108808622641,3.729108808622641,0.49785336560095816,1528.801542492411,1513.2881204919352,1486.425007749712,1509.3966473674334,42.37653474269905,3.891473124501772,21.188267371349525,1.945736562250886,1514.4007712462055,1512.6273896311668,6.787496125143889,1.2850057014825325,28.44738758543354,28.734211979287814,4.124970246046158,4.026110595684655,16.072476847295064,16.65588019223385,-0.2868243938542747,0.09885965036150335,-0.5834033449387874,0.280855801949788,0.3982545004250232,-0.11739869847523521,0.1605848563154707,4.0566705256725015,2.9260199879626096,-3.2535817050124933,-10.711799322257775,-7.864256447876542,11.521110903455376,2.961949770290797,0.11724924200805198,0.3117373141004709,8.5,8.5,0.48484848484848486,0.5666666666666667,13.0,17.5,0.4861111111111111,0.6527777777777778,0.6000000000000001,0.6,0.08333333333333348,2.127314814814815,1.4000000000000001,2.8,0.8646197701273195,4.095798608279324,2.0,1.0,0.5,1.0,0.0,2.0,0.0,0.5,0.0,0.0,0.4,0.75,0.6666666666666666,0.2,0.7083333333333333,-0.5083333333333333
36,7,,AC,FZ,CH,NS,15,21,-6,0,1510.3631257380089,1508.592533312737,1.7705924252718432,1.7705924252718432,0.5010192335192897,1531.5513931093583,1510.538269874988,1489.1748583666592,1506.6467967504861,42.37653474269905,3.891473124501772,21.188267371349525,1.945736562250886,1515.7756965546791,1512.6273896311668,5.412570816670268,4.0348563184297745,29.66945281257382,27.531590681852286,3.9485625557881043,3.845877789581562,17.823765145209506,15.9939573131076,2.1378621307215333,0.10268476620654221,1.8298078321019062,0.30752326242178796,0.3624651049597216,-0.05494184253793366,0.20651179635985661,3.963848938019942,2.4957373334867854,-4.688993846235007,-4.688993846235007,-5.656578214648132,10.880745569492724,1.925235968498317,0.7704781914508949,-0.8600353738497386,10.5,10.5,0.5961538461538461,0.42857142857142855,14.0,18.5,0.5350877192982456,0.6011904761904762,0.7,0.6,0.35964912280701733,1.7678571428571428,2.2,2.8,2.3458532232560856,0.5301580726205657,3.0,2.0,0.6666666666666666,0.5,2.0,0.0,1.0,1.0,2.0,0.16666666666666666,0.5,0.6666666666666666,0.5,0.3333333333333333,0.5833333333333333,-0.24999999999999994
37,7,,FZ,CH,AC,NS,21,14,7,1,1519.099094929922,1499.8565641208236,19.242530809098525,19.242530809098525,0.5110750793610818,1528.3305551795913,1513.7591078047549,1509.867634680253,1485.9540204368923,18.462920499338225,27.805087367862598,9.231460249669112,13.902543683931299,1521.7015603765753,1506.8795539023774,2.602465446653241,7.022989781553861,30.713389973580064,26.45225763882921,3.1606694090573377,4.280624985815676,21.23138174640805,13.610382681382182,4.2611323347508545,-1.119955576758338,7.6209990650258685,0.35122761844342865,0.29384532090072224,0.057382297542706406,0.43736333761884505,3.044614033399768,2.0388009470380406,14.159115828660788,14.159115828660788,-3.1801620601221607,6.596648647164866,8.031338790821724,0.3031056264659622,-0.3962552947483715,10.0,10.0,0.595959595959596,0.41666666666666663,24.5,10.0,0.6258620689655172,0.5,0.8,0.4,2.1370689655172415,-0.15000000000000013,4.4,-0.8,2.1241531019223885,-0.6680749115475919,5.0,0.0,0.8,0.5,27.0,0.0,0.0,0.5,0.0,1.0,0.5,0.6666666666666666,0.6,0.75,0.6333333333333333,0.1166666666666667
38,7,,NS,CH,FZ,TT,21,18,3,1,1511.813371242504,1513.649803561758,-1.8364323192540724,1.8364323192540724,0.498942866154527,1513.1271341511792,1531.5900546505175,1510.4996083338287,1495.7095524729987,2.627525817350488,35.88050217751879,1.313762908675244,17.940251088759396,1513.443120977967,1518.877436250119,1.629749735463065,5.227632688360927,28.76475437937861,29.544466780610577,3.5727476792267896,3.4214502894461987,18.046511341698242,19.28011591227198,-0.7797124012319685,0.15129738978059093,-1.233604570573739,0.38718848226938934,0.38772539177992316,-0.0005369095105338118,0.014795381391653595,2.1098219132406326,2.892528371382828,-3.1659179653695446,-6.838782603877689,-6.214485567441017,2.094480741269539,9.707168470288767,0.3170756576491769,-0.3997692725530495,17.0,17.0,0.5791666666666666,0.47916666666666663,20.5,22.0,0.6015151515151516,0.5962732919254659,0.6000000000000001,0.5,1.6484848484848484,1.487577639751553,2.6,-0.5,1.5367825075018118,-1.560180337231941,3.0,5.0,0.6666666666666666,0.6,6.0,13.0,1.0,1.0,2.0,1.0,0.5555555555555556,0.8333333333333334,0.5714285714285714,0.7777777777777778,0.7023809523809523,0.07539682539682546
39,7,,AC,CH,NS,TT,19,21,-2,0,1499.3424193695596,1503.1045804034138,-3.762161033854227,3.762161033854227,0.4978343395644959,1515.9903177731533,1513.3627919558028,1482.6945209659661,1492.8463688510246,33.295796807187116,20.51642310477814,16.647898403593558,10.25821155238907,1507.9951588865765,1509.9619628272376,8.652739517016926,6.857382423823765,25.124209927865415,27.463503748255153,3.4567304930422655,3.7177329872490157,14.754018448738618,16.310304786508105,-2.339293820389738,-0.26100249420675015,-1.556286337769487,0.2893696085801426,0.4216647242510544,-0.1322951156709118,0.13157122047277625,2.8592951098213604,3.0826906515383743,-2.1798247275055473,-9.704146795214001,-4.835169659901542,6.581083488212148,7.607656711488929,-0.03480529486418327,-0.0920086323764906,12.0,12.0,0.4157894736842105,0.46875,21.0,18.0,0.42668621700879766,0.5625,0.5,0.4,-1.4545454545454546,0.7916666666666665,0.10000000000000009,-1.6,0.45957347433943596,-2.6503020801530965,2.0,1.0,0.0,1.0,-16.0,8.0,0.0,0.5,0.0,0.14285714285714285,0.6,0.0,0.5,0.37142857142857144,0.25,0.12142857142857144
40,7,,CH,FZ,AC,TT,21,19,2,1,1520.9954765663265,1487.7704449084954,33.225031657831096,33.225031657831096,0.519116542818807,1528.7268710285434,1495.5726045200684,1513.2640821041095,1479.9682852969224,15.46278892443388,15.604319223145922,7.73139446221694,7.802159611572961,1523.7901862118354,1503.0824089248601,2.794709645508874,15.311964016364755,30.76251644751013,22.628826853698797,2.99559066274335,3.625505506304833,21.77574445928008,11.752310334784298,8.133689593811333,-0.6299148435614832,10.023434124495783,0.3601905968585511,0.3177015708166485,0.04248902604190258,0.5684679212896042,2.335891165862935,3.2877340239215727,27.60140646804666,27.60140646804666,1.5125934247631498,5.505821602171213,3.2310132290106637,-0.1743706395633886,-0.9024187910014092,17.5,17.5,0.6992753623188406,0.3333333333333333,27.0,18.5,0.6221590909090908,0.365,0.6,0.2,2.1576704545454546,-2.235,1.7999999999999998,-4.4,0.20583837436629437,-3.2228587446248866,6.0,1.0,0.8333333333333334,0.0,34.0,-6.0,0.0,0.5,0.0,0.375,0.42857142857142855,0.5,0.5555555555555556,0.4017857142857143,0.5277777777777778,-0.1259920634920635
41,7,,TT,CH,AC,NS,20,22,-2,0,1504.4183433120888,1496.711951756698,7.706391555390837,7.706391555390837,0.5044360391810947,1515.8974915124827,1516.0890276248465,1492.9391951116952,1477.3348758885493,22.958296400787503,38.75415173629722,11.479148200393752,19.37707586814861,1511.077567811437,1508.0445138124232,6.659224499348056,11.332562055725248,26.106379716958507,26.44425256613314,3.0431909195530285,3.8595632895578165,16.97680695829942,14.86556269745969,-0.33787284917463367,-0.816372370004788,2.1112442608397295,0.3977629029495696,0.31478166411229785,0.08298123883727176,0.41324883512734856,2.2252703885856686,3.1598203245197967,2.321300842285382,2.321300842285382,-6.564881359936209,4.002995176693393,11.244566915438902,-0.01887127002087219,0.19999012805119953,10.0,10.0,0.45054945054945056,0.5,29.5,13.0,0.5186480186480187,0.46153846153846156,0.5,0.4,0.08508158508158509,-0.6153846153846154,-0.5,-1.3,0.013298651017066732,-1.2255848982231328,3.0,1.0,1.0,0.0,12.0,-7.0,0.0,0.5,0.0,0.5,0.5454545454545454,0.4,0.5,0.5227272727272727,0.45,0.0727272727272727
42,8,,NS,CH,AC,TT,21,16,5,1,1515.9932595686646,1485.1370355001222,30.85622406854236,30.85622406854236,0.517754802207853,1518.8514154584573,1490.1768072780844,1513.135103678872,1480.09726372216,5.7163117795853395,10.079543555924374,2.8581558897926698,5.039771777962187,1517.4208666158052,1503.0824089248601,1.4276070471405546,17.94537342473791,30.338570041388678,22.60102999508959,3.218179919965989,3.4544176209636075,20.684030281490713,12.237777132198767,7.737540046299088,-0.23623770099761865,8.446253149291946,0.3395513058792595,0.30591802050470274,0.03363328537455679,0.4432204043562411,2.0805890649271435,2.481320571045374,26.294314432569763,26.294314432569763,1.0649425053694905,5.54422950277667,1.4814804974866043,0.6845021786558707,-0.19970793488609573,18.5,18.5,0.7430069930069929,0.3307453416149069,24.0,20.5,0.6365546218487395,0.36507936507936506,0.7,0.2,1.6050420168067228,-2.0145502645502646,1.4,-2.6,1.595651528915937,-2.1923139543139314,4.0,2.0,0.75,0.0,9.0,-8.0,0.0,0.5,0.0,1.0,0.5,0.5,0.5,0.75,0.5,0.25
43,8,,AC,FZ,SY,TT,21,16,5,1,1504.2361083720864,1501.0334746705225,3.2026337015638546,3.2026337015638546,0.5018435758002927,1531.3602804369166,1514.8754694778643,1477.1119363072562,1487.1914798631806,54.24834412966038,27.683989614683696,27.12417206483019,13.841994807341848,1515.7950273252586,1515.818361723255,11.558918953172224,14.784887052732529,27.654405944497736,26.518805839159825,3.402762121015612,3.1416288181915535,17.4461195814509,17.093919384585163,1.135600105337911,0.26113330282405833,0.3522001968657378,0.29041579050150856,0.2902329209871156,0.00018286951439294707,0.005996574238761793,1.76013720751904,3.2195200857223147,-1.7770235916773345,-1.7770235916773345,-5.408790833869254,11.9763457576233,6.645803244127034,-0.13290178805642583,-0.8400337662381805,11.5,11.5,0.5196078431372549,0.38095238095238093,19.0,27.5,0.48115942028985503,0.5105820105820106,0.4,0.30000000000000004,0.007246376811594235,-0.05621693121693122,-1.2,-2.8,-0.6404952864918414,-5.182931189809096,4.0,6.0,0.5,0.6666666666666666,-4.0,5.0,0.0,0.5,0.0,0.125,0.5,0.6666666666666666,0.45454545454545453,0.3125,0.5606060606060606,-0.24810606060606055
44,8,,CH,FZ,TT,SY,21,14,7,1,1525.2822685069168,1497.9496491873815,27.332619319535297,27.332619319535297,0.5157287291317809,1534.4441059200576,1511.7916439947232,1516.1204310937758,1484.1076543800395,18.32367482628183,27.683989614683696,9.161837413140915,13.841994807341848,1525.2822685069168,1515.818361723255,0.0,17.868712535873556,30.970857839219377,25.897848818432877,2.8907717249469127,3.0606032654057307,22.298542664378637,16.716039022215686,5.0730090207865,-0.169831540458818,5.582503642162951,0.3445439708802306,0.2852220748628004,0.05932189601743021,0.5560674417766004,1.7962848906614912,4.470941683266237,21.06539274560737,21.06539274560737,-0.8783659695661434,6.598087603538957,6.671494140856851,0.010040141523088408,-1.142092451341064,25.0,25.0,0.6426146010186757,0.38,29.5,28.5,0.6398809523809523,0.4926108374384236,0.6,0.2,2.194047619047619,-0.23029556650246302,1.1,-3.7,2.3963391691147535,-6.345402539862221,7.0,7.0,0.8571428571428571,0.5714285714285714,36.0,0.0,1.0,1.0,12.0,0.4444444444444444,0.5555555555555556,0.5,0.7692307692307693,0.5,0.6346153846153846,-0.13461538461538458
45,8,,FZ,CH,SY,AC,15,21,-6,0,1528.510743646038,1494.3794653229995,34.13127832303849,34.13127832303849,0.519637436794513,1537.672581059179,1508.5631688556018,1519.3489062328972,1480.1957617903972,18.32367482628183,28.36740706520459,9.161837413140915,14.183703532602294,1528.510743646038,1512.735952798395,0.0,18.356487475395397,31.209551968077207,25.737710671553117,2.8481239207632716,3.250695484727085,22.665180205787394,15.985624217371862,5.47184129652409,-0.40257156396381344,6.679555988415531,0.3468164822976081,0.2215327228103694,0.1252837594872387,0.7419480534744047,2.664587977823322,3.1048326265604165,28.36185771865462,28.36185771865462,-0.6269781089662665,6.6588270563489225,6.469232925505121,0.24947047367887798,-0.04480060436487676,22.5,22.5,0.6517857142857142,0.34259259259259256,30.5,22.5,0.6516666666666666,0.43211206896551724,0.7,0.2,2.3494444444444444,-1.2165948275862069,2.8,-4.0,4.354752874303017,-2.696750915346911,8.0,3.0,0.875,0.3333333333333333,43.0,-10.0,1.0,0.0,-2.0,1.0,0.5384615384615384,0.5,0.5,0.7692307692307692,0.5,0.26923076923076916
46,8,,FZ,SY,CH,AC,21,16,5,1,1523.1178749573905,1499.7723340116472,23.345540945743323,23.345540945743323,0.5134355385091046,1534.3320546797856,1516.0083798535038,1511.9036952349952,1483.5362881697906,22.42835944479043,32.47209168371319,11.214179722395215,16.236045841856594,1531.5722433279843,1509.6744531164486,8.454368370593784,9.902119104801386,31.73619799161147,25.59028123717494,2.9002263843056966,2.9759415247188965,23.03551883869438,16.662456663018247,6.145916754436531,-0.07571514041319993,6.373062175676132,0.2584116766770611,0.2958111594384437,-0.03739948276138261,0.22026150670346367,3.240282185341555,2.155304031183773,17.949954729218007,17.949954729218007,0.26974884541193944,2.824259814043941,2.408903567334697,-0.05106724059343293,0.6644378695494684,19.5,19.5,0.6131578947368421,0.3653846153846154,28.0,27.0,0.6294871794871795,0.46025437201907793,0.4,0.6,1.8794871794871795,-0.6740858505564387,-1.9,1.2,-0.12822775950758114,1.893690186678782,2.0,3.0,1.0,0.0,21.0,-18.0,0.0,0.5,0.0,0.8333333333333334,0.36363636363636365,0.7,1.0,0.5984848484848485,0.85,-0.25151515151515147
47,9,,NS,FZ,CH,SY,15,21,-6,0,1529.590431633569,1513.9560375442495,15.634394089319585,15.634394089319585,0.508998908856617,1537.3441203937768,1514.9157609489864,1521.8367428733611,1512.9963141395126,15.50737752041573,1.9194468094738113,7.753688760207865,0.9597234047369056,1529.75466196627,1522.4104059148435,0.1642303327009813,8.454368370594011,33.31819651014142,28.575872132552345,3.269944302419648,2.71075618440245,23.508363602882476,20.443603579344995,4.742324377589075,0.559188118017198,3.064760023537481,0.3466474396325091,0.25046781159529186,0.09617962803721725,0.039188784348938355,3.1456786876131644,2.3475395496531144,10.141175852053266,10.141175852053266,-1.2383761092330232,0.02491919431270162,3.8515919880607115,0.46892505513053884,0.03221377032436479,18.0,18.0,0.6269230769230769,0.3611111111111111,21.0,34.5,0.7185185185185186,0.5666383701188455,0.8,0.4,2.8962962962962964,0.7495755517826825,1.8,-1.4000000000000001,4.0111587599677705,-0.009849806823808649,3.0,8.0,1.0,0.625,21.0,10.0,0.0,0.5,0.0,1.0,0.6,0.6363636363636364,0.7142857142857143,0.8,0.6753246753246753,0.12467532467532472
48,9,,SY,FZ,AC,NS,18,21,-3,0,1526.1299406713815,1499.5444147432554,26.585525928126117,26.585525928126117,0.5152990816628138,1534.0719845511271,1518.5646070307114,1518.1878967916361,1480.5242224557994,15.884087759490967,38.04038457491197,7.9420438797454835,19.020192287455984,1531.5722433279843,1510.9183714366804,5.442302656602806,11.373956693425043,31.901229162181103,27.77472199034536,2.776657456982364,3.3831520200151726,23.57125679123401,17.62526593029984,4.126507171835744,-0.6064945630328085,5.94599086093417,0.24347006901715074,0.2902972079889643,-0.046827138971813564,0.6009109235070542,2.4205516783018997,2.442818235064033,21.722156014760003,21.722156014760003,-2.03330230516179,0.4935280154394377,7.258425032434253,0.08903229199379226,0.20320396148080277,13.5,13.5,0.5735294117647058,0.42500000000000004,30.0,17.0,0.6361607142857143,0.5104166666666666,0.6,0.7,1.9017857142857142,-0.22222222222222232,1.0,0.8999999999999999,1.8072394283946096,0.5274090043971,3.0,2.0,1.0,0.5,26.0,-5.0,0.0,0.5,0.0,0.5,0.5454545454545454,0.42857142857142855,0.5714285714285714,0.5227272727272727,0.5,0.022727272727272707
49,9,,AC,FZ,NS,CH,17,21,-4,0,1507.2981035034632,1518.888811596902,-11.590708093438934,11.590708093438934,0.49332824809046816,1531.1274183701967,1521.5091732116418,1483.4687886367299,1516.2684499821623,47.658629733466796,5.240723229479499,23.829314866733398,2.6203616147397497,1518.8362905295894,1520.592824553129,11.538187026126252,1.7040129562269613,28.34790632748492,30.289824669194665,2.9403802648013198,2.9144190051868346,19.52676553308096,21.546567653634163,-1.9419183417097443,0.025961259614485144,-2.0198021205532015,0.2818169665795026,0.3227941930432963,-0.0409772264637937,0.25953076794208696,2.3960992600932878,2.0622870135592826,7.132321819786512,-16.049094367091357,-3.912880928278412,5.549181177338429,5.392378280773617,0.09166417456731857,0.3434943480663222,19.0,19.0,0.438375350140056,0.5863095238095238,24.0,28.0,0.5117967332123412,0.6349924585218703,0.5,0.7,0.28312159709618867,1.490950226244344,0.10000000000000003,1.2999999999999998,-0.6404121379406433,1.1294668468151485,5.0,5.0,0.6,0.8,1.0,14.0,2.0,0.5,-4.0,0.2222222222222222,0.5,0.5,0.6666666666666666,0.3611111111111111,0.5833333333333333,-0.22222222222222215
50,9,,NS,SY,FZ,CH,19,21,-2,0,1519.8444907447765,1523.6979341761796,-3.853443431403093,3.853443431403093,0.4977817942024331,1524.4456508788471,1528.1909407029916,1515.2433306107057,1519.2049276493676,9.20232026814142,8.986013053623992,4.60116013407071,4.493006526811996,1524.9587782378185,1528.510743646038,5.114287493041957,4.812809469858394,32.12837174240514,29.328273814520188,2.9528600697358374,2.5671499040626906,23.269791533197633,21.626824102332115,2.8000979278849556,0.38571016567314675,1.642967430865518,0.20747458308657754,0.3030304452395791,-0.09555586215300158,0.5614897220555487,2.717988595098041,2.73191576511001,-1.596460928804845,-9.303347791611031,-2.719912045913574,2.950402611873937,2.760875731224715,0.47680754173958917,-0.4041866703899508,23.5,23.5,0.5231854838709677,0.4891304347826087,25.5,35.0,0.648989898989899,0.6041666666666666,0.7,0.4,1.462121212121212,1.75,1.5,-0.7999999999999999,2.442346555282029,-1.1914154793524858,2.0,9.0,0.5,0.7777777777777778,0.0,37.0,0.0,0.5,0.0,0.8333333333333334,0.4166666666666667,0.7142857142857143,0.75,0.625,0.7321428571428572,-0.1071428571428572
51,10,,NS,CH,AC,TT,21,15,6,1,1521.8252892641074,1480.7057451052215,41.1195441588859,41.1195441588859,0.5236526454036773,1521.93087557,1480.8791792409181,1521.7197029582148,1480.5323109695246,0.21117261178505942,0.34686827139353227,0.10558630589252971,0.17343413569676613,1523.1882632244235,1503.0824089248601,1.3629739603161397,22.37666381963868,30.523108985586898,23.6506008642747,2.7560748741440486,3.0606797053970674,22.25488436315475,14.468561748083498,6.8725081213121975,-0.30460483125301874,7.786322615071253,0.33652829713249144,0.32673063207177777,0.009797665060713667,0.8576298264307768,2.454380695337079,2.893802553112514,35.77136091043644,35.77136091043644,1.0557535417710824,3.7038322498352656,2.720371770537703,0.38993329701440516,-0.06076002985999551,22.5,22.5,0.7707373271889402,0.2925101214574899,30.0,25.0,0.634788189987163,0.375,0.6,0.3,1.4858793324775355,-1.775,0.5,-1.6,2.3768068493750434,-3.6494236843946055,6.0,3.0,0.8333333333333334,0.0,18.0,-13.0,1.0,1.0,5.0,0.7142857142857143,0.5,0.5,0.4166666666666667,0.6071428571428572,0.45833333333333337,0.14880952380952384
52,10,,TT,NS,CH,AC,18,21,-3,0,1501.2994410995666,1501.2315932697622,0.06784782980435011,0.06784782980435011,0.5000390563502954,1524.7819359520483,1524.9931085638334,1477.8169462470846,1477.470077975691,46.96498970496373,47.52303058814232,23.482494852481864,23.76151529407116,1515.4733769008844,1512.4965542819168,14.173935801317839,11.264961012154572,27.335765155948714,26.80931891712042,3.030882103715931,2.7223284322468113,18.24311884480092,18.642333620379986,0.5264462388282922,0.3085536714691197,-0.3992147755790647,0.35612764064138036,0.31033708153989215,0.045790559101488215,0.07110836521808861,3.3265740419807046,3.2243267761664085,-6.483052988342706,-6.483052988342706,-5.2267642971344515,10.410041479787363,3.925710081139332,-0.3072616415340388,0.4496369444061372,20.0,20.0,0.5,0.44642857142857145,25.5,31.5,0.5435483870967741,0.4642857142857143,0.3,0.6000000000000001,0.3491935483870967,-0.6428571428571428,-2.0,0.7000000000000001,-1.8198726045105786,1.1390568585209166,2.0,4.0,1.0,0.0,10.0,-23.0,0.0,0.5,0.0,0.4,1.0,0.6666666666666666,0.5,0.7,0.5833333333333333,0.1166666666666667
53,10,,FZ,AC,CH,NS,21,14,7,1,1505.6221663178012,1524.8875222579409,-19.26535594013967,19.26535594013967,0.48891178789142553,1530.916888623624,1527.8504746001208,1480.3274440119785,1521.924569915761,50.589444611645376,5.925904684359921,25.294722305822688,2.9629523421799604,1518.8362905295894,1526.3162052760845,13.214124211788203,1.4286830181436017,28.593481501683883,30.50299090721576,2.774222888284729,2.6611973268936753,20.2708128368297,22.519398926534734,-1.9095094055318782,0.11302556139105358,-2.248586089705036,0.2568380110336579,0.2986743442025635,-0.041836333168905615,0.5325679207331137,2.5104532754111046,2.761848709136491,13.993053955592131,-24.53765792468721,-3.5259108096465255,5.910555948048991,2.4786175121872276,0.18619183009475648,-0.04663089026194989,23.0,23.0,0.40909090909090906,0.601364522417154,26.5,32.0,0.5043988269794721,0.6356589147286822,0.4,0.8,0.15102639296187692,1.5454042081949058,-1.5,2.9000000000000004,-0.7752533513428261,2.424635329741136,6.0,7.0,0.5,0.8571428571428571,-3.0,24.0,3.0,0.3333333333333333,-8.0,0.8571428571428571,0.5,0.6923076923076923,0.625,0.6785714285714286,0.6586538461538461,0.019917582417582458
54,11,,NS,CH,TT,SY,19,21,-2,0,1521.4802675105504,1493.7384814504353,27.741786060115146,27.741786060115146,0.5159640278578387,1524.4432198527304,1512.5173826900734,1518.5173151683705,1474.9595802107972,5.925904684359921,37.55780247927623,2.9629523421799604,18.778901239638117,1526.3162052760845,1515.818361723255,4.835937765534027,22.079880272819764,29.741211003962547,25.580229555967637,2.5911846797636064,2.7647738962212776,21.96765696467173,17.285907867303806,4.16098144799491,-0.1735892164576711,4.681749097367923,0.2829163643128771,0.21741977151359876,0.06549659279927833,0.5928497762501058,2.592837342117647,3.292797209750712,21.85615150824674,21.85615150824674,-1.1949771279899757,2.133843317238483,8.438751039556422,-0.6986880604687364,-0.8670700714522308,26.0,26.0,0.7180451127819549,0.3598200899550225,33.0,33.0,0.6136363636363636,0.46691176470588236,0.6000000000000001,0.3,1.25,-0.4117647058823529,0.6000000000000001,-1.4000000000000001,-1.500910600378802,-4.033809171406347,8.0,8.0,0.75,0.5,17.0,-7.0,0.0,0.5,0.0,0.75,0.5333333333333333,0.4444444444444444,0.7333333333333333,0.6416666666666666,0.5888888888888888,0.05277777777777781
55,11,,SY,NS,CH,TT,21,18,3,1,1515.517348929222,1499.7014000317638,15.815948897458156,15.815948897458156,0.509103385957286,1515.6917978729584,1521.6177025573184,1515.3428999854855,1477.7850975062092,0.34889788747295825,43.83260505110911,0.17444894373647912,21.916302525554556,1525.126920774419,1517.0076462249206,9.609571845197024,17.306246193156767,30.203672181995962,25.24086089031732,2.6602966706846396,2.5395118604509115,22.222782169942043,17.622325308964587,4.962811291678641,0.12078481023372811,4.600456860977456,0.19472301121651503,0.29843065736749613,-0.1037076461509811,0.01899984172529179,2.46413399541325,2.6977595366673137,10.654055365377644,10.654055365377644,-0.23699723945691176,1.1184181323307847,5.361250923484345,-0.8445774669528507,-0.1798566371540975,23.0,23.0,0.5734126984126984,0.4171539961013645,29.0,39.0,0.5900621118012422,0.4858585858585858,0.4,0.4,1.031055900621118,-0.23030303030303034,0.0,-1.7,-2.3669103602020414,-1.9369838411413411,3.0,4.0,0.3333333333333333,0.75,-2.0,10.0,0.0,0.5,0.0,0.0,0.5,0.6428571428571429,0.38461538461538464,0.25,0.5137362637362638,-0.2637362637362638
56,11,,NS,FZ,CH,SY,14,21,-7,0,1526.4105323763943,1518.480301271402,7.930231104992345,7.930231104992345,0.5045648811437359,1534.3241433710143,1518.8125790485028,1518.496921381774,1518.148023494301,15.827221989240343,0.6645555542017973,7.913610994620171,0.3322777771008987,1531.2272585056137,1526.6611900984553,4.8167261292194326,8.180888827053423,31.065323821501167,29.361678057311714,2.634821904308006,2.3768830124419686,23.16085810857715,22.231029019985808,1.703645764189453,0.25793889186603725,0.9298290885913403,0.2632142745038931,0.18071165946488169,0.08250261503901143,0.09657615175438372,2.708512203308848,2.6019108545310576,2.6198080471524463,2.6198080471524463,-3.3080591525605207,2.3953473518054373,3.1764400318231942,-0.17410520074506408,-0.2608329262558087,24.0,24.0,0.5417457305502846,0.43565217391304345,28.0,41.0,0.640625,0.5742753623188406,0.4,0.5,2.0208333333333335,0.8128019323671498,-0.7,0.3,0.6061407854075469,-1.2353605480687975,4.0,9.0,0.75,0.6666666666666666,15.0,16.0,1.0,0.0,-6.0,0.6666666666666666,0.46153846153846156,0.6,0.75,0.5641025641025641,0.675,-0.11089743589743595
57,11,,FZ,SY,NS,TT,23,21,2,1,1526.2360834326578,1495.0565647524381,31.179518680219644,31.179518680219644,0.51794066841741,1530.9603774967227,1515.1331555074823,1521.5117893685926,1474.9799739973937,9.44858812813004,40.15318151008864,4.72429406406502,20.07659075504432,1531.5722433279843,1515.4733769008844,5.336159895326546,20.416812148446297,31.601355281275822,25.70080210086486,2.462815409103234,2.718596171747386,24.212909053966122,17.5450135856227,5.900553180410963,-0.25578076264415195,6.667895468343421,0.1802805946317115,0.26480675759827615,-0.08452616296656465,0.4980893237771481,2.4988300068551834,2.3128733409151447,26.36781533244948,26.36781533244948,0.7191415995603414,0.03910998153464007,6.7402042941302085,0.500232184720895,-0.47983776402267786,19.0,19.0,0.5789473684210527,0.42105263157894735,35.0,29.5,0.6154791154791155,0.49117647058823527,0.5,0.2,1.6396396396396398,-0.1805882352941176,0.19999999999999996,-3.3,2.407763961286946,-2.5618889524367887,4.0,3.0,0.75,0.6666666666666666,23.0,7.0,0.0,0.5,0.0,0.875,0.38461538461538464,0.6666666666666666,0.35714285714285715,0.6298076923076923,0.5119047619047619,0.11790293040293043
58,11,,SY,FZ,CH,TT,21,17,4,1,1528.8759321532289,1497.2582350998084,31.617697053420443,31.617697053420443,0.5181925748377637,1533.600226217294,1522.1763449227944,1524.151638089164,1472.3401252768224,9.44858812813004,49.83621964597205,4.72429406406502,24.918109822986025,1531.5722433279843,1517.0076462249206,2.696311174755465,19.749411125112147,31.736694585589262,25.233186829205373,2.43997298351945,2.4711921816575644,24.416775635030913,17.81961028423268,6.50350775638389,-0.031219198138114468,6.597165350798232,0.1906689802626106,0.26993113714335615,-0.07926215688074556,0.3801667399932057,3.176359039121559,2.539472983528835,25.901865030770068,25.901865030770068,1.5923425912068758,0.03717499609112096,6.148673107629715,0.4657993071787079,-0.014995509090143244,28.0,28.0,0.6303225806451613,0.3571428571428571,36.0,41.0,0.6261609907120743,0.47294832826747724,0.7,0.30000000000000004,1.648606811145511,-0.23920972644376898,1.2,-1.4,3.9095011493027414,-2.019969322169004,5.0,5.0,0.8,0.6,25.0,7.0,0.0,0.5,0.0,0.5,0.42857142857142855,0.625,0.3333333333333333,0.4642857142857143,0.47916666666666663,-0.014880952380952328
59,11,,FZ,CH,NS,AC,21,9,12,1,1527.8882855700442,1498.1140027731399,29.774282796904345,29.774282796904345,0.517132744881883,1536.4681275575454,1512.493306786911,1519.308443582543,1483.734698759369,17.15968397500228,28.758608027542095,8.57984198750114,14.379304013771048,1532.7615278296498,1512.390967976024,4.873242259605604,14.276965202884185,30.023405297371525,27.73892075946698,2.307546898303789,2.7470985403110415,23.10076460246016,19.497625138533856,2.2844845379045466,-0.4395516420072525,3.603139463926304,0.27067276504604953,0.23897596611227073,0.0316967989337788,0.8612400282593525,2.0785838510755257,2.287713911833638,25.407985033995146,25.407985033995146,-2.7701609007102874,3.6097621802626456,2.347876826423395,0.03988209059845893,0.145144601122567,24.0,24.0,0.6043478260869566,0.3973913043478261,41.5,24.5,0.6098214285714285,0.4841137123745819,0.5,0.4,1.6232142857142857,-0.41053511705685614,-0.09999999999999998,-1.2,0.6254802470352843,-0.4725789339389621,10.0,3.0,0.8,0.6666666666666666,39.0,-2.0,1.0,1.0,7.0,0.8888888888888888,0.5,0.5,0.6666666666666666,0.6944444444444444,0.5833333333333333,0.11111111111111116
60,11,,CH,NS,AC,SY,21,18,3,1,1515.900875184727,1503.4801405921423,12.420734592584722,12.420734592584722,0.5071494622615674,1523.1024005870427,1527.0195394294153,1508.6993497824114,1479.9407417548694,14.40305080463122,47.07879767454597,7.20152540231561,23.539398837272984,1526.3162052760845,1513.5097697147075,10.415330091357418,10.029629122565211,28.507835150500842,28.993710818907246,2.3710952690584124,2.6050042052417828,21.394549343325604,21.1786982031819,-0.48587566840640406,-0.2339089361833704,0.21585114014370532,0.2430401215384808,0.17043892649736567,0.07260119504111515,0.5415980153155555,2.485131589768534,3.0756014672620315,6.860001535554147,6.860001535554147,-4.490223805893791,0.06293007427184705,5.74043856176975,-0.16541874617509755,0.48002783741863553,27.0,27.0,0.5323308270676692,0.47310344827586204,38.0,31.5,0.5634920634920635,0.4951923076923077,0.30000000000000004,0.7,0.791761148904006,-0.5785256410256411,-1.0,0.6000000000000001,-1.6523250182467564,2.6622242083033143,9.0,4.0,0.6666666666666666,0.5,15.0,-4.0,0.0,0.5,0.0,0.5,0.6666666666666666,0.4444444444444444,0.7647058823529411,0.5833333333333333,0.6045751633986928,-0.021241830065359513
61,11,,CH,SY,FZ,NS,22,24,-2,0,1525.060970008229,1525.8888615657665,-0.8278915575374413,0.8278915575374413,0.4995234274545695,1525.9186893741194,1540.262084562045,1524.2032506423386,1511.5156385694881,1.7154387317807505,28.7464459925568,0.8577193658903752,14.3732229962784,1527.435007014768,1532.5220102570465,2.374037006538856,6.633148691279985,30.1188523184029,30.639228638263,2.244646905917425,2.4569892108527407,23.384911600650625,23.268261005704776,-0.5203763198600981,-0.2123423049353157,0.11665059494584895,0.20528072354968968,0.24900853142203916,-0.04372780787234948,0.043305066778697165,2.7969595530823304,3.22109478023505,-5.1901627757799815,-6.845945890854864,-4.181259796910069,2.4561823364012483,3.0142027645798812,0.19849222735043526,0.13319240893011752,28.0,28.0,0.48084291187739464,0.49866310160427807,45.0,32.0,0.59,0.6190476190476191,0.7,0.6000000000000001,1.045,1.6051587301587302,2.8,0.30000000000000004,2.6257001543475553,1.6935284424977226,10.0,5.0,0.7,0.6,23.0,8.0,0.0,0.5,0.0,0.5454545454545454,0.42857142857142855,0.75,0.5555555555555556,0.487012987012987,0.6527777777777778,-0.16576479076479078
62,12,,NS,CH,SY,TD,12,21,-9,0,1518.7171639718038,1501.4160457963294,17.301118175474357,17.301118175474357,0.5099580072806353,1523.1832039380586,1521.4677652062778,1514.251124005549,1481.3643263863812,8.932079932509623,40.10343881989661,4.466039966254812,20.051719409948305,1526.3162052760845,1513.5097697147075,7.599041304280718,12.093723918378146,29.082029894937207,23.36583606109537,2.28258667841067,3.4267292687028617,22.234269859705197,13.085648254986783,5.716193833841839,-1.1441425902921916,9.148621604718414,0.24832531226976864,0.17598564496969143,0.07233966730007721,0.16746928674247197,2.1877659489379355,1.9764506435171565,13.136901583019153,13.136901583019153,0.006877886728307914,1.0724154856719714,15.108948882293484,0.31078694414515695,0.22041688446788932,18.5,18.5,0.5227272727272727,0.365625,40.0,26.5,0.5774171737660581,0.4176829268292683,0.5,0.5,0.8495605138607167,-0.8943089430894309,0.0,0.6000000000000001,1.1389982661636395,-0.9937677722249418,10.0,2.0,0.7,0.5,18.0,-1.0,0.0,0.5,0.0,0.6,0.5294117647058824,0.6,0.3333333333333333,0.5647058823529412,0.4666666666666667,0.0980392156862745
63,12,,SY,CH,NS,TD,22,20,2,1,1522.325484572168,1497.807725195965,24.517759376203003,24.517759376203003,0.5141098095882919,1525.1103224011395,1510.6085668106873,1519.540646743197,1485.0068835812428,5.5696756579425255,25.60168322944446,2.7848378289712628,12.80084161472223,1527.435007014768,1512.390967976024,5.109522442599882,14.583242780058981,29.81144469586318,23.847779644041566,2.167125229332238,3.2867554855326753,23.310069007866467,13.98751318744354,5.963665051821614,-1.1196302562004372,9.322555820422927,0.19582350695450965,0.24718158984591576,-0.051358082891406115,0.024669287283869967,2.1420680834742862,2.1469778830290673,20.22871340969982,20.22871340969982,0.5097843369566988,3.9102425779072973,9.623178623290858,-0.152638622827574,1.3541309237990582,19.5,19.5,0.6657894736842105,0.2914285714285714,47.0,21.5,0.5764652014652014,0.4371794871794872,0.5,0.5,0.978021978021978,-0.7346153846153846,1.0,-0.8,-0.9751054271614521,1.0880938608960378,11.0,1.0,0.6363636363636364,0.0,21.0,-2.0,1.0,1.0,2.0,0.6666666666666666,0.5,0.4,0.5,0.5833333333333333,0.45,0.13333333333333325
64,12,,CH,NS,AC,TD,21,10,11,1,1515.0746067769421,1479.7352546579143,35.33935211902781,35.33935211902781,0.5203317488970937,1522.2014739764038,1482.346056348036,1507.9477395774804,1477.1244529677926,14.25373439892337,5.221603380243323,7.126867199461685,2.6108016901216615,1526.3162052760845,1500.0,11.241598499142356,20.26474534208569,28.240233392569657,22.03886368663735,2.2206558738902156,3.3846715430376695,21.57826577089901,11.88484905752434,6.201369705932308,-1.164015669147454,9.693416713374669,0.2417220374475915,0.24162925350506292,9.278394252856814e-05,0.373753769880655,2.1372786527939303,2.2965188129157874,30.905554653318177,30.905554653318177,0.5960422890044228,0.5779705466856022,6.778278765662758,-0.37964437190906963,0.8490312037650671,17.5,17.5,0.6594202898550725,0.35416666666666663,42.0,19.5,0.557212416311625,0.32285714285714284,0.5,0.4,0.5657334144856969,-2.012857142857143,-1.2000000000000002,-0.7000000000000001,-1.622276559501529,-0.909636080220821,11.0,0.0,0.6363636363636364,0.5,9.0,0.0,0.0,0.5,0.0,0.5,0.75,0.4,0.4,0.625,0.4,0.22499999999999998
65,12,,AC,SY,TD,NS,21,12,9,1,1500.6204936778204,1495.1468979627582,5.473595715062174,5.473595715062174,0.5031508132668638,1527.7711496343463,1511.6023548239787,1473.4698377212944,1478.6914411015377,54.301311913051904,32.91091372244091,27.150655956525952,16.455456861220455,1513.8855748171732,1512.390967976024,13.265081139352787,17.244070013265855,28.57732814777526,23.477754285186492,2.474940624137198,3.1614065735961168,21.152506275363663,13.993534564398143,5.099573862588766,-0.6864659494589187,7.15897171096552,0.18048640121559767,0.24344424168413797,-0.0629578404685403,0.5691670630301441,2.833395075256785,2.264701739330339,0.37549890047512235,0.37549890047512235,-0.5367733351445487,6.609569186452241,10.343283978393902,-0.10338053726582785,0.3806400853383458,17.0,17.0,0.48863636363636365,0.3,34.5,23.5,0.4754025044722719,0.4145833333333333,0.5,0.5,-0.7419499105545618,-0.91875,-0.6000000000000001,0.4,-1.396426575061696,-1.0018726534234474,5.0,2.0,0.4,0.0,-7.0,-4.0,0.0,0.5,0.0,0.2,0.4,0.6666666666666666,0.6,0.30000000000000004,0.6333333333333333,-0.33333333333333326
66,12,,CH,TD,SY,AC,21,15,6,1,1500.49930378103,1504.1694164402,-3.670112659169945,3.670112659169945,0.49788732589840445,1525.856089222902,1531.320072396726,1475.1425183391582,1477.018760483674,50.71357088374384,54.301311913051904,25.35678544187192,27.150655956525952,1513.9252373000604,1515.6600361983628,13.425933519030423,11.490619758162893,22.953076815578445,28.751350300825337,2.937720915901222,2.448376473440559,14.139914067874779,21.40622088050366,-5.798273485246892,0.4893444424606632,-7.266306812628882,0.2648281238704927,0.1779625607938958,0.0868655630765969,0.7303259277905652,2.8785515181197585,3.3846181251028264,-2.593056984052737,-9.933282302392627,0.4121760959051137,10.172598342788376,6.548773187434886,-0.14229288559526054,0.07058491836433411,25.0,25.0,0.2564102564102564,0.5538194444444444,35.0,35.5,0.41203703703703703,0.492003367003367,0.5,0.5,-0.8599537037037037,-0.4377104377104378,-0.19999999999999996,0.5,-1.4258291200734448,2.0533112434172835,5.0,6.0,0.4,0.5,1.0,2.0,0.0,0.5,0.0,0.5384615384615384,0.0,0.6666666666666666,0.5,0.2692307692307692,0.5833333333333333,-0.31410256410256404
67,12,,TD,CH,SY,NS,21,19,2,1,1503.7271709716833,1518.072818633836,-14.345647662152714,14.345647662152714,0.49174273217671577,1529.0839564135551,1528.0922052060728,1478.3703855298113,1508.053432061599,50.71357088374384,20.03877314447368,25.35678544187192,10.01938657223684,1514.5419782067775,1528.0510041743871,10.814807235094122,9.978185540551067,24.51084533200015,29.844749877654408,2.802675611683159,2.2720878677206935,16.102818496950675,23.028486274492327,-5.333904545654256,0.5305877439624656,-6.925667777541651,0.2723603619989102,0.17588156474016445,0.09647879725874578,0.32794519926412624,3.339260589127431,2.826961002266798,8.179426070758382,-20.511869253547047,0.2591410662504039,8.428298945079778,2.7084568929457724,0.9835188414415086,-0.3292948635123949,25.0,25.0,0.33367983367983367,0.5257352941176471,36.0,39.0,0.4379679144385027,0.5727272727272728,0.5,0.5,-0.5561497326203207,0.6919191919191919,0.10000000000000009,0.5,1.7849054522929464,-0.549654578549621,6.0,4.0,0.5,0.5,7.0,1.0,0.0,0.5,0.0,0.0,0.5263157894736842,0.5714285714285714,0.5454545454545454,0.2631578947368421,0.5584415584415584,-0.2952836637047163
68,12,,AC,SY,NS,CH,14,21,-7,0,1499.5498924447925,1518.5686942375771,-19.018801792784643,19.018801792784643,0.48905364695738696,1525.3088915965643,1531.8672700230636,1473.7908932930209,1505.2701184520906,51.517998303543436,26.597151570972983,25.758999151771715,13.298575785486491,1515.6600361983628,1528.3246029875559,16.110143753570355,9.755908749978744,27.364546859594995,28.485451245314664,2.3662073666891166,2.134718723040584,20.265924759527646,22.081295076192912,-1.120904385719669,0.2314886436485324,-1.8153703166652662,0.1862983730366265,0.24626215595312312,-0.05996378291649662,0.4911749740770323,2.3287460922063,3.346445189701668,13.343610510876715,-24.69399307469257,-3.3800217040100335,6.109143504114382,1.7823158439861544,-1.0258020936876502,0.09831623177038473,34.5,34.5,0.4376061120543294,0.5515873015873016,37.0,45.0,0.4720496894409938,0.5593487394957983,0.4,0.5,-0.6211180124223602,0.7011554621848739,-1.0999999999999999,0.09999999999999987,-2.344840300757369,1.3655294270814693,7.0,12.0,0.42857142857142855,0.6666666666666666,-4.0,20.0,0.0,0.5,0.0,0.2727272727272727,0.4375,0.3333333333333333,0.8,0.35511363636363635,0.5666666666666667,-0.2115530303030303
69,12,,TD,FZ,NS,CH,24,22,2,1,1512.0756345687128,1521.8290518839597,-9.753417315246907,9.753417315246907,0.4943857176397106,1542.9975699981057,1535.1276276694462,1481.1536991393198,1508.5304760984732,61.84387085878598,26.597151570972983,30.92193542939299,13.298575785486491,1521.498784999053,1529.9547818107471,9.423150430340229,8.125729926787471,27.49004280177249,28.80189862976395,2.873212531896231,2.1040100348312154,18.870405206083795,22.489868525270303,-1.3118558279914616,0.7692024970650158,-3.619463319186508,0.2864872504468704,0.2496346241047498,0.03685262634212061,0.1257606923533245,3.4246285504841842,3.263354245231512,3.065434519531209,-16.441400110962604,-3.6653667387359867,10.18499741193411,1.6865111061765745,1.752650852463189,0.30595312652653384,21.0,21.0,0.47214076246334313,0.46875,27.5,46.0,0.5045045045045045,0.5696741854636591,0.6000000000000001,0.7,0.28303303303303307,0.8491228070175438,-0.09999999999999987,3.3,4.076385939755141,3.2749980520603685,0.0,13.0,0.5,0.6923076923076923,0.0,27.0,0.0,0.5,0.0,0.25,0.4666666666666667,0.42857142857142855,0.8333333333333334,0.35833333333333334,0.6309523809523809,-0.2726190476190476
70,12,,FZ,TD,NS,SY,18,21,-3,0,1514.8444746864,1513.9050849654839,0.9393897209160968,0.9393897209160968,0.5005407559811381,1545.766410115793,1522.0485339501818,1483.922539257007,1505.761635980786,61.84387085878598,16.286897969395795,30.92193542939299,8.143448984697898,1522.8832050578965,1528.0510041743871,8.038730371496513,14.145919208903251,28.34358165803974,28.773908075277028,2.7780039595449915,2.1688369616982626,20.009569779404764,22.26739719018224,-0.43032641723728915,0.6091669978467289,-2.2578274107774767,0.34440430297427466,0.18630986109614517,0.1580944418781295,0.10233243279635507,3.6557276593902595,2.6771277457205493,-5.39346568419478,-5.39346568419478,-4.516514504005965,9.579110619542309,2.652217509261188,1.9606258365539393,-0.802753607466963,24.0,24.0,0.453125,0.47777777777777775,28.5,41.5,0.5263157894736842,0.5511229314420805,0.8,0.4,0.381578947368421,0.6028368794326241,1.2000000000000002,0.09999999999999998,5.2069745046383105,-3.4708020545979252,1.0,5.0,1.0,0.4,2.0,-1.0,0.0,0.5,0.0,0.9,0.25,0.375,0.7222222222222222,0.575,0.5486111111111112,0.026388888888888795
71,13,,SY,NS,FZ,CH,13,21,-8,0,1516.7653178568046,1537.6324823881155,-20.86716453131089,20.86716453131089,0.4879902049506894,1524.9087668415025,1542.9061772244722,1508.6218688721067,1532.358787551759,16.286897969395795,10.54738967271328,8.143448984697898,5.27369483635664,1528.0510041743871,1540.4470188926196,11.285686317582531,2.814536504504076,29.133368276435377,30.99707576951856,2.136849746879883,2.0924022967930442,22.722819035795727,24.719868879139426,-1.863707493083183,0.04444745008683881,-1.9970498433436994,0.17961725253630917,0.2627493386019678,-0.08313208606565864,0.4241152810702593,2.2893303357891615,3.142906579393739,15.434927616128107,-26.299401446493675,-2.3655445505897426,2.6192681428850904,3.46424787468489,-0.21681616005720628,0.2500177130869563,37.0,37.0,0.43863636363636366,0.5544117647058824,42.5,48.5,0.5619369369369369,0.6264367816091954,0.4,0.8,0.661036036036036,1.8514588859416445,-0.6,4.1,-0.02628228880575989,1.363072354246924,6.0,11.0,0.5,0.8181818181818182,2.0,51.0,1.0,0.0,-2.0,0.75,0.8,0.7777777777777778,0.7142857142857143,0.775,0.746031746031746,0.028968253968253976
72,13,,FZ,NS,CH,SY,21,17,4,1,1525.7640230482893,1528.6337771966307,-2.8697541483413715,2.8697541483413715,0.49834804273024713,1546.2756334015128,1535.7282437287995,1505.2524126950661,1521.539310664462,41.02322070644664,14.188933064337562,20.51161035322332,7.094466532168781,1535.5287846767806,1533.5241580627626,9.764761628491215,4.8903808661318635,30.286778418863264,29.833937306749355,2.1900629460411,1.9828064166766743,23.716589580739964,23.885518056719334,0.45284111211390865,0.2072565293644255,-0.16892847597937077,0.24143738041846352,0.20751014193748896,0.033927238480974564,0.17002740484187107,1.8682115128030372,2.393489629343277,-1.3919469938050497,-7.131455290487793,-3.720028250603864,5.501104873434869,0.6919165812347572,0.08785492223052316,-0.05013276464463168,35.0,35.0,0.501240694789082,0.48571428571428565,39.0,54.0,0.6006578947368422,0.5823244552058111,0.6000000000000001,0.5,1.3921052631578947,1.0453130404704254,1.9000000000000001,0.10000000000000009,0.5995843082444026,0.027417832090236516,6.0,12.0,0.6666666666666666,0.6666666666666666,10.0,23.0,2.0,0.0,-13.0,0.8181818181818182,0.6666666666666666,0.5882352941176471,0.7368421052631579,0.7424242424242424,0.6625386996904025,0.07988554273383996
73,13,,SY,FZ,NS,CH,21,17,4,1,1533.9074720329872,1520.4903282119328,13.417143821054424,13.417143821054424,0.5077229145890216,1549.2616569566899,1532.7422201736224,1518.5532871092848,1508.2384362502432,30.708369847405038,24.50378392337916,15.354184923702519,12.25189196168958,1540.2908646767078,1530.2550898404238,6.383392643720526,9.764761628490987,31.636451452887524,28.55223494280871,2.1109007310277934,1.9997548860098888,25.303749259804142,22.552970284779043,3.0842165100788144,0.11114584501790459,2.7507789750250993,0.20450374754754327,0.24625784438506026,-0.04175409683751699,0.038508966618001406,2.4115962801604702,1.5103795474498383,9.495167993444056,9.495167993444056,-1.0264391069588683,3.586816545602609,1.297828206973417,0.04673691983035866,-0.01232172404591303,39.0,39.0,0.5555555555555556,0.45176630434782605,45.5,49.5,0.6214634146341464,0.5608974358974359,0.5,0.6,1.6370731707317074,0.7743589743589743,-0.5,1.5,-0.04915175286953399,0.06743030759616886,6.0,14.0,0.8333333333333334,0.6428571428571429,29.0,25.0,0.0,0.5,0.0,0.6,0.5,0.4444444444444444,0.75,0.55,0.5972222222222222,-0.047222222222222165
74,13,,CH,SY,AC,FZ,17,21,-4,0,1525.6477536414536,1511.361206674911,14.286546966542574,14.286546966542574,0.5082232559685133,1529.8119994271285,1552.1918777031838,1521.4835078557787,1470.5305356466383,8.328491571349787,81.66134205654544,4.164245785674893,40.83067102827272,1533.5241580627626,1526.0959388515919,7.876404421308962,14.734732176680836,29.535876258428537,28.75045817250877,1.937808808357972,2.3446147080840065,23.72244983335462,21.716614048256748,0.785418085919769,-0.4068058997260344,2.0058357850978723,0.20511042296205606,0.24740027079261584,-0.04228984783055978,0.35277020291583117,2.070241853811031,2.8234451423737603,9.392859970357904,9.392859970357904,-3.497005430522208,0.9962460852400454,9.80145171598911,-0.18781819652659593,-0.281334731453482,33.5,33.5,0.4537037037037037,0.5014285714285714,56.0,35.5,0.5711989713918354,0.5176518883415435,0.4,0.5,0.9431051108968178,0.10919540229885061,-0.7,-0.30000000000000004,-1.782474855742862,0.5275831235039732,13.0,7.0,0.6153846153846154,0.5714285714285714,19.0,4.0,1.0,0.0,-2.0,0.5714285714285714,0.4117647058823529,0.36363636363636365,0.6666666666666666,0.49159663865546216,0.5151515151515151,-0.02355487649605298
75,13,,AC,CH,NS,FZ,7,21,-14,0,1500.1712675368835,1530.2626158176586,-30.091348280775037,30.091348280775037,0.48268495414050244,1526.7868609987445,1555.2170161315678,1473.5556740750224,1505.3082155037494,53.231186923722134,49.90880062781844,26.615593461861067,24.95440031390922,1517.8641218643997,1539.999476041808,17.692854327516216,9.736860224149495,26.58462232794962,30.899800356470067,2.153623994273268,2.10966081835557,20.123750345129817,24.57081790140336,-4.315178028520446,0.04396317591769794,-4.4470675562735416,0.2477030210621211,0.2467786576873433,0.0009243633747778035,0.32982181293023916,2.531732917894251,2.9001298265145676,24.65948553636622,-35.523211025183855,0.05189321589160656,4.232988583045277,6.407942482344723,-0.3224069170524082,0.36397481860195846,32.5,32.5,0.3653846153846154,0.6110056925996206,46.0,41.5,0.46559139784946235,0.6113372093023256,0.30000000000000004,0.6000000000000001,-0.5682795698924732,1.4363372093023254,-1.7000000000000002,1.0,-2.4081137730869386,2.3591227457208106,5.0,7.0,0.2,0.7142857142857143,-20.0,14.0,0.0,0.5,0.0,0.25,0.55,0.4,0.75,0.4,0.575,-0.17499999999999993
76,13,,NS,CH,AC,SY,17,21,-4,0,1516.0475382512468,1493.9958344422898,22.051703808956972,22.051703808956972,0.5126912545233423,1522.7644863809069,1518.4583694273947,1509.330590121587,1469.5332994571847,13.433896259319908,48.92506997020996,6.716948129659954,24.46253498510498,1530.2550898404238,1515.6600361983628,14.207551589177001,21.664201756073,28.21542548418872,26.95179467842361,1.9522324948224807,2.20795970041668,22.358727999721278,20.32791557717357,1.2636308057651107,-0.25572720559419926,2.030812422547708,0.24670378531343773,0.19442345263899247,0.05228033267444526,0.5170861047873878,3.1225841080562016,2.51389980253679,16.415219898364057,16.415219898364057,-2.8965613894740514,0.741063435948579,5.380393088975147,-0.1663704165956741,-0.29903821645774364,39.5,39.5,0.5734707446808511,0.4185064935064935,52.0,41.5,0.5460704607046071,0.45626550868486354,0.4,0.4,0.6846689895470384,-0.998759305210918,-0.9,-2.3,-2.4109951639485416,-2.941406043106781,15.0,8.0,0.6,0.375,21.0,-11.0,1.0,1.0,3.0,0.5454545454545454,0.5238095238095238,0.4166666666666667,0.7,0.5346320346320346,0.5583333333333333,-0.02370129870129878
77,13,,FZ,SY,AC,NS,21,16,5,1,1540.3747469173386,1489.4319447893859,50.942802127952746,50.942802127952746,0.5292914560117796,1559.2393907494054,1506.2788564637099,1521.5101030852718,1472.5850331150618,37.72928766413361,33.69382334864804,18.864643832066804,16.84691167432402,1545.2797315730656,1512.390967976024,4.9049846557270484,22.959023186638206,32.15587954518004,26.137920076191943,2.0284661645143816,2.2093541841335416,26.070481051636897,19.509857523791318,6.017959468988099,-0.18088801961916,6.5606235278455785,0.20521489477152513,0.23679585713580042,-0.031580962364275295,0.728082473407602,2.9958080247679146,1.6594638438223117,46.287530259362484,46.287530259362484,1.780139120340177,4.202368884964361,2.5087505845053997,0.3325960850612333,0.12336573141405438,27.5,27.5,0.5933333333333333,0.38928571428571423,48.5,37.0,0.6352915951972555,0.4494047619047619,0.7,0.4,1.8168953687821612,-1.0007440476190477,2.5999999999999996,-1.7,4.001731608883347,-0.008449872742517073,7.0,4.0,0.8571428571428571,0.5,33.0,-14.0,1.0,0.0,-3.0,0.8333333333333334,0.3888888888888889,0.46153846153846156,0.5,0.6111111111111112,0.4807692307692308,0.13034188034188038
78,13,,SY,NS,CH,TD,21,15,6,1,1513.8944797744907,1500.3875295443581,13.506950230132588,13.506950230132588,0.5077745988975216,1524.4240131194847,1519.7127527230298,1503.364946429497,1481.0623063656863,21.05906668998773,38.650446357343526,10.529533344993865,19.325223178671763,1528.0510041743871,1517.8641218643997,14.156524399896398,17.476592320041618,28.719817623515297,25.489726443826896,1.9856179442932853,2.4743634151397673,22.76296379063544,18.066636198407593,3.230091179688401,-0.488745470846482,4.696327592227846,0.18508877582964034,0.2751873704019012,-0.09009859457226088,0.08240472589198566,2.1657270183213475,3.8290771780190305,7.512146033792078,7.512146033792078,-1.2298901797446504,2.8278083128186218,5.489632051983218,-0.0651526907900255,0.4276791519157399,32.0,32.0,0.5127253446447508,0.3997584541062802,48.5,42.0,0.5428509905254091,0.4484375,0.5,0.3,0.5191645133505599,-0.559375,1.0,-3.2,0.19944723789069485,-2.7594472890833686,7.0,7.0,0.42857142857142855,0.5714285714285714,-6.0,9.0,0.0,0.5,0.0,0.6666666666666666,0.7142857142857143,0.5555555555555556,0.3333333333333333,0.6904761904761905,0.4444444444444444,0.24603174603174605
79,13,,TD,NS,CH,SY,21,18,3,1,1492.2136263975917,1522.0683829212571,-29.8547565236654,29.8547565236654,0.48282098525481704,1506.5292525794414,1527.5883192694291,1477.8980002157418,1516.5484465730854,28.63125236369956,11.039872696343764,14.31562618184978,5.519936348171882,1512.390967976024,1533.5241580627626,20.177341578432333,11.455775141505455,24.89781012044462,29.195427382004482,2.5362214054895293,1.8588156673314509,17.289145903976035,23.61898038001013,-4.297617261559861,0.6774057381580785,-6.329834476034094,0.2539819235476319,0.19554097912159982,0.058440944426032065,0.25891201409395037,2.0579940959938456,3.9237771156614514,23.872985312010087,-35.836527735320715,-0.09741981126112265,5.181765751129888,2.2114675896431883,-0.0049627474875375555,-0.08603578578086335,30.5,30.5,0.3192219679633867,0.652056277056277,32.5,60.0,0.428030303030303,0.5601398601398602,0.5,0.4,-0.8430735930735931,0.7657342657342657,0.7999999999999999,-1.7000000000000002,-1.1082527629633887,-0.8405029647681204,3.0,14.0,0.0,0.5714285714285714,-13.0,15.0,0.0,0.5,0.0,0.4,0.75,0.5263157894736842,0.7142857142857143,0.575,0.6203007518796992,-0.045300751879699286
80,13,,FZ,TD,CH,NS,20,22,-2,0,1521.5033048275236,1511.5388495762634,9.964455251260233,9.964455251260233,0.5057357499112131,1562.1533007836183,1513.5931379173985,1480.8533088714287,1509.4845612351282,81.29999191218963,4.108576682270268,40.64999595609481,2.054288341135134,1531.0766503918092,1530.2550898404238,9.573345564285546,18.716240264160433,29.046776542889567,27.852242102107603,2.512881532191309,1.8720213940007753,21.50813194631564,22.236177920105277,1.1945344407819647,0.6408601381905337,-0.7280459737896372,0.2689659560467909,0.20333495457136613,0.06563100147542478,0.12704790953025685,3.279359913533335,3.4399963217146095,3.245099016012091,3.245099016012091,-3.1903684854101186,10.60413257349451,0.51147134813219,0.5928924894830772,-0.08251686595504992,28.5,28.5,0.5480182926829269,0.4053030303030303,33.5,55.5,0.5373737373737374,0.5318181818181817,0.8,0.3,0.5681818181818182,0.543939393939394,2.9,-1.7000000000000002,3.2079952101587423,-1.9005395659893338,2.0,16.0,0.5,0.5625,-1.0,17.0,1.0,1.0,2.0,0.8461538461538461,0.2,0.5,0.46153846153846156,0.5230769230769231,0.4807692307692308,0.042307692307692324
81,13,,CH,FZ,TD,SY,21,14,7,1,1537.8732193505084,1501.3584070940192,36.51481225648922,36.51481225648922,0.5210072417068382,1559.3837954864855,1524.6330106137423,1516.3626432145313,1478.0838035742959,43.02115227195418,46.5492070394464,21.51057613597709,23.2746035197232,1548.940772256209,1515.6600361983628,11.067552905700495,14.301629104343647,30.909330378854396,26.29884635466683,1.9032088029346141,2.366117838307699,25.199703970050553,19.20049283974373,4.610484024187567,-0.4629090353730847,5.999211130306822,0.2725421189164319,0.19173626306678399,0.08080585584964789,0.4336625992246683,3.329228847473378,2.6610097441810057,30.52457366483486,30.52457366483486,0.341157382945255,5.9855195185710315,6.8677772638317585,-0.15929191018155286,-0.20913727121509318,31.5,31.5,0.5760869565217391,0.4019607843137255,56.5,39.5,0.6164828033744322,0.45962732919254656,0.5,0.5,1.766547696301103,-0.5419254658385093,0.0,0.20000000000000007,0.15653458418705668,-0.4849702859290801,12.0,3.0,0.8333333333333334,0.6666666666666666,59.0,8.0,0.0,0.5,0.0,0.5333333333333333,0.5294117647058824,0.5,0.6818181818181818,0.5313725490196078,0.5909090909090908,-0.059536541889482986
82,13,,TD,FZ,SY,CH,14,21,-7,0,1518.7337995303906,1520.4978269141368,-1.7640273837462246,1.7640273837462246,0.4989845456067527,1562.5770805417733,1521.4397255584545,1474.890518519008,1519.555928269819,87.6865620227652,1.8837972886353782,43.8432810113826,0.9418986443176891,1531.2885402708866,1533.5241580627626,12.554740740496072,13.026331148625786,28.323650777848243,28.816342463655623,2.4146602777739536,1.8111637861020546,21.079669944526383,23.38285110534946,-0.49269168580737954,0.603496491671899,-2.303181160823076,0.2513060379896984,0.19623238509128443,0.05507365289841398,0.023614442477845055,2.4497752215777804,2.2840166458725184,-2.9697644837040116,-6.497819251196461,-3.7331323780686283,11.42261151736486,1.607165482275832,-0.16840679719036622,-0.15288864413980185,37.0,37.0,0.4594168636721828,0.4853801169590643,35.5,62.5,0.5177304964539007,0.5527605779153766,0.5,0.5,0.44769503546099276,0.6922084623323014,1.2999999999999998,0.09999999999999998,-0.4020525935104615,-0.03898112028775813,3.0,15.0,0.3333333333333333,0.5333333333333333,-3.0,12.0,0.0,0.5,0.0,0.5,0.5555555555555556,0.5,0.6666666666666666,0.5277777777777778,0.5833333333333333,-0.05555555555555547
83,13,,TD,TT,CH,NS,15,21,-6,0,1470.5180894091004,1517.5682792197292,-47.05018981062881,47.05018981062881,0.47294219301365353,1471.5639548816298,1522.8824919071974,1469.472223936571,1512.254066532261,2.091730945058771,10.628425374936342,1.0458654725293854,5.314212687468171,1503.0824089248601,1530.2550898404238,32.564319515759735,12.686810620694587,22.012558607041942,28.37818470055305,2.7136309862699495,1.8351761051389988,13.871665648232094,22.872656385136054,-6.365626093511107,0.8784548811309507,-9.00099073690396,0.23160333466357885,0.20757238720981713,0.02403094745376172,0.4456768635425856,2.9889426880668735,3.1021991984868627,40.959047924075094,-53.14133169718252,1.8168190021021573,0.01628735017475691,0.25704319272524145,-0.38391110805580553,0.5115067639379536,26.0,26.0,0.315625,0.7109243697478991,30.5,57.5,0.34055555555555556,0.5471014492753623,0.2,0.6,-1.9038888888888887,0.6630434782608696,-2.9,0.8999999999999999,-4.764569289889323,4.882846107522255,3.0,17.0,0.0,0.5882352941176471,-22.0,19.0,0.0,0.5,0.0,0.42857142857142855,0.25,0.5238095238095238,0.5,0.3392857142857143,0.5119047619047619,-0.17261904761904756
84,13,,NS,TD,TT,CH,10,21,-11,0,1491.9090107069455,1496.1773579218843,-4.268347214938785,4.268347214938785,0.4975429616107208,1515.2944092016346,1525.922834576571,1468.5236122122562,1466.4318812671975,46.77079698937837,59.49095330937348,23.385398494689184,29.745476654686744,1512.390967976024,1520.94653078926,20.48195726907852,24.769172867375573,25.221815633092103,25.093727411870578,2.311219254117411,2.201171784350097,18.28815787073987,18.490212058820287,0.12808822122152463,0.11004746976731417,-0.20205418808041742,0.18247301431755142,0.2588373571006438,-0.0763643427830924,0.1478022167016722,4.298002497144703,4.201308026295664,-4.230963308501714,-12.767657738379285,-4.384302817245985,6.713142136089168,6.424292397865933,-0.08611934014817457,-0.009616851924866054,25.0,25.0,0.46434634974533107,0.4338235294117647,36.5,53.5,0.43044189852700493,0.45424710424710424,0.5,0.5,-0.9030278232405891,-0.37432432432432433,-0.7,0.5999999999999999,-0.17523269671266917,0.24472413491309908,4.0,6.0,0.25,0.5,-10.0,3.0,0.0,0.5,0.0,0.5,0.16666666666666666,0.5,0.7,0.3333333333333333,0.6,-0.26666666666666666
85,14,,FZ,CH,NS,SY,21,12,9,1,1544.4820774989998,1518.1349474402168,26.347130058783023,26.347130058783023,0.5151619773039423,1559.250516904395,1524.7662891958328,1529.713638093605,1511.5036056846006,29.536878810790085,13.262683511232126,14.768439405395043,6.631341755616063,1549.1526621352864,1528.0510041743871,4.670584636286549,9.916056734170297,31.134377229421943,29.076682539534005,1.856738351158818,1.8869398500849521,25.56416217594549,23.415862989279148,2.0576946898879385,-0.030201498926134107,2.1482991866663426,0.2832846290285033,0.1516676987496719,0.13161693027883142,0.45680064977814827,3.096050418092361,2.432599739782763,20.81847990090796,20.81847990090796,-1.6859835113558326,5.150392683387924,1.640708072187131,0.004719728632535336,0.014415339790948778,47.0,47.0,0.5572275421796625,0.4439814814814815,59.5,53.0,0.6254401408450705,0.555316091954023,0.8,0.7,1.906543427230047,0.5668103448275862,5.0,1.4,2.77791544625984,0.3432221412159606,13.0,8.0,0.8461538461538461,0.5,66.0,0.0,1.0,1.0,6.0,0.7857142857142857,0.5,0.45454545454545453,0.6521739130434783,0.6428571428571428,0.5533596837944664,0.08949745906267637
86,14,,SY,FZ,NS,CH,21,12,9,1,1542.0084030501139,1520.6086218891028,21.399781161011106,21.399781161011106,0.5123162123864006,1562.7136456379383,1533.1767668271482,1521.3031604622895,1508.0404769510574,41.41048517564877,25.136289876090814,20.705242587824387,12.568144938045407,1547.016859017332,1530.2550898404238,5.008455967218197,9.646467951321029,31.820431266817295,28.385375976901166,1.914788343358168,1.7904154452783325,26.07606623674279,23.01412964106617,3.4350552899161286,0.12437289807983554,3.0619365956766202,0.22016157623284577,0.21969189414005155,0.0004696820927942158,0.08011096824035424,1.9572156668777154,3.6522468148511757,15.790318679282109,15.790318679282109,-0.2701484987203706,4.25293715018304,0.6874692151410358,-0.09828708847148349,0.050613121230320246,48.0,48.0,0.5758169934640522,0.42678571428571427,54.0,60.5,0.6265997924593566,0.5500283446712018,0.5,0.8,1.7455897613282603,0.6682256235827664,0.6,3.1,-0.5724813952818977,1.8257439612008284,8.0,18.0,0.875,0.6111111111111112,38.0,25.0,1.0,1.0,4.0,0.7142857142857143,0.5263157894736842,0.4166666666666667,0.7272727272727273,0.6203007518796992,0.571969696969697,0.048331054910002225
87,14,,TD,FZ,TT,NS,21,13,8,1,1515.464954979486,1487.3898530547385,28.075101924747514,28.075101924747514,0.5161557019407956,1566.1971012637498,1504.5570213252458,1464.7328086952223,1470.2226847842314,101.46429256852753,34.33433654101441,50.73214628426376,17.167168270507204,1533.0985506318748,1515.4733769008844,17.63359565238875,28.08352384614591,27.68124875470918,25.19415138230336,2.2924419548928685,2.246304688407327,20.803922890030577,18.45523731708138,2.4870973724058203,0.046137266485541506,2.348685572949197,0.25621122367617255,0.21608728631555357,0.04012393736061898,0.4102964336651831,3.6214649835142474,3.2789685837755504,21.174668357457676,21.174668357457676,-2.0516492708943765,12.867930281834337,5.389645926408839,-0.3490492288940725,-0.02216855366537729,22.5,22.5,0.533410138248848,0.38038793103448276,38.5,44.0,0.4981481481481481,0.4442105263157895,0.3,0.30000000000000004,0.13962962962962955,-0.6578947368421053,-1.6999999999999997,-2.5,-1.3267287921893285,-3.1197938409628705,4.0,4.0,0.25,0.5,-10.0,5.0,0.0,0.5,0.0,0.375,0.55,0.5454545454545454,0.5333333333333333,0.4625,0.5393939393939393,-0.07689393939393929
88,14,,AC,TD,TT,SY,13,21,-8,0,1468.8723807265733,1495.8342355976285,-26.961854871055266,26.961854871055266,0.4844844916879274,1469.671123080849,1524.786616088101,1468.0736383722976,1466.881855107156,1.597484708551292,57.90476098094496,0.798742354275646,28.95238049047248,1500.0,1518.7424451232232,31.127619273426717,22.908209525594657,23.186052696878853,25.989833298776812,2.4618506877909057,2.1969632312870973,15.800500633506136,19.39894360491552,-2.8037806018979587,0.2648874565038084,-3.5984429714093835,0.2264878494473872,0.19914396564460965,0.027343883802777552,0.3143726638022032,2.5248723917523694,1.9169364399882087,22.52004603931482,-31.40366370279571,-1.8550333171800446,3.16083609517203,7.6974775348456035,0.029613017625445437,0.04145447419285375,18.0,18.0,0.39966555183946484,0.6041666666666667,30.5,49.5,0.3425324675324676,0.46282051282051284,0.30000000000000004,0.30000000000000004,-2.420995670995671,-0.37692307692307697,-4.1,-1.2,-1.4936390789436018,-0.393521631411204,1.0,9.0,0.0,0.5555555555555556,-11.0,-5.0,0.0,0.5,0.0,0.23076923076923078,0.14285714285714285,0.5,0.625,0.18681318681318682,0.5625,-0.3756868131868132
89,14,,AC,NS,TT,CH,16,21,-5,0,1483.7710323336823,1499.9602081850737,-16.189175851391383,16.189175851391383,0.4906818402498627,1501.2161916481705,1529.6933112013367,1466.3258730191942,1470.2271051688108,34.890318628976274,59.46620603252586,17.445159314488137,29.73310301626293,1512.390967976024,1520.94653078926,28.619935642341716,20.98632260418617,26.100107576008043,25.534944686099195,2.091112668520492,2.099809139481424,19.826769570446565,19.235517267654924,0.5651628899088479,-0.008696470960931624,0.5912523027916414,0.2021889626461894,0.2642411160459608,-0.06205215339977138,0.5314336741407006,3.7593436747592373,2.598014511140864,9.831817665491144,-22.54653403729162,-3.625758918093066,3.2088208074800875,6.145338452865072,-0.23442120101183406,0.18930228560800622,30.5,30.5,0.4831154684095861,0.4412144702842377,42.5,56.5,0.43137254901960786,0.4683219178082192,0.30000000000000004,0.6000000000000001,-1.4019607843137254,-0.11815068493150682,-5.0,2.5,-5.457238422119531,1.4977288980912817,5.0,7.0,0.4,0.5714285714285714,-19.0,14.0,0.0,0.5,0.0,0.21428571428571427,0.7777777777777778,0.5384615384615384,0.6666666666666666,0.49603174603174605,0.6025641025641025,-0.10653235653235649
90,14,,CH,SY,FZ,NS,22,20,2,1,1530.4313658001292,1533.858284169915,-3.4269183697856533,3.4269183697856533,0.49802731744733186,1532.7308654505025,1569.5379309408252,1528.1318661497558,1498.1786373990046,4.598999300746755,71.35929354182053,2.2994996503733773,35.67964677091027,1533.5241580627626,1547.1599334464368,3.0927922626333384,13.301649276521857,29.436657381537117,30.84901067909309,1.7369515803299573,1.8926807026834405,24.225802640547244,25.17096857104277,-1.412353297555974,-0.15572912235348313,-0.9451659304955271,0.20633360439002826,0.2315514324408841,-0.025217828050855845,0.12776776017009295,2.570943465936216,4.1245086564751,-3.2685337526256717,-10.122370492196978,-2.2172789854574226,1.129667582269203,6.9382452869014095,0.22419835184154913,-0.0906020610463969,47.5,47.5,0.4629547471162378,0.5280748663101604,67.5,51.5,0.5706690296854231,0.6029411764705883,0.7,0.4,0.9600132919805051,1.4338235294117647,3.0,-1.6,3.2648584397695686,-0.5189366597611524,16.0,8.0,0.5625,0.75,19.0,28.0,1.0,0.0,-2.0,0.5625,0.42105263157894735,0.8,0.5,0.4917763157894737,0.65,-0.15822368421052635
91,14,,AC,SY,TD,NS,21,18,3,1,1497.0845414716434,1480.0790638430724,17.005477628571043,17.005477628571043,0.5097878892581962,1530.8807641732585,1495.4297393755019,1463.2883187700284,1464.728388310643,67.59244540323016,30.701351064858954,33.79622270161508,15.350675532429477,1515.6600361983628,1512.390967976024,18.5754947267194,32.31190413295167,27.177613015217638,24.14516942815841,2.0326120204077256,2.167533868258269,21.07977695399446,17.642567823383605,3.032443587059227,-0.1349218478505434,3.4372091306108565,0.18659599545157923,0.1859772918815344,0.0006187035700448429,0.015017972691409254,3.227629587949377,3.5259529983342643,10.251895042287288,10.251895042287288,-1.1677023016067665,6.375952304834385,5.7216328708299,-0.04174692190917284,-0.4576244065048556,28.5,28.5,0.5128205128205128,0.3684210526315789,48.5,41.0,0.46175115207373274,0.400455432661028,0.5,0.1,-0.9216589861751152,-1.4173715029277816,-1.0999999999999999,-5.699999999999999,-0.042692879512060244,-4.425383074030492,9.0,5.0,0.4444444444444444,0.2,-7.0,-21.0,1.0,1.0,9.0,0.2,0.45,0.4,0.47058823529411764,0.325,0.43529411764705883,-0.11029411764705882
92,14,,NS,FZ,AC,TD,21,9,12,1,1529.7087801157213,1464.0083535403355,65.70042657538579,65.70042657538579,0.5377482413207183,1566.7890329173224,1466.08953083141,1492.6285273141202,1461.9271762492613,74.16050560320218,4.162354582148737,37.08025280160109,2.0811772910743684,1547.1599334464368,1500.0,17.451153330715442,35.99164645966448,30.37505542980515,22.609416746002495,1.8583405013024916,2.362910341663388,24.800033925897676,15.520685721012331,7.765638683802656,-0.5045698403608965,9.279348204885345,0.22189760105042744,0.22865109652392257,-0.00675349547349513,0.5494264571652461,3.879134991090431,2.8247303634489254,58.99656122084639,58.99656122084639,3.5443878408367766,7.0449373196878575,3.2439928144534917,-0.30687434172252104,-0.3262531416328418,21.0,21.0,0.7139423076923077,0.3269794721407625,53.0,33.0,0.5868945868945868,0.33055555555555555,0.3,0.30000000000000004,1.3429487179487178,-2.561111111111111,-1.0000000000000002,-3.1,-1.9410543569060792,-2.5861967252867544,9.0,2.0,0.6666666666666666,0.0,26.0,-19.0,0.0,0.5,0.0,0.46153846153846156,0.5714285714285714,0.42857142857142855,0.2857142857142857,0.5164835164835164,0.3571428571428571,0.15934065934065933
93,14,,FZ,CH,TD,SY,21,13,8,1,1552.9503872476182,1495.9885871899965,56.96180005762176,56.96180005762176,0.53274292224947,1570.4210110212312,1533.6819762346402,1535.4797634740053,1458.2951981453525,34.941247547225885,75.38677808928765,17.470623773612942,37.69338904464382,1553.0746273750153,1516.8409881173202,0.12424012739711543,20.852400927323743,31.558506562319238,25.716446443833533,1.7783607036238251,2.120399146672564,26.223424451447762,19.355249003815842,5.842060118485705,-0.34203844304873865,6.86817544763192,0.27718216934346385,0.1787142123014699,0.09846795704199396,0.5527693164936531,2.4680057461821665,3.8204404411962,50.67335387024332,50.67335387024332,1.943300268189315,4.761413540384684,9.5972859286714,0.1422552373691932,0.07072648578322571,38.0,38.0,0.6041819515774027,0.3438697318007663,64.0,47.0,0.6357232704402516,0.43881208397337435,0.8,0.5,2.1343396226415097,-0.9831029185867897,5.4,-1.3,3.305080564851778,0.33442790191429594,14.0,4.0,0.8571428571428571,0.5,75.0,1.0,1.0,1.0,7.0,0.8,0.5217391304347826,0.3333333333333333,0.64,0.6608695652173913,0.4866666666666667,0.17420289855072457
94,14,,FZ,CH,NS,SY,20,22,-2,0,1556.1766861178005,1513.3580913912433,42.818594726557194,42.818594726557194,0.5246284173185185,1573.6473098914134,1530.4556773644579,1538.7060623441876,1496.260505418029,34.941247547225885,34.1951719464289,17.470623773612942,17.09758597321445,1556.1766861178005,1529.2319560933443,0.0,15.873864702100946,31.62737499030213,28.668022338617106,1.7704398335629161,1.7807313697638234,26.316055489613383,23.325828229325637,2.9593526516850233,-0.01029153620090728,2.990227260287746,0.2788555201658557,0.16009959470961427,0.11875592545624142,0.606688986973047,2.8470385351185197,2.920295801410861,37.051260390027664,37.051260390027664,-0.5918185516417189,4.782089126650217,3.5576273585884692,0.1362567402553463,-0.03195417546635859,53.0,53.0,0.5882563551736484,0.4097826086956522,65.0,59.5,0.6413255360623782,0.5345170454545455,0.8,0.5,2.2244152046783627,0.32826704545454544,5.0,0.7999999999999999,4.538770584628196,0.1930412747394712,15.0,9.0,0.8666666666666667,0.4444444444444444,83.0,-9.0,2.0,1.0,15.0,0.8125,0.5416666666666666,0.38461538461538464,0.6153846153846154,0.6770833333333333,0.5,0.17708333333333326
95,15,,SY,CH,NS,SY,21,18,3,1,1534.5808698543228,1516.231056533702,18.349813320620797,18.349813320620797,0.510561430482542,1535.833097201729,1533.3286425069164,1533.3286425069164,1499.1334705604875,2.5044546948126936,34.1951719464289,1.2522273474063468,17.09758597321445,1536.194019289414,1529.2319560933443,1.6131494350911453,13.000899559642221,29.872116118823808,29.108147042171275,1.6819892062662336,1.7564312537189508,24.826148500025106,23.838853281014423,0.7639690766525327,-0.07444204745271721,0.987295219010683,0.20339241472406616,0.15843944407176963,0.04495297065229653,0.34576932557531675,2.5451542444650013,2.1533420160199492,13.651317060135852,13.651317060135852,-2.674451383332652,2.016863599989442,3.5448017532945038,0.17543554621651758,0.3408501242483215,41.0,41.0,0.5670596904937362,0.46262254901960786,71.0,60.5,0.578021978021978,0.5423076923076924,0.7,0.6000000000000001,0.9572427572427573,0.3565934065934066,1.1,1.1,1.6886672442436748,2.4200758840846675,17.0,10.0,0.5882352941176471,0.5,21.0,-7.0,0.0,0.5,0.0,0.75,0.52,0.42857142857142855,0.6296296296296297,0.635,0.5291005291005291,0.10589947089947094
96,15,,SY,FZ,AC,CH,21,18,3,1,1552.0514936279355,1500.5437208775222,51.507772750413324,51.507772750413324,0.5296155506974031,1570.774344748955,1538.6298890275432,1533.3286425069164,1462.4575527275013,37.44570224203858,76.17233630004193,18.72285112101929,38.08616815002097,1553.6646430630267,1519.3530311720938,1.6131494350911453,18.80931029457156,32.08116172461802,26.620154568364256,1.799364993361952,1.9206297696176997,26.683066744532162,20.858265259511157,5.461007156253764,-0.12126477625574772,5.8248014850210055,0.21335877813683615,0.250791820470118,-0.037433042333281846,0.4371671418042872,1.6991482343314246,2.3903527909294358,47.41827172515241,47.41827172515241,1.7410123932741115,2.8699702665430173,4.891632349546594,-0.20126464376331654,-0.06716195141840231,43.0,43.0,0.6066017316017316,0.3635752688172043,61.0,57.5,0.6364993215739485,0.4641372141372141,0.6,0.5,1.971506105834464,-0.8284823284823286,2.1,-1.1,0.5221725639761416,-0.37748671517283583,9.0,6.0,0.8888888888888888,0.16666666666666666,47.0,-34.0,1.0,1.0,5.0,0.7777777777777778,0.5909090909090909,0.4,0.6923076923076923,0.6843434343434344,0.5461538461538462,0.13818958818958815
97,15,,FZ,NS,CH,TT,21,11,10,1,1534.8994673112502,1504.603318653324,30.296148657926096,30.296148657926096,0.5174327960878472,1573.4622558878268,1535.9419778886713,1496.3366787346733,1473.2646594179766,77.12557715315347,62.67731847069467,38.562788576576736,31.338659235347336,1549.214622921731,1522.435440096954,14.315155610480815,17.83212144362983,30.347878638521095,26.031205415397185,1.8060756303540377,2.0314241489245903,24.929651747458983,19.936932968623413,4.31667322312391,-0.2253485185705526,4.99271877883557,0.2249767998963924,0.2695725024497062,-0.0445957025533138,0.06878789496635074,2.2899754536031978,1.972472691421138,26.03370051290176,26.03370051290176,0.4791734438452835,6.506415261218859,5.944414005339276,-0.06718021838901223,0.2921578419049702,39.0,39.0,0.6153846153846154,0.32407407407407407,56.5,60.0,0.593828320802005,0.4799320778017907,0.5,0.6,1.5278822055137844,0.001852423587527019,2.5,1.8,1.411179724293902,1.4414210851731468,10.0,8.0,0.7,0.625,38.0,19.0,0.0,0.5,0.0,0.7647058823529411,0.7,0.5454545454545454,0.3125,0.7323529411764705,0.4289772727272727,0.30337566844919783
98,15,,AC,NS,TT,SY,8,21,-13,0,1479.8340629379938,1502.85970375554,-23.02564081754622,23.02564081754622,0.48674847965443985,1499.8984842873583,1536.0165536457885,1459.7696415886294,1469.7028538652917,40.12884269872893,66.31369978049679,20.064421349364466,33.156849890248395,1512.390967976024,1521.0906857477544,32.55690503803021,18.23098199221431,25.625923203027796,26.786129445255845,1.9776434732545187,2.0738288904900744,19.692992783264238,20.56464277378562,-1.1602062422280497,-0.09618541723555563,-0.8716499905213837,0.20876455199259897,0.20665072404969392,0.0021138279429050444,0.37497863142532817,2.50197142072634,1.893259508047842,18.630409888772192,-27.420871746320245,-2.8912661215165407,3.1450561104861556,7.8645500457265705,-0.005591256038607995,0.15076016197766862,27.5,27.5,0.46904024767801855,0.47549019607843135,48.0,55.0,0.42105263157894735,0.484593837535014,0.4,0.6,-1.382032667876588,-0.257703081232493,-0.7,0.3,-0.3847953871493246,1.183972068093908,6.0,10.0,0.3333333333333333,0.6,-24.0,3.0,0.0,0.5,0.0,0.25,0.7272727272727273,0.5714285714285714,0.6071428571428571,0.48863636363636365,0.5892857142857142,-0.10064935064935054
99,15,,NS,CH,TT,SY,21,17,4,1,1514.1691558940233,1506.8000485908378,7.369107303185501,7.369107303185501,0.5042418973819841,1532.3801723359863,1539.9568984810862,1495.9581394520605,1473.6431987005894,36.422032883925795,66.31369978049679,18.211016441962897,33.156849890248395,1531.7439991481178,1523.0608581654033,17.574843254094503,16.260809574565428,27.952008854143692,27.094492991480365,1.6586975210847976,2.0426490685791636,22.975916290889298,20.966545785742873,0.8575158626633268,-0.383951547494366,2.009370505146425,0.22323961087655747,0.21065153546146068,0.012588075415096794,0.041636159543469636,1.9875976781902613,2.5455287325243585,2.835980892470843,2.835980892470843,-2.8438307270006327,1.9291329742529797,7.65963369143773,-0.1071404164890346,0.33484155360714496,49.5,49.5,0.521186440677966,0.4447799827437446,69.5,56.0,0.5270127118644068,0.4947758678800135,0.5,0.7,0.3965042372881356,-0.002864846646444208,0.4,2.6,-2.738691831049209,3.8321434000930594,19.0,11.0,0.5789473684210527,0.6363636363636364,16.0,16.0,1.0,0.0,-2.0,0.5,0.5384615384615384,0.6,0.6206896551724138,0.5192307692307692,0.6103448275862069,-0.09111405835543773
100,15,,CH,AC,NS,SY,22,20,2,1,1495.580205088165,1517.9575189665734,-22.37731387840836,22.37731387840836,0.48712143180461426,1535.3311134229984,1537.0059573940741,1455.8292967533316,1498.9090805390726,79.50181666966682,38.09687685500148,39.75090833483341,19.04843842750074,1519.3530311720938,1532.3694172165674,23.77282608392875,14.41189824999401,26.409093837367877,28.958505063424667,1.880595312451662,1.697742178080446,20.76730790001289,23.86527852918333,-2.5494112260567903,0.18285313437121586,-3.0979706291704368,0.2513277655693549,0.16938948857945518,0.0819382769898997,0.13360384171323814,2.731488011501651,2.0382738706891224,17.60755199621758,-27.147075760599137,-1.0289262644753165,5.395058657122405,3.497307038239118,-0.10256756797659783,0.011666222066217813,46.5,46.5,0.4380387931034483,0.5263888888888888,60.0,65.0,0.4506172839506173,0.5428571428571429,0.30000000000000004,0.6,-1.0384615384615385,0.4,-3.8,1.2,-2.9748539666177294,0.9702641557300922,7.0,11.0,0.14285714285714285,0.45454545454545453,-37.0,-10.0,0.0,0.5,0.0,0.5882352941176471,1.0,0.4,0.6,0.7941176470588236,0.5,0.2941176470588236
101,16,,FZ,AC,CH,TT,21,17,4,1,1517.8309894622184,1504.4159958835849,13.414993578633585,13.414993578633585,0.5077216771052396,1577.0240614405118,1538.1397341535921,1458.6379174839253,1470.6922576135773,118.38614395658647,67.4474765400148,59.19307197829323,33.7237382700074,1538.512030720256,1522.435440096954,20.681041258037567,18.01944421336907,29.025891681513652,26.137337641496323,1.9916985768020057,1.9499936263899675,23.050795951107634,20.28735676232642,2.888554040017329,0.041704950412038144,2.763439188781213,0.2570570204255337,0.25300431035026694,0.004052710075266752,0.13160030312655857,2.9364574284683402,1.931022071010733,8.547514079154325,8.547514079154325,-1.0531381631746441,9.385206216177856,6.593379295103109,0.0961556235538783,0.13663150230186893,35.5,35.5,0.5491869918699187,0.3852941176470588,48.5,63.0,0.5258771929824562,0.4797671840354767,0.6000000000000001,0.6,0.1741228070175438,-0.016629711751662946,0.8000000000000003,0.7999999999999999,1.019697224745073,0.6206997240810779,8.0,9.0,0.625,0.5555555555555556,8.0,9.0,0.0,0.5,0.0,0.7777777777777778,1.0,0.5217391304347826,0.29411764705882354,0.8888888888888888,0.40792838874680304,0.4809605001420858
102,16,,FZ,SY,CH,TT,21,16,5,1,1557.0758131082305,1501.4857677711161,55.59004533711436,55.59004533711436,0.531956582398775,1579.9542895529805,1535.2095060411234,1534.1973366634804,1467.7620295011086,45.7569528895001,67.4474765400148,22.87847644475005,33.7237382700074,1559.9555940170335,1522.435440096954,2.8797809088030135,20.94967232583781,32.10917987337966,25.945894522111665,1.7504314564988812,1.928383740910589,26.857885503883015,20.1607432993799,6.163285351267994,-0.17795228441170785,6.697142204503116,0.2198746336923711,0.24834645558057117,-0.028471821888200077,0.3578377170741184,2.7539690121580005,2.0248712405099742,50.81120508444633,50.81120508444633,2.484470153858524,3.550016575389858,6.738534627694488,-0.09767579624216616,-0.09116590122470036,47.0,47.0,0.6367989056087551,0.32861990950226244,64.5,64.0,0.6421806702282662,0.47202141900937084,0.6000000000000001,0.4,2.0847498785818357,-0.07965194109772428,3.0,-1.1,1.5390480869272096,-1.7209825229755324,10.0,10.0,0.9,0.5,50.0,5.0,1.0,1.0,4.0,0.7894736842105263,0.47619047619047616,0.5,0.2777777777777778,0.6328320802005012,0.3888888888888889,0.2439431913116123
103,16,,FZ,CH,AC,TT,21,19,2,1,1557.581897797052,1463.2163817323667,94.36551606468538,94.36551606468538,0.5541084415718408,1582.85170118575,1464.864617868339,1532.312094408354,1461.568145596394,50.5396067773961,3.296472271945049,25.26980338869805,1.6482361359725246,1560.778881764969,1503.0824089248601,3.1969839679168217,39.86602719249345,31.608691467490583,23.51430716061786,1.6887658749285503,2.1952666697881327,26.542393842704932,16.928507151253463,8.094384306872723,-0.5065007948595823,9.61388669145147,0.2652945133725678,0.24425079368433017,0.02104371968823765,0.9282215885166893,3.254357113502511,2.632376942735837,88.47878200844707,88.47878200844707,4.210351762156041,4.6806952088605485,2.079471998759548,0.13772280300213957,0.03060648909725394,38.5,38.5,0.7524822695035461,0.2722672064777328,71.5,43.5,0.6356941081517353,0.36770943796394484,0.6000000000000001,0.30000000000000004,2.109967715899919,-1.988069989395546,0.7,-3.2,1.8379704792440634,-1.276369437502126,16.0,4.0,0.8125,0.0,81.0,-19.0,1.0,1.0,2.0,0.8,0.5555555555555556,0.375,0.2631578947368421,0.6777777777777778,0.319078947368421,0.3586988304093568
104,16,,FZ,TT,AC,SY,21,16,5,1,1523.8581595270446,1498.1105533934829,25.747606133561703,25.747606133561703,0.5148171737751684,1585.293488291428,1537.09474829625,1462.422830762661,1459.126358490716,122.87065752876697,77.96838980553389,61.435328764383485,38.984194902766944,1545.7291530705743,1519.9784492405431,21.87099354352972,21.867895847060254,28.202769735613003,27.449541956744767,2.046327954469744,1.8819040833937093,22.063785872203773,21.80382970656364,0.7532277788682364,0.16442387107603462,0.25995616564013346,0.26544342523406395,0.2015304856515075,0.06391293958255645,0.4613770258069319,4.090029136736495,1.866959178272749,19.79061781855239,19.79061781855239,-3.1750042589952194,11.556775121877092,5.876732507738229,-0.06871729160332762,0.02599997903970852,34.0,34.0,0.5618357487922705,0.3727106227106227,53.5,57.0,0.5391843971631206,0.47023809523809523,0.6,0.5,1.0519503546099291,-0.9226190476190477,2.1999999999999997,0.30000000000000004,0.061086446567401254,0.19026795411548392,6.0,10.0,0.5,0.5,10.0,-4.0,0.0,0.5,0.0,0.8095238095238095,0.2,0.35294117647058826,0.5806451612903226,0.5047619047619047,0.4667931688804554,0.037968735881449334
105,16,,TT,SY,CH,FZ,17,21,-4,0,1499.7587895294555,1561.5254412696163,-61.766651740160796,61.766651740160796,0.46450406940777167,1534.091235562477,1588.2970010252009,1465.426343496434,1534.753881514032,68.6648920660432,53.543119511168925,34.3324460330216,26.771559755584462,1523.0608581654033,1563.5015316846943,23.302068635947762,1.9760904150780334,26.49668524071366,31.7618577199176,1.9400134356028473,1.676304354207509,20.676644933905116,26.73294465729507,-5.26517247920394,0.26370908139533844,-6.056299723389955,0.20912256988427919,0.2663034516629376,-0.05718088177865843,0.5570285706275333,2.4887801971150276,2.8996529334091403,56.37821860963663,-67.15508487068496,1.648854689393584,7.363800860967224,4.940475107180347,-0.06962948284545512,0.14378262861950297,54.0,54.0,0.34044117647058825,0.6448863636363636,60.5,73.0,0.4751712328767123,0.6430086788813887,0.30000000000000004,0.8,-0.12385844748858443,2.1191899710703956,-0.30000000000000004,2.5,-1.592636034493239,2.608754166019253,12.0,17.0,0.5833333333333334,0.8235294117647058,12.0,83.0,0.0,0.5,0.0,0.3333333333333333,0.5,0.48,0.8,0.41666666666666663,0.64,-0.22333333333333338
106,16,,AC,FZ,CH,SY,19,21,-2,0,1523.592375978595,1534.4225585382546,-10.830182559659534,10.830182559659534,0.4937659688331369,1591.0619062002472,1537.5187866890783,1456.1228457569432,1531.3263303874307,134.93906044330402,6.192456301647553,67.46953022165201,3.0962281508237766,1545.5309531001235,1539.331480412637,21.938577121528397,4.9089218743822585,29.24625820259367,29.73112974185606,1.9307509999540478,1.593960905349666,23.454005202731526,24.94924702580706,-0.48487153926238946,0.3367900946043818,-1.4952418230755349,0.2613134538751815,0.20642365724401407,0.05488979663116744,0.16061075950364667,3.0128803531115125,2.117762381791822,5.69953982475613,-15.960825294562937,-3.0398403660413216,10.138207085555358,0.7553869644364113,0.08135138725898905,-0.10679392695861445,48.5,48.5,0.5223132969034608,0.44155844155844154,52.5,80.0,0.5373218304576144,0.5686675047140164,0.7,0.4,0.2704426106526632,0.8502514142049026,0.6000000000000001,-1.1,1.7180809449035905,-0.7424025727347043,9.0,18.0,0.6666666666666666,0.6111111111111112,12.0,24.0,1.0,0.0,-2.0,0.23529411764705882,0.6086956521739131,0.5,0.5625,0.421994884910486,0.53125,-0.10925511508951402
107,16,,AC,SY,CH,TT,16,21,-5,0,1493.724588072187,1501.4420907532285,-7.717502681041424,7.717502681041424,0.4955575652450186,1534.0302868834217,1540.2227431850692,1453.4188892609523,1462.6614383213875,80.61139762246944,77.5613048636817,40.30569881123472,38.78065243184085,1519.9784492405431,1523.1937805173948,26.253861168356025,21.751689764166258,27.07886016351931,26.11700411065825,1.8325894309140676,1.8729605984059026,21.581091870777108,20.498122315440543,0.9618560528610587,-0.040371167491835,1.0829695553365646,0.19164195950888707,0.2503056681942568,-0.05866370868536974,0.31554098469235237,2.303212687643006,2.3210440959486993,3.0932458974496058,-12.341759464633242,-2.743693976458914,6.496021387724049,6.859886306255909,-0.19542694795296534,0.14171054058744836,45.0,45.0,0.44935064935064933,0.5169230769230769,59.5,68.0,0.45712121212121215,0.4710297912268355,0.4,0.4,-1.0043939393939394,-0.10016420361247946,-0.7,-1.1,-2.236821366012009,1.1266635744697169,11.0,11.0,0.45454545454545453,0.45454545454545453,-9.0,0.0,0.0,0.5,0.0,0.2222222222222222,0.4782608695652174,0.5185185185185185,0.25,0.3502415458937198,0.38425925925925924,-0.03401771336553944
108,16,,FZ,SY,CH,TT,21,15,6,1,1559.6602496395092,1504.5098280618881,55.150421577621046,55.150421577621046,0.5317045402429763,1588.3579497042563,1543.2904804937289,1530.962549574762,1465.7291756300472,57.39540012949419,77.5613048636817,28.697700064747096,38.78065243184085,1565.5094023406668,1524.7276491717246,5.849152701157664,20.21782110983645,32.05530312813466,26.488945142477483,1.6917186966637032,1.845170994745763,26.98014703814355,20.953432158240194,5.566357985657177,-0.15345229808205985,6.026714879903356,0.22553377665470756,0.25289812790390837,-0.027364351249200808,0.32808699139230635,2.5258410914845477,2.640975232670333,49.98360525346607,49.98360525346607,2.0294682942477102,4.000905791158587,6.600101060338606,-0.10374163255410096,0.4050414483335203,52.5,52.5,0.6293859649122807,0.3441780821917808,69.5,69.0,0.6400375939849624,0.4797727272727273,0.6000000000000001,0.6000000000000001,1.9901837928153716,-0.015681818181818186,0.7,0.7000000000000001,-0.6764700716132666,3.5895888249748396,11.0,12.0,0.9090909090909091,0.5,55.0,5.0,2.0,1.0,9.0,0.8181818181818182,0.4583333333333333,0.5357142857142857,0.2857142857142857,0.6382575757575758,0.4107142857142857,0.2275432900432901
109,17,,FZ,TD,AC,SY,18,21,-3,0,1523.2186598960752,1492.1620861698893,31.05657372618589,31.05657372618589,0.517869986372181,1591.36842051698,1533.9730203874858,1455.0688992751702,1450.3511519522926,136.29952124180977,83.62186843519316,68.14976062090489,41.81093421759658,1545.68421025849,1519.9784492405431,22.465550362414888,27.81636307065378,27.45764214166855,26.759939617438278,2.1021949719690576,1.8054243255273843,21.151057225761377,21.343666640856124,0.697702524230273,0.2967706464416733,-0.19260941509474705,0.2443399989463305,0.19212214755518386,0.052217851391146625,0.5488149463244134,3.4005763113993077,2.700948781501566,24.955048633284832,24.955048633284832,-3.209916773266169,13.342607197672265,6.710957504747039,-0.1718444666106116,-0.36628360380485603,35.0,35.0,0.4421768707482993,0.3945578231292517,48.0,61.0,0.5,0.45238095238095233,0.5,0.30000000000000004,0.140625,-1.0326118326118325,-0.7999999999999998,-1.6,-2.028546713008609,-2.3349952153985214,5.0,12.0,0.4,0.4166666666666667,-2.0,-14.0,0.0,0.5,0.0,0.8260869565217391,0.125,0.3333333333333333,0.5757575757575758,0.47554347826086957,0.4545454545454546,0.020998023715414982
110,17,,AC,FZ,TT,SY,22,20,2,1,1520.8597862346364,1499.8254911348965,21.034295099739893,21.034295099739893,0.5121059471862313,1588.4091634519962,1536.9322774524696,1453.3104090172765,1462.7187048173234,135.0987544347197,74.21357263514619,67.54937721735985,37.106786317573096,1545.68421025849,1523.0608581654033,24.82442402385368,23.235367030506723,28.81090123321607,26.723030008532305,1.8592382875141573,1.871335182101212,23.2331863706736,21.109024462228668,2.0878712246837665,-0.012096894587054763,2.1241619084449326,0.2561964454581544,0.20730341712648517,0.048893028331669225,0.12730153397209315,2.1829007936641958,1.8148559699681879,17.03653833610747,17.03653833610747,-1.642702244931602,10.030333879906934,7.287315335345809,-0.2168589614782892,0.20631548296926994,36.5,36.5,0.5446428571428572,0.3761904761904762,55.5,64.5,0.5277591973244147,0.47473604826546,0.4,0.5,0.24899665551839467,-0.15497737556561086,-0.10000000000000009,0.0,-1.1226233030498634,1.2071953635540922,10.0,13.0,0.6,0.5384615384615384,10.0,8.0,1.0,1.0,5.0,0.21052631578947367,0.5833333333333334,0.5625,0.5882352941176471,0.3969298245614035,0.5753676470588236,-0.17843782249742007
111,17,,AC,SY,TD,TT,24,26,-2,0,1495.1213432348732,1456.0782731310505,39.04307010382263,39.04307010382263,0.5224598730983391,1534.2604766870609,1460.0469040519147,1455.9822097826852,1452.1096422101864,78.27826690437564,7.9372618417282865,39.13913345218782,3.9686309208641433,1519.9784492405431,1503.0824089248601,24.857106005669948,47.00413579380961,27.120930667190432,21.508329366201693,1.7665524584781858,2.252721879549391,21.821273291755876,14.75016372755352,5.612601300988739,-0.4861694210712051,7.071109564202356,0.19825101820352925,0.2198537897769964,-0.021602771573467155,0.03433210680260845,2.004764130435262,3.313957147223041,33.72434882616449,33.72434882616449,1.5933269629611644,6.196056339754456,2.603152968546272,0.0895418913769106,-0.36793931451638606,26.0,26.0,0.6111111111111112,0.328335832083958,63.0,42.5,0.4656611904120658,0.31905594405594406,0.5,0.2,-0.9224346889307837,-2.082459207459207,-0.29999999999999993,-3.6,1.1869315593379497,-4.792913919721627,13.0,4.0,0.46153846153846156,0.0,-11.0,-28.0,0.0,0.5,0.0,0.25,0.48,0.2857142857142857,0.2727272727272727,0.365,0.2792207792207792,0.08577922077922079
112,17,,TD,SY,TT,FZ,21,16,5,1,1493.1850594486236,1526.9944790252862,-33.80941957666255,33.80941957666255,0.48054755688482564,1531.3993869058081,1591.080964217405,1454.9707319914392,1462.9079938331674,76.42865491436896,128.1729703842375,38.21432745718448,64.08648519211874,1519.9784492405431,1548.76661918335,26.79338979191948,21.77214015806385,25.50427598986665,28.818777845572512,1.9420059296452399,1.902643293665808,19.67825820093093,23.110847964575086,-3.3145018557058634,0.039362635979431904,-3.432589763644156,0.17393379275935425,0.2564508843299679,-0.08251709157061363,0.20473270446354763,2.7607705558702853,1.5847423061117993,29.463906714680434,-38.154932438644664,-0.5301473676051849,8.512121522561692,10.369045232182572,0.037997756025857754,0.24588573206478337,31.5,31.5,0.35049019607843135,0.5743243243243243,57.0,59.5,0.4283088235294118,0.544739851343625,0.30000000000000004,0.5,-1.0724264705882351,1.0607489994282446,-2.4,0.19999999999999996,-1.8048764392757448,0.5602169508138104,5.0,7.0,0.4,0.5714285714285714,-7.0,15.0,0.0,0.5,0.0,0.4444444444444444,0.46153846153846156,0.5294117647058824,0.8333333333333334,0.452991452991453,0.6813725490196079,-0.22838109602815487
113,17,,TD,FZ,AC,TT,21,16,5,1,1523.025848104422,1456.4067279267053,66.6191201777167,66.6191201777167,0.538274027434416,1587.8653062362157,1459.6923358519782,1458.1863899726284,1453.1211200014325,129.67891626358733,6.571215850545741,64.83945813179366,3.2856079252728705,1545.68421025849,1503.0824089248601,22.658362154068072,46.6756809981548,27.79565727266622,23.172735336260544,1.9857355572823128,1.9773861406181976,21.83845060081928,17.24057691440595,4.622921936405675,0.00834941666411515,4.59787368641333,0.24437115576788448,0.21738996415765505,0.026981191610229438,0.7110438532747513,1.901886900052695,1.9908943339073213,62.72633894375667,62.72633894375667,0.6598002385051664,11.564216353121356,0.30349675786571595,0.3192077649433145,-0.23844924683371183,25.5,25.5,0.6467181467181468,0.2569444444444444,51.0,51.0,0.5078891257995736,0.3622685185185185,0.4,0.4,0.20874200426439238,-1.8761574074074074,-1.8,-1.0,0.45458153225911246,-1.3211614932016573,6.0,5.0,0.3333333333333333,0.0,-5.0,-21.0,0.0,0.5,0.0,0.5,0.6,0.3684210526315789,0.30434782608695654,0.55,0.33638443935926776,0.21361556064073228
114,18,,AC,SY,FZ,CH,21,19,2,1,1492.438930624369,1565.5018097784564,-73.06287915408734,73.06287915408734,0.45804054241339076,1534.6150448869973,1590.7236098759074,1450.2628163617408,1540.2800096810051,84.35222852525658,50.443600194902274,42.17611426262829,25.22180009745114,1519.9784492405431,1567.3294505053545,27.539518616174064,1.827640726898153,26.659339641371673,31.70179364843682,1.7265159915990576,1.6081300927517326,21.4797916665745,26.87740337018162,-5.042454007065146,0.11838589884732498,-5.397611703607122,0.19323801639941318,0.2685414690578576,-0.0753034526584444,0.7504386003773609,1.9473734239506775,2.1688577596966705,68.94664797043993,-77.17911033773476,1.7078079227143554,6.898886281102502,3.9336822230496615,-0.17342658740927241,0.009727000053132429,61.0,61.0,0.37156750572082375,0.6127450980392157,65.0,78.5,0.45742000503905267,0.6394580304031725,0.5,0.7,-0.9314688838498362,2.006526768010575,0.30000000000000004,1.2,-0.981860719155975,0.9504731923145755,14.0,18.0,0.42857142857142855,0.8333333333333334,-13.0,87.0,1.0,0.0,-4.0,0.23809523809523808,0.48148148148148145,0.7272727272727273,0.6428571428571429,0.35978835978835977,0.6850649350649352,-0.3252765752765754
115,18,,AC,FZ,CH,SY,9,21,-12,0,1520.493213118824,1537.4475272840014,-16.954314165177266,16.954314165177266,0.49024155154639154,1587.7557366557903,1537.5829181071144,1453.2306895818579,1537.312136460888,134.52504707393246,0.27078164622639633,67.26252353696623,0.13539082311319817,1545.68421025849,1541.6236894874075,25.190997139666024,4.176162203406193,28.506246484809473,29.930501555074642,1.7731258837945592,1.5171740637165603,23.186868833425798,25.378979363924962,-1.4242550702651684,0.2559518200779989,-2.192110530499164,0.25514726327857695,0.20018538509057848,0.05496187818799847,0.1390551446491542,1.6243939416797863,2.191198831447518,13.138721392050002,-20.76990693830453,-1.866044877245951,9.278897681539778,1.2266897418923897,-0.13788139721357417,0.05649146612710254,54.5,54.5,0.5039454806312769,0.46802721088435373,59.5,86.0,0.5278260869565217,0.5699186991869918,0.5,0.6,0.23449275362318844,0.8413279132791328,-0.3,0.8999999999999999,-0.6809893994065987,0.10610122907905861,11.0,19.0,0.6363636363636364,0.631578947368421,12.0,26.0,2.0,0.0,-4.0,0.2727272727272727,0.6153846153846154,0.5172413793103449,0.5714285714285714,0.44405594405594406,0.5443349753694582,-0.10027903131351412
116,18,,FZ,SY,AC,CH,21,15,6,1,1562.6693273814524,1495.271413021373,67.39791436007931,67.39791436007931,0.5387196797773639,1583.903838750783,1541.1640343658953,1541.4348160121217,1449.3787916768506,42.46902273866135,91.78524268904471,21.234511369330676,45.892621344522354,1566.401618264551,1521.6452402468644,3.7322908830985853,26.373827225491368,31.829194312025418,26.549885941691315,1.5913997759112422,1.671011749810598,27.054994984291692,21.53685069225952,5.279308370334103,-0.07961197389935593,5.518144292032172,0.2183401891914472,0.23129093034693193,-0.012950741155484724,0.6015758117748026,2.996249701237949,2.1395496172431243,62.262115041598236,62.262115041598236,2.016896844612262,2.2517672579024364,5.841150737396493,-0.0393766296387259,-0.04130449813095005,56.5,56.5,0.6126959247648902,0.3670634920634921,76.5,71.0,0.6320137693631669,0.46218487394957986,0.5,0.5,1.8770223752151465,-0.8725490196078431,0.30000000000000004,-0.3999999999999999,0.6071175479320345,-1.1530901377424243,12.0,8.0,0.9166666666666666,0.25,61.0,-35.0,2.0,1.0,8.0,0.7916666666666666,0.5,0.35,0.6,0.6458333333333333,0.475,0.17083333333333328
117,18,,AC,FZ,CH,SY,21,15,6,1,1516.6413152138168,1541.2994251890086,-24.658109975191792,24.658109975191792,0.48580946281995846,1586.8692122379287,1544.4001894992673,1446.413418189705,1538.1986608787497,140.45579404822365,6.201528620517593,70.22789702411183,3.1007643102587963,1545.68421025849,1543.845334996498,29.042895044673287,2.545909807489352,28.283846769991975,30.08799668270231,1.7463717978159785,1.5026269261468435,23.04473137654404,25.58011590426178,-1.8041499127103364,0.24374487166913505,-2.535384527717742,0.2486984192530328,0.20462967178606478,0.04406874746696801,0.22890580397473015,2.3645551584547566,3.3884569810690017,18.905097835667902,-30.41112211471568,-1.4448488112524842,9.482089430760748,1.3478747176150279,-0.11068877488552253,0.12761306153762497,57.5,57.5,0.4846350832266325,0.4880952380952381,61.5,88.0,0.5181473456121344,0.5742753623188406,0.30000000000000004,0.6000000000000001,0.025731310942578745,0.9619565217391304,-3.0999999999999996,2.5999999999999996,-2.311138743004335,2.3316574598509305,12.0,20.0,0.5833333333333334,0.65,0.0,38.0,3.0,0.0,-16.0,0.2608695652173913,0.5925925925925926,0.5333333333333333,0.5833333333333334,0.42673107890499196,0.5583333333333333,-0.1316022544283414
118,18,,AC,SY,CH,FZ,18,21,-3,0,1495.4068038444861,1562.533936558339,-67.12713271385292,67.12713271385292,0.46143526364736265,1541.09467890311,1590.174722834086,1449.7189287858623,1534.8931502825924,91.37575011724766,55.28157255149358,45.68787505862383,27.64078627574679,1522.2000947496335,1567.3294505053545,26.793290905147387,4.795513947015479,27.2169662671618,31.250638719939634,1.658063157653435,1.555708224049106,22.242776794201497,26.583514047792313,-4.033672452777832,0.10235493360432901,-4.340737253590817,0.19208201336125247,0.2630021723282888,-0.07092015896703635,0.773771213708996,2.77985080563854,2.3399127861759954,62.007369122038426,-72.2468963056674,0.819901071075293,6.537505494750988,4.204905398908302,0.13690494323019564,-0.07258196076977441,66.0,66.0,0.3976034858387799,0.5891571859763176,69.0,82.5,0.4674805771365149,0.6267921146953405,0.6000000000000001,0.4,-0.8619311875693674,1.8761200716845878,0.3999999999999999,-0.5,0.5935746440235334,-0.5935746440235334,15.0,19.0,0.4666666666666667,0.7894736842105263,-11.0,85.0,2.0,0.5,-2.0,0.2916666666666667,0.5172413793103449,0.5161290322580645,0.7142857142857143,0.40445402298850575,0.6152073732718895,-0.2107533502833837
119,18,,FZ,SY,AC,CH,21,13,8,1,1565.634700868598,1492.3060395342272,73.32866133437074,73.32866133437074,0.5421113727421697,1592.8114957692137,1537.5299232177201,1538.4579059679822,1447.0821558507346,54.353589801231465,90.44776736698554,27.176794900615732,45.22388368349277,1568.6058426342406,1521.6452402468644,2.971141765642642,29.339200712637194,31.92694880505563,26.528057039495142,1.5620566605409323,1.634741528837401,27.240778823432834,21.62383245298294,5.398891765560489,-0.0726848682964687,5.616946370449895,0.22121156597925606,0.2348371885621135,-0.013625622582857433,0.6573001299738723,2.7146356181548255,2.2056741498725523,68.40835156634353,68.40835156634353,2.202093576182154,3.0474041007603283,5.399170448986347,0.04420241039807493,-0.011253081436773726,60.5,60.5,0.622061235647895,0.3598765432098765,79.5,74.0,0.6341987894233833,0.4578408195429472,0.6,0.4,1.8881013061484548,-0.8879038613081167,1.2000000000000002,-1.2,1.1861493948581483,-1.186149394858262,13.0,9.0,0.9230769230769231,0.2222222222222222,67.0,-41.0,3.0,1.0,14.0,0.8,0.5,0.3333333333333333,0.5625,0.65,0.44791666666666663,0.2020833333333334
120,19,,SY,CH,AC,FZ,19,21,-2,0,1537.993914592851,1519.9468258099741,18.047088782876926,18.047088782876926,0.5103872447067994,1541.6195179180959,1595.9731077193273,1534.3683112676065,1443.920543900621,7.251206650489394,152.0525638187064,3.625603325244697,76.0262819093532,1543.845334996498,1547.9865538596637,5.851420403646898,28.03972804968953,29.816427896630508,28.632384963396653,1.4796148651114547,1.7053126137016386,25.37758330129614,23.516447122291737,1.1840429332338545,-0.22569774859018388,1.8611361790044043,0.2069335771544982,0.25245414459727117,-0.04552056744277297,0.17597927495792093,2.171294168932692,3.1868862142497627,12.688908399694355,12.688908399694355,-2.0008845455792397,1.2827373615263689,9.765258380119679,-0.10831362395108357,0.13265700436016914,61.5,61.5,0.47241471215351816,0.5008333333333334,91.0,64.5,0.566303690260133,0.5240786240786242,0.5,0.5,0.8664851784633998,0.1137592137592136,1.2,-1.1999999999999997,-1.3222042384628594,1.3222042384628594,21.0,13.0,0.6190476190476191,0.6153846153846154,32.0,6.0,2.0,0.0,-6.0,0.8,0.5714285714285714,0.3181818181818182,0.75,0.6857142857142857,0.5340909090909091,0.15162337662337666
121,19,,CH,FZ,SY,AC,21,14,7,1,1565.1707094934668,1492.7700309093584,72.40067858410839,72.40067858410839,0.5415809246613209,1598.7680854879598,1538.8245401494635,1531.573333498974,1446.7155216692533,67.19475198898567,92.10901848021012,33.597375994492836,46.05450924010506,1571.0292829908444,1522.2000947496335,5.85857349737762,29.430063840275125,31.37104010399108,27.156978448973366,1.5294013654701688,1.623875996652363,26.782836007580574,22.28535045901628,4.214061655017716,-0.09447463118219424,4.4974855485642955,0.26584458431479735,0.19583483121526563,0.07000975309953172,0.7976541469725429,3.283268615359175,1.997278086727979,67.12013188202127,67.12013188202127,1.0607842928951854,4.862620321534628,6.1135843596248165,0.06597260940343297,0.007788804093394219,70.0,70.0,0.5995670995670995,0.38983957219251336,85.5,72.0,0.629375,0.46266233766233766,0.6,0.4,1.855,-0.8701298701298701,0.6000000000000001,-0.6000000000000001,1.0547091740511405,-1.0547091740511405,20.0,16.0,0.8,0.4375,88.0,-14.0,2.0,0.0,-8.0,0.6111111111111112,0.6071428571428571,0.5555555555555556,0.4,0.6091269841269842,0.4777777777777778,0.13134920634920638
122,19,,CH,FZ,TT,SY,21,15,6,1,1568.2268366623916,1496.3012225964126,71.92561406597906,71.92561406597906,0.5413093344990927,1601.8242126568844,1535.7684129805389,1534.6294606678987,1456.8340322122865,67.19475198898567,78.93438076825237,33.597375994492836,39.467190384126184,1572.5573465753066,1525.282503674494,4.330509912914977,28.981281078081338,31.45235379604069,26.514716511834553,1.5228512566141477,1.7477555975941508,26.883800026198248,21.2714497190521,4.9376372842061365,-0.22490434098000311,5.612350307146148,0.2673575173854458,0.18675995334308632,0.08059756404235946,0.6408469587952932,3.0150207175298998,2.164464021255938,66.7461293271931,66.7461293271931,1.6670304299978405,4.878415888437036,7.245974737193578,0.10071062317162038,-0.1987321258858934,66.0,66.0,0.6367541211980496,0.3298850574712644,86.5,72.0,0.6336136733586544,0.4627170582226762,0.7,0.2,1.913795442213782,-0.19336057201225743,2.0,-2.6,2.972256322165208,-3.495280072173273,21.0,14.0,0.8095238095238095,0.5,95.0,6.0,2.0,1.0,19.0,0.631578947368421,0.6206896551724138,0.5,0.5675675675675675,0.6261343012704175,0.5337837837837838,0.0923505174866337
123,19,,TT,CH,AC,SY,23,21,2,1,1495.7317464400926,1488.239540887038,7.492205553054646,7.492205553054646,0.5043127532448894,1537.5781863746902,1532.8196872737474,1453.885306505495,1443.6593945003287,83.69287986919517,89.16029277341863,41.84643993459758,44.580146386709316,1524.7276491717246,1522.2000947496335,28.995902731631986,33.96055386259559,25.924657729985036,27.0342215316833,1.7249445945021469,1.6130517554853703,20.749823946478596,22.19506626522719,-1.1095638016982647,0.1118928390167766,-1.445242318748594,0.2284544820513068,0.1966308637788829,0.031823618272423915,0.321894064005603,2.6589166196718175,2.6121382953868757,2.221150637996061,2.221150637996061,-2.228432548289252,6.295275381262783,6.084454199837904,-0.1315192615542795,-0.05653729651058903,56.0,56.0,0.525,0.45008291873963513,77.0,73.5,0.4591836734693877,0.45321637426900585,0.4,0.30000000000000004,-0.21811224489795922,-0.9906432748538012,-1.0,-2.0,-1.1728323080807286,-3.6191200126246486,13.0,17.0,0.46153846153846156,0.4117647058823529,-1.0,-21.0,0.0,0.5,0.0,0.2857142857142857,0.5517241379310345,0.34782608695652173,0.5526315789473685,0.4187192118226601,0.4502288329519451,-0.031509621129285015
124,19,,FZ,SY,AC,TT,21,18,3,1,1567.439073928787,1448.7723505029119,118.66672342587503,118.66672342587503,0.5678882027218334,1604.7729383636758,1456.5997842853444,1530.105209493898,1440.9449167204793,74.66772886977787,15.654867564865071,37.33386443488894,7.827433782432536,1574.5865639314716,1503.0824089248601,7.147490002684663,54.31005842194827,31.90381430432726,23.43457425750054,1.5245430742359425,1.8528305581562958,27.330185081619433,17.876082583031653,8.46924004682672,-0.32828748392035334,9.45410249858778,0.22717920659579321,0.2170567338313521,0.010122472764441115,0.950778591635904,4.158958175361873,2.659887362615918,111.84787788789708,111.84787788789708,5.091866414434481,4.118840871726341,0.4543477922619559,-0.03147822975049053,-0.05178055986601038,42.0,42.0,0.7153846153846154,0.2727272727272727,84.0,57.5,0.6318681318681318,0.3566243194192378,0.6,0.30000000000000004,1.8886113886113887,-1.9848759830611011,1.7000000000000002,-3.0,0.11035314750654379,-2.4518480300571355,14.0,6.0,0.9285714285714286,0.0,75.0,-26.0,0.0,0.5,0.0,0.8076923076923077,0.5161290322580645,0.3333333333333333,0.2916666666666667,0.6619106699751861,0.3125,0.3494106699751861
125,19,,CH,SY,FZ,TT,21,18,3,1,1536.4335419592994,1530.68636132451,5.747180634789402,5.747180634789402,0.5033082948346024,1540.2926641545396,1607.242148633837,1532.574419764059,1454.1305740151834,7.7182443904805496,153.11157461865355,3.8591221952402748,76.55578730932677,1543.845334996498,1556.7034832417785,7.411793037198549,26.01712191726847,29.57874256713078,28.58002849442851,1.4470540045175388,1.7776103256697373,25.237580553578166,23.2471975174193,0.9987140727022705,-0.33055632115219846,1.9903830361588675,0.21174128173834963,0.2478609810185176,-0.03611969928016798,0.05051345911187233,2.9927306535959923,3.0776503302083587,-0.3232003490149964,-0.3232003490149964,-2.2259502574850067,0.5645444261626231,10.805829023173459,0.015739309623313602,0.15709305554749164,63.5,63.5,0.4642679900744417,0.4998681434599156,95.5,68.0,0.5600021958717611,0.5400088417329797,0.4,0.6,0.8143939393939394,0.8877099911582669,-0.8999999999999999,0.9000000000000001,1.5801193967575955,1.7141087513127786,22.0,8.0,0.5909090909090909,0.5,30.0,10.0,0.0,0.5,0.0,0.65,0.53125,0.6666666666666666,0.28,0.590625,0.47333333333333333,0.11729166666666663
126,19,,TT,FZ,AC,CH,17,21,-4,0,1527.8481230092793,1490.8033044600443,37.04481854923506,37.04481854923506,0.5213117914476922,1604.403910318606,1543.1309024697705,1451.2923356999524,1438.4757064503183,153.11157461865355,104.6551960194522,76.55578730932677,52.3275980097261,1556.7034832417785,1521.6452402468644,28.85536023249915,30.84193578682016,28.343278389834857,26.543747741687046,1.7581569617251456,1.5790732196489776,23.06880750465942,21.806528082740112,1.7995306481478117,0.17908374207616795,1.2622794219193096,0.24579127938081663,0.23935117947033155,0.006440099910485081,0.4110679797183637,2.4581760917688937,3.4398978425018276,31.14674461496452,31.14674461496452,-1.5376995332263128,10.905276741813882,5.81088629692826,-0.09471261593471958,0.052465573589088876,53.5,53.5,0.5639194139194139,0.3712686567164179,69.0,79.5,0.5323964814417507,0.4544915254237288,0.5,0.5,0.8347993992705427,-0.9144067796610169,0.0,-0.19999999999999996,-1.1272098086434426,0.7112414193569521,9.0,10.0,0.4444444444444444,0.2,7.0,-49.0,0.0,0.5,0.0,0.375,0.6333333333333333,0.32,0.5294117647058824,0.5041666666666667,0.42470588235294116,0.0794607843137255
127,20,,AC,SY,TT,FZ,19,21,-2,0,1488.4957054536367,1524.7450766316142,-36.24937117797754,36.24937117797754,0.4791452906890613,1535.41265807929,1601.300863940941,1441.5787528279832,1448.1892893222876,93.83390525130676,153.11157461865355,46.91695262565338,76.55578730932677,1522.2000947496335,1556.7034832417785,33.70438929599686,31.958406610164275,27.0074155105046,27.970743432569044,1.5803025784977454,1.735055476774121,22.266507775011362,22.76557700224668,-0.963327922064444,-0.15475289827637573,-0.4990692272353172,0.19737877819940836,0.24519201109476396,-0.047813232895355606,0.5350320343676329,2.4214091354748604,2.5085142235094287,31.31944781899324,-41.179294536961834,-2.352030133207421,6.02302702058881,11.057833041721441,0.07475294755472817,-0.39198831891472175,53.0,53.0,0.37723214285714285,0.5765765765765766,76.5,70.0,0.45456989247311824,0.5249999999999999,0.4,0.4,-0.921236559139785,0.76875,-1.5,-0.4999999999999999,0.6902374776468605,-3.6190597426062823,18.0,10.0,0.3888888888888889,0.4,-23.0,3.0,0.0,0.5,0.0,0.28,0.5454545454545454,0.47368421052631576,0.7777777777777778,0.4127272727272727,0.6257309941520468,-0.21300372142477408
128,20,,AC,FZ,TT,SY,21,18,3,1,1521.4398083844621,1491.8009737007887,29.638834683673394,29.638834683673394,0.5170548658114459,1603.924754818524,1532.788767201707,1438.9548619504003,1450.8131801998704,164.96989286812368,81.97558700183663,82.48494643406184,40.987793500918315,1553.6210743169186,1525.282503674494,32.18126593245643,33.481529973705165,28.729572652576636,26.287680144486608,1.6214558256922778,1.6635386018714953,23.865205175499803,21.297064338872122,2.441892508090028,-0.04208277617921752,2.5681408366276806,0.2548979026282517,0.18904940776406598,0.0658484948641857,0.1692471666760641,1.886833156040364,2.2880013470405722,25.464000180592393,25.464000180592393,-0.8431019194737424,9.902806589954583,7.149227628766059,-0.06931224185931306,-0.12163264200321855,50.0,50.0,0.5538194444444444,0.3788073788073788,71.0,77.5,0.5239829993928354,0.4569236135333101,0.4,0.4,0.13499291641368139,-0.27520055807464255,-0.6,-1.0,-1.086016468047319,-0.6716168327452579,14.0,15.0,0.6428571428571429,0.4666666666666667,8.0,0.0,2.0,1.0,7.0,0.2692307692307692,0.6129032258064516,0.5,0.5384615384615384,0.44106699751861045,0.5192307692307692,-0.07816377171215871
129,20,,SY,FZ,AC,TT,21,10,11,1,1568.3567610101154,1444.8840210751355,123.47273993497993,123.47273993497993,0.5706016996801834,1606.6844412996015,1448.0534937187929,1530.0290807206295,1441.7145484314779,76.65536057897202,6.338945287315028,38.32768028948601,3.169472643657514,1575.821169066552,1503.0824089248601,7.464408056436696,58.19838784972467,31.78035459127444,23.227004014598435,1.4868138813291005,1.7736936315569731,27.319912947287136,17.905923119927515,8.553350576676003,-0.2868797502278726,9.413989827359622,0.23281724358442552,0.2143952240287871,0.018422019555638408,0.9483655132333804,2.061701366539128,1.800837819869178,119.61020074857151,119.61020074857151,5.2928430637899275,4.062302546505354,1.4145345252392403,-0.03032905658900731,-0.048073923145807385,47.0,47.0,0.7140909090909091,0.27528344671201815,88.5,62.0,0.6273427471116817,0.3548387096774194,0.5,0.30000000000000004,1.7916559691912708,-1.9193548387096775,0.0,-1.1,-0.08986441699380521,-0.5307448585392649,15.0,7.0,0.9333333333333333,0.0,78.0,-29.0,1.0,1.0,3.0,0.7272727272727273,0.625,0.34615384615384615,0.2692307692307692,0.6761363636363636,0.3076923076923077,0.36844405594405594
130,20,,FZ,TT,AC,SY,21,18,3,1,1527.3689675091973,1485.8718145760536,41.49715293314375,41.49715293314375,0.523869523586993,1609.9560473972763,1533.3006868183043,1444.7818876211181,1438.442942333803,165.17415977615815,94.85774448450115,82.58707988807907,47.428872242250584,1558.0604326234984,1522.2000947496335,30.69146511430108,36.32828017357997,28.161501553135565,26.83889726267575,1.7008245770567427,1.5566634257893694,23.059027821965337,22.168906985307643,1.3226042904598145,0.14416115126737328,0.8901208366576938,0.24520086868925012,0.20304904380979505,0.04215182487945507,0.5386582918900676,2.6197765984395334,1.6064395117555816,37.27093682294867,37.27093682294867,-1.9348837123862985,11.335154313023235,5.851137758142524,-0.006131611388669356,-0.012691020474703052,57.0,57.0,0.5863681924490478,0.3692455242966752,73.0,79.5,0.5300248613501626,0.4506448412698413,0.4,0.5,0.7498565691336776,-0.9191468253968254,-0.9999999999999999,0.29999999999999993,0.4289470755001048,-0.45542788174361704,11.0,19.0,0.45454545454545453,0.3684210526315789,5.0,-25.0,1.0,1.0,5.0,0.8148148148148148,0.3333333333333333,0.3333333333333333,0.525,0.5740740740740741,0.4291666666666667,0.14490740740740737
131,21,,AC,TT,CH,FZ,24,22,2,1,1441.6124149774605,1579.4553709121074,-137.84295593464685,137.84295593464685,0.42131070413005595,1447.502633200621,1612.676792976779,1435.7221967543003,1546.2339488474354,11.780436446320664,66.44284412934371,5.890218223160332,33.221422064671856,1503.0824089248601,1579.4553709121074,61.469993947399644,0.0,23.22618261540581,31.842755637278408,1.7530212619963486,1.4718832103434354,17.967118829416766,27.427106006248103,-8.616573021872597,0.28113805165291317,-9.459987176831337,0.21677750454462105,0.26617694661212893,-0.049399442067507876,1.097699218820111,2.071727444392103,4.070892271105672,131.700336219149,-143.9855756501447,5.391668549532813,0.9830517430166665,4.301328528325843,0.0019235514199742454,0.3089722106430006,57.5,57.5,0.22939560439560439,0.7726719415702983,64.0,92.5,0.3515625,0.6442715700141443,0.4,0.9,-2.03125,1.9534417727487035,-2.2,3.7,-1.9629636586049628,5.8145646173616115,8.0,22.0,0.0,0.8181818181818182,-40.0,101.0,0.0,0.5,0.0,0.2962962962962963,0.42857142857142855,0.53125,0.8,0.36243386243386244,0.665625,-0.3031911375661376
132,21,,AC,CH,TT,FZ,10,21,-11,0,1490.9780728008677,1530.0897130887001,-39.111640287832415,39.111640287832415,0.47750073451685227,1543.064936036719,1609.5077801660627,1438.8912095650167,1450.6716460113373,104.17372647170237,158.8361341547254,52.08686323585118,79.4180670773627,1523.1169744237177,1559.4208054132496,32.13890162284997,29.331092324549445,26.80363100314034,28.500602275794364,1.521579128946469,1.6595560310901254,22.23889361630093,23.52193418252399,-1.6969712726540251,-0.13797690214365632,-1.2830405662230575,0.22319661910733735,0.23529107190884152,-0.012094452801504174,0.44621921105724344,2.414316711743111,2.6145195087784794,34.08280406731069,-44.14047650835414,-1.4841638873825715,4.738187057241841,9.776720012206699,0.1575522481854108,0.22284535605815137,59.5,59.5,0.39285714285714285,0.5604460093896714,83.5,75.0,0.46123680241327303,0.5375565610859729,0.6000000000000001,0.7,-0.8413273001508297,0.7819004524886877,0.19999999999999996,1.0,0.5754331090525966,1.6324473477016,11.0,12.0,0.2727272727272727,0.5,-45.0,8.0,1.0,0.0,-5.0,0.32142857142857145,0.5666666666666667,0.47619047619047616,0.7272727272727273,0.444047619047619,0.6017316017316017,-0.15768398268398265
133,21,,AC,FZ,CH,TT,22,20,2,1,1524.1994948655397,1496.8682910240282,27.331203841511524,27.331203841511524,0.5157279151234074,1613.145881000477,1539.4268352023048,1435.2531087306024,1454.3097468457515,177.8927722698745,85.11708835655327,88.94638613493726,42.558544178276634,1556.5729405002385,1526.1993833485778,32.37344563469878,29.331092324549672,28.89857645012218,26.434334063458373,1.5640763825560686,1.5929042429543352,24.206347302453977,21.655621334595367,2.464242386663809,-0.02882786039826657,2.550725967858611,0.24582835299530198,0.21664163580539514,0.02918671718990684,0.0970191201310292,2.346146051115604,2.814022156651899,22.171035633744168,22.171035633744168,-0.6927382388465979,9.274298694179997,5.223511481664591,0.016579922120804724,0.2503635196398317,59.0,59.0,0.5656023222060957,0.39612403100775195,76.0,84.5,0.528893587033122,0.4709473374521918,0.6000000000000001,0.6,0.14975334742776614,-0.19012944983818775,0.6000000000000001,-0.2,0.0,1.1214216131891135,15.0,14.0,0.6666666666666666,0.5,11.0,1.0,1.0,1.0,4.0,0.3103448275862069,0.6363636363636364,0.5151515151515151,0.25925925925925924,0.47335423197492166,0.3872053872053872,0.08614884476953444
134,21,,FZ,AC,TT,CH,24,22,2,1,1526.8514610446257,1494.2163248449422,32.63513619968353,32.63513619968353,0.5187774593187933,1615.797847179563,1536.7748690232188,1437.9050749096884,1451.6577806666655,177.8927722698745,85.11708835655327,88.94638613493726,42.558544178276634,1557.8989235897816,1526.1993833485778,31.047462545155895,31.983058503635675,29.03152486775533,26.294570671016935,1.5541256243877555,1.581728746638282,24.369147994592062,21.54938443110209,2.7369541967383952,-0.027603122250526413,2.819763563489971,0.2495703884309251,0.21425347895224617,0.03531690947867894,0.14657861485004803,1.8849240812715906,3.2998817874678585,27.450330330944098,27.450330330944098,-0.39890017428764324,9.252836407722771,5.2915661875539115,0.11780108037739545,0.033306703597840936,61.0,61.0,0.5805970149253732,0.38282828282828285,77.0,85.5,0.5354263166924,0.4654133180252583,0.6000000000000001,0.5,0.17910447761194037,-0.2097445464982779,0.3999999999999999,-0.5,2.121572943268802,-1.5391937475519626,16.0,15.0,0.6875,0.4666666666666667,13.0,-1.0,2.0,1.0,6.0,0.8214285714285714,1.0,0.5,0.5555555555555556,0.9107142857142857,0.5277777777777778,0.3829365079365079
