scale,mean_brier_score,std_brier_score,mean_log_loss,std_log_loss,mean_accuracy,std_accuracy
119.0,0.2287980889964746,0.011443199557799736,0.647730247305986,0.0229122204217682,0.5666666666666667,0.11055415967851333
120.0,0.22879855740827887,0.011331564053826033,0.6477720497172526,0.022680837971583736,0.5666666666666667,0.11055415967851333
118.0,0.22880007797256066,0.01155736495844553,0.6476929875411058,0.023149560404693938,0.5666666666666667,0.11055415967851333
121.0,0.22880138006856762,0.011222385732760336,0.6478181706493724,0.02245520289518196,0.5666666666666667,0.11055415967851333
117.0,0.22880463181864238,0.011674135242063446,0.6476605055348241,0.02339307715501646,0.5666666666666667,0.11055415967851333
122.0,0.22880645799423824,0.011115594091137099,0.6478683964063967,0.0222351136952929,0.5666666666666667,0.11055415967851333
116.0,0.22881186255492364,0.011793587730586835,0.6476330479764327,0.02364299941880257,0.5666666666666667,0.11055415967851333
123.0,0.2288136961806578,0.011011120774485714,0.6479225231960962,0.022020377142843328,0.5666666666666667,0.11055415967851333
115.0,0.22882188694456893,0.011915802145456813,0.6476108737582376,0.0238995659122143,0.5666666666666667,0.11055415967851333
124.0,0.2288230034319773,0.010908899517022449,0.6479803566333954,0.02181080790286938,0.5666666666666667,0.11055415967851333
125.0,0.2288342921991962,0.010808866082390909,0.6480417112713037,0.021606228178785648,0.5666666666666667,0.11055415967851333
114.0,0.22883482670851793,0.012040860672175429,0.6475942546394201,0.0241630258045117,0.5666666666666667,0.11055415967851333
126.0,0.228847478425604,0.010710958205495431,0.6481064101576651,0.021406467374028827,0.5666666666666667,0.11055415967851333
113.0,0.22885080875076208,0.0121688480254276,0.6475834759503972,0.024433639226816666,0.5666666666666667,0.11055415967851333
127.0,0.22886248139924031,0.010615115535463881,0.6481742844161551,0.02121136177014962,0.5666666666666667,0.11055415967851333
112.0,0.22886996539462579,0.012299851514645039,0.6475788373404507,0.02471167780817441,0.5666666666666667,0.11055415967851333
128.0,0.22887922361203633,0.010521279579769564,0.6482451728500661,0.021020754220484487,0.5666666666666667,0.11055415967851333
111.0,0.22889243463061928,0.012433961109868878,0.6475806535716006,0.02499742524055701,0.5666666666666667,0.11055415967851333
129.0,0.22889763062531565,0.010429393649535244,0.6483189215675136,0.020834493858587624,0.5666666666666667,0.11055415967851333
130.0,0.22891763094134915,0.01033940280603739,0.6483953836267855,0.020652435820651648,0.5666666666666667,0.11055415967851333
110.0,0.22891836037646351,0.012571269507749413,0.6475892553619292,0.02529117787456636,0.5666666666666667,0.11055415967851333
131.0,0.2289391558806738,0.010251253808422539,0.6484744187006438,0.02047444098119145,0.5666666666666667,0.11055415967851333
109.0,0.22894789274991667,0.012711872197500447,0.6476049902818145,0.025593245347718264,0.5666666666666667,0.11055415967851333
132.0,0.22896213946490054,0.010164895062644265,0.6485558927584611,0.02030037570130487,0.5666666666666667,0.11055415967851333
108.0,0.2289811883550684,0.012855867526603771,0.647628223706789,0.025903951247319888,0.5666666666666667,0.11055415967851333
133.0,0.2289865183047492,0.010080276571624448,0.6486396777651501,0.020130111588865178,0.5666666666666667,0.11055415967851333
134.0,0.2290122314930622,0.009997349886638618,0.6487256513959068,0.01996352527003497,0.5666666666666667,0.11055415967851333
107.0,0.2290184105828002,0.013003356766034252,0.6476593398310444,0.02622363381010003,0.5666666666666667,0.11055415967851333
135.0,0.22903922050256056,0.009916068059923079,0.6488136967658572,0.019800498171526605,0.5666666666666667,0.11055415967851333
106.0,0.2290597299261495,0.013154444174749777,0.6476987427459135,0.026552646660902728,0.5666666666666667,0.11055415967851333
136.0,0.2290674290881185,0.009836385598496833,0.6489037021737463,0.019640916313063903,0.5666666666666667,0.11055415967851333
137.0,0.22909680319334327,0.009758258419190816,0.6489955608588697,0.019484670109534568,0.5666666666666667,0.11055415967851333
105.0,0.22910532431135358,0.013309237063159894,0.6477468575880079,0.02689135959292838,0.5666666666666667,0.11055415967851333
138.0,0.22912729086125722,0.009681643804872542,0.649089170770495,0.019331654182344362,0.5666666666666667,0.11055415967851333
104.0,0.22915537944538994,0.013467845855255742,0.6478041317620647,0.027240159392184597,0.5666666666666667,0.11055415967851333
139.0,0.22915884214889065,0.009606500361854092,0.6491844343490667,0.019181767179516824,0.5666666666666667,0.11055415967851333
140.0,0.2291914090456013,0.009532787978468474,0.6492812583185326,0.019034911604101996,0.5666666666666667,0.11055415967851333
103.0,0.22921008918087327,0.013630384149047367,0.6478710362439661,0.027599450709009724,0.5666666666666667,0.11055415967851333
141.0,0.2292249453949477,0.009460467784798152,0.6493795534891726,0.018890993650485445,0.5666666666666667,0.11055415967851333
142.0,0.22925940681995005,0.009389502113538608,0.6494792345703432,0.01874992304820659,0.5666666666666667,0.11055415967851333
102.0,0.2292696558992143,0.01379696877491681,0.6479480669698451,0.027969656979743972,0.5666666666666667,0.11055415967851333
143.0,0.22929475065158225,0.009319854461978116,0.6495802199925924,0.018611612912919392,0.5666666666666667,0.11055415967851333
144.0,0.2293309358603451,0.009251489455073985,0.6496824317386307,0.01847597960414533,0.5666666666666667,0.11055415967851333
101.0,0.2293342909129938,0.013967719851453035,0.6480357463176695,0.028351221401860645,0.5666666666666667,0.11055415967851333
145.0,0.22936792299077896,0.00918437280960551,0.6497857951826714,0.018342942589489642,0.5666666666666667,0.11055415967851333
100.0,0.22940421488855298,0.014142760838288056,0.6481346246882357,0.028744607966115672,0.5666666666666667,0.11055415967851333
146.0,0.22940567409878004,0.009118471299381821,0.6498902389376885,0.018212424315005388,0.5666666666666667,0.11055415967851333
147.0,0.2294441526915924,0.00905375272148373,0.6499956947101634,0.01808435008141007,0.5666666666666667,0.11055415967851333
99.0,0.22947965828985706,0.014322218585404478,0.648245282193081,0.029150302549557253,0.5666666666666667,0.11055415967851333
148.0,0.22948332367035315,0.008990185863517098,0.6501020971619171,0.017958647925872283,0.5666666666666667,0.11055415967851333
149.0,0.22952315327507367,0.008927740471855553,0.6502093837786502,0.01783524850910078,0.5666666666666667,0.11055415967851333
98.0,0.22956086184473942,0.014506223378328667,0.6483683304574548,0.02956881407352801,0.5666666666666667,0.11055415967851333
150.0,0.22956360903194745,0.00886638722085,0.6503174947448318,0.017714085007483126,0.5666666666666667,0.11055415967851333
151.0,0.2296046597028783,0.008806097682982194,0.6504263728246051,0.017595093010032696,0.5666666666666667,0.11055415967851333
152.0,0.22964627523712838,0.008746844299939575,0.650535963248389,0.017478210419916103,0.5666666666666667,0.11055415967851333
97.0,0.2296480770346951,0.014694908978565461,0.6485044145471891,0.03000067573112502,0.5666666666666667,0.11055415967851333
153.0,0.22968842672499107,0.008688600354588244,0.6506462136048798,0.017363377360343102,0.5666666666666667,0.11055415967851333
154.0,0.22973108635339762,0.008631339943822099,0.6507570737381718,0.01725053608461431,0.5666666666666667,0.11055415967851333
96.0,0.2297415666094484,0.014888412658564403,0.6486542150290647,0.030446446288931554,0.5666666666666667,0.11055415967851333
155.0,0.229774227363371,0.0085750379522646,0.6508684956497295,0.01713963089012998,0.5666666666666667,0.11055415967851333
156.0,0.22981782400924405,0.008519670026801226,0.6509804334049627,0.017030608036174375,0.5666666666666667,0.11055415967851333
95.0,0.2298416051275863,0.015086875230437717,0.6488184501751,0.030906711468223536,0.5666666666666667,0.11055415967851333
157.0,0.2298618515195643,0.008465212551920124,0.6510928430441691,0.016923415665298622,0.5666666666666667,0.11055415967851333
158.0,0.2299062860596095,0.008411642625838805,0.6512056824976191,0.016818003728134925,0.5666666666666667,0.11055415967851333
94.0,0.22994847952461067,0.015290441067573693,0.6489978783221091,0.031382085411273755,0.5666666666666667,0.11055415967851333
159.0,0.22995110469544366,0.008358938037395704,0.6513189115045739,0.016714323911481893,0.5666666666666667,0.11055415967851333
160.0,0.22999628535944544,0.008307077243683942,0.6514324915360379,0.016612329569508477,0.5666666666666667,0.11055415967851333
161.0,0.2300418068172431,0.008256039348407398,0.6515463857210567,0.01651197565793452,0.5666666666666667,0.11055415967851333
93.0,0.23006248970983348,0.015499258118205675,0.64919330039887,0.031873212238836705,0.5666666666666667,0.11055415967851333
162.0,0.23008764863599596,0.008205804080937285,0.6516605587763845,0.01641321867104736,0.5666666666666667,0.11055415967851333
163.0,0.2301337911539628,0.008156351776049434,0.6517749769393518,0.01631601658142715,0.5666666666666667,0.11055415967851333
164.0,0.23018021545130057,0.008107663354321719,0.6518896079037745,0.01622032878225412,0.5666666666666667,0.11055415967851333
92.0,0.23018394919360968,0.015713477909908156,0.6494055626343528,0.03238076770539811,0.5666666666666667,0.11055415967851333
165.0,0.2302269033220413,0.008059720303172322,0.6520044207587559,0.016126116032080917,0.5666666666666667,0.11055415967851333
166.0,0.2302738372471949,0.008012504658519253,0.6521193859302372,0.016033340401957356,0.5666666666666667,0.11055415967851333
91.0,0.23031318574647658,0.015933255543893056,0.6496355594616579,0.032905460959320045,0.5666666666666667,0.11055415967851333
167.0,0.23032100036893036,0.007965998987042306,0.6522344751251647,0.015941965224799775,0.5666666666666667,0.11055415967851333
168.0,0.23036837646578778,0.007920186369029214,0.6523496612781431,0.015851955046904054,0.5666666666666667,0.11055415967851333
169.0,0.23041594992887876,0.007875050381787605,0.6524649185004573,0.01576327558150456,0.5666666666666667,0.11055415967851333
90.0,0.23045054209184562,0.016158749677875915,0.6498842366336552,0.033448036415615515,0.5666666666666667,0.11055415967851333
170.0,0.23046370573903077,0.007830575083605528,0.6525802220313475,0.015675893664287024,0.5666666666666667,0.11055415967851333
171.0,0.23051162944483683,0.007786744998242911,0.652695548191428,0.015589777210766315,0.5666666666666667,0.11055415967851333
172.0,0.23055970714157187,0.007743545099937641,0.6528108743381502,0.015504895175447128,0.5666666666666667,0.11055415967851333
89.0,0.2305963766339732,0.01639012249616769,0.6501525945677792,0.03400927574973766,0.5666666666666667,0.11055415967851333
173.0,0.23060792545093795,0.007700960798909594,0.6529261788232085,0.015421217512686,0.5666666666666667,0.11055415967851333
174.0,0.23065627150160503,0.007658977927347055,0.653041440951801,0.015338715139179431,0.5666666666666667,0.11055415967851333
175.0,0.23070473291051224,0.007617582725859502,0.6531566409436561,0.015257359898005548,0.5666666666666667,0.11055415967851333
88.0,0.2307510642230206,0.01662753966552688,0.6504416919390444,0.034590000021490916,0.5666666666666667,0.11055415967851333
176.0,0.2307532977648988,0.007576761830382226,0.6532717598957383,0.015177124524149923,0.5666666666666667,0.11055415967851333
177.0,0.23080195460503358,0.007536502259517894,0.6533867797465632,0.015097982611450358,0.5666666666666667,0.11055415967851333
178.0,0.23085069240761413,0.0074967914023009044,0.6535016832420373,0.015019908580896656,0.5666666666666667,0.11055415967851333
179.0,0.23089950056980774,0.007457617006370251,0.6536164539027582,0.014942877650227901,0.5666666666666667,0.11055415967851333
87.0,0.23091499695909917,0.01687117027517583,0.6507526495421446,0.035191071938957,0.5666666666666667,0.11055415967851333
180.0,0.23094836889390763,0.007418967166538377,0.6537310759927051,0.014866865804766718,0.5666666666666667,0.11055415967851333
181.0,0.23099728757257848,0.007380830313742048,0.6538455344892566,0.014791849769440292,0.5666666666666667,0.11055415967851333
182.0,0.23104624717466832,0.007343195204362959,0.6539598150544754,0.014717806981932237,0.5666666666666667,0.11055415967851333
86.0,0.23108858503728583,0.01712118675924661,0.6510866544454548,0.035813398273195775,0.5666666666666667,0.11055415967851333
183.0,0.23109523863156153,0.007306050909905937,0.654073904007599,0.014644715566919314,0.5666666666666667,0.11055415967851333
184.0,0.23114425322405285,0.007269386807022561,0.6541877882986873,0.014572554311343577,0.5666666666666667,0.11055415967851333
185.0,0.2311932825697196,0.007233192567868671,0.6543014554833692,0.014501302640675996,0.5666666666666667,0.11055415967851333
186.0,0.23124231861077288,0.007197458150784867,0.6544148936986419,0.01443094059612819,0.5666666666666667,0.11055415967851333
85.0,0.2312722576356882,0.017377764799770715,0.651444964461947,0.0364579324354266,0.5666666666666667,0.11055415967851333
187.0,0.23129135360236722,0.007162173791288599,0.6545280916396746,0.014361448812771752,0.5666666666666667,0.11055415967851333
188.0,0.23134038010135152,0.007127329993367973,0.6546410385375724,0.014292808498526002,0.5666666666666667,0.11055415967851333
189.0,0.2313893909554424,0.0070929175210666245,0.6547537241380557,0.014225001413976281,0.5666666666666667,0.11055415967851333
190.0,0.23143837929280311,0.007058927390349791,0.6548661386810177,0.014158009852988158,0.5666666666666667,0.11055415967851333
84.0,0.23146646384873124,0.01764108320816951,0.6518289129644322,0.037125677229443585,0.5666666666666667,0.11055415967851333
191.0,0.23148733851201242,0.0070253508612426584,0.6549782728809186,0.01409181662408289,0.5666666666666667,0.11055415967851333
192.0,0.23153626227240687,0.006992179430230808,0.65509011790798,0.014026405032542169,0.5666666666666667,0.11055415967851333
193.0,0.2315851444847828,0.006959404822914511,0.6552016653701458,0.01396175886321043,0.5666666666666667,0.11055415967851333
194.0,0.2316339793024424,0.006927018986908096,0.6553129072957755,0.013897862363966482,0.5666666666666667,0.11055415967851333
83.0,0.23167167366793656,0.017911323783032715,0.6522399140752254,0.03781768779316554,0.5666666666666667,0.11055415967851333
195.0,0.23168276111257158,0.006895014084976032,0.6554238361170363,0.013834700229834995,0.5666666666666667,0.11055415967851333
196.0,0.23173148452793507,0.006863382488397166,0.655534444653967,0.013772257587711074,0.5666666666666667,0.11055415967851333
197.0,0.231780144378878,0.006832116770550205,0.6556447260991819,0.013710519981673351,0.5666666666666667,0.11055415967851333
198.0,0.2318287357056202,0.006801209700712117,0.6557546740031877,0.013649473358859047,0.5666666666666667,0.11055415967851333
199.0,0.23187725375083296,0.006770654238062358,0.6558642822602895,0.013589104055879144,0.5666666666666667,0.11055415967851333
82.0,0.23188837901256715,0.018188671141794042,0.6526794682632835,0.03853507474448747,0.5666666666666667,0.11055415967851333
200.0,0.2319256939524866,0.006740443525886224,0.6559735450950566,0.013529398785750843,0.5666666666666667,0.11055415967851333
201.0,0.23197405193695886,0.006710570885969737,0.6560824570493281,0.013470344625324778,0.5666666666666667,0.11055415967851333
202.0,0.2320223235123931,0.006681029813180588,0.6561910129697328,0.013411929003188227,0.5666666666666667,0.11055415967851333
203.0,0.23207050466229767,0.0066518139702272565,0.6562992079957028,0.01335413968802339,0.5666666666666667,0.11055415967851333
81.0,0.23211709481261042,0.018473312523724496,0.6531491683851691,0.039279007547998304,0.5666666666666667,0.11055415967851333
204.0,0.23211859153937658,0.006622917182591952,0.6564070375479619,0.01329696477740234,0.5666666666666667,0.11055415967851333
205.0,0.2321665804595825,0.0065943334336298525,0.6565144973174624,0.013240392687001227,0.5666666666666667,0.11055415967851333
206.0,0.23221446789638361,0.006566056859829717,0.6566215832547609,0.013184412140215691,0.5666666666666667,0.11055415967851333
207.0,0.23226225047523683,0.006538081746230327,0.6567282915598069,0.0131290121581621,0.5666666666666667,0.11055415967851333
208.0,0.23230992496825814,0.006510402521987124,0.6568346186721308,0.013074182050048134,0.5666666666666667,0.11055415967851333
209.0,0.23235748828908376,0.006483013756083932,0.6569405612614143,0.013019911403898611,0.5666666666666667,0.11055415967851333
80.0,0.23235836014667938,0.018765437561467802,0.6536507062098478,0.04005071812067243,0.5666666666666667,0.11055415967851333
210.0,0.23240493748791477,0.006455910153184942,0.6570461162184273,0.012966190077620617,0.5666666666666667,0.11055415967851333
211.0,0.2324522697467371,0.006429086549622159,0.657151280646315,0.012913008190396896,0.5666666666666667,0.11055415967851333
212.0,0.23249948237471196,0.006402537909513158,0.657256051852223,0.012860356114391007,0.5666666666666667,0.11055415967851333
213.0,0.23254657280372912,0.006376259321005679,0.6573604273392453,0.0128082244667551,0.5666666666666667,0.11055415967851333
214.0,0.2325935385841172,0.006350245992643376,0.6574644047986823,0.012756604101925743,0.5666666666666667,0.11055415967851333
79.0,0.23261273943751887,0.01906523801813539,0.6541858794714015,0.04085150469634636,0.5666666666666667,0.11055415967851333
215.0,0.2326403773805052,0.006324493249849962,0.6575679821025947,0.012705486104197274,0.5666666666666667,0.11055415967851333
216.0,0.23268708696782978,0.006298996531526522,0.6576711572966458,0.012654861780562294,0.5666666666666667,0.11055415967851333
217.0,0.23273366522748246,0.00627375138675887,0.6577739285932148,0.012604722653807316,0.5666666666666667,0.11055415967851333
218.0,0.23278011014359196,0.006248753471630806,0.6578762943647741,0.012555060455854979,0.5666666666666667,0.11055415967851333
219.0,0.23282641979943614,0.006223998546139849,0.6579782531375189,0.01250586712134192,0.5666666666666667,0.11055415967851333
220.0,0.23287259237397945,0.006199482471211932,0.6580798035852383,0.012457134781424179,0.5666666666666667,0.11055415967851333
78.0,0.2328808237079091,0.019372907486767458,0.6547565994982895,0.04168273597068599,0.5666666666666667,0.11055415967851333
221.0,0.2329186261385309,0.006175201205811339,0.6581809445234207,0.012408855757799936,0.5666666666666667,0.11055415967851333
222.0,0.23296451945351784,0.006151150804143373,0.6582816749035797,0.012361022556942925,0.5666666666666667,0.11055415967851333
223.0,0.2330102707653719,0.006127327412945488,0.6583819938077975,0.012313627864536106,0.5666666666666667,0.11055415967851333
224.0,0.2330558786035224,0.006103727268865326,0.6584819004434717,0.012266664540100279,0.5666666666666667,0.11055415967851333
225.0,0.233101341577494,0.006080346695921163,0.6585813941382612,0.012220125611808005,0.5666666666666667,0.11055415967851333
226.0,0.23314665837410412,0.0060571821030432835,0.658680474335223,0.01217400427147681,0.5666666666666667,0.11055415967851333
77.0,0.2331632318998722,0.019688641048746902,0.6553648994728419,0.042545855550439875,0.5666666666666667,0.11055415967851333
227.0,0.23319182775475675,0.006034229981692508,0.6587791405881298,0.01212829386973514,0.5666666666666667,0.11055415967851333
228.0,0.2332368485528296,0.006011486903554011,0.658877392556964,0.01208298791135328,0.5666666666666667,0.11055415967851333
229.0,0.2332817196711503,0.005988949518303493,0.658975230003581,0.012038080050733951,0.5666666666666667,0.11055415967851333
230.0,0.2333264400795596,0.005966614551443422,0.6590726527875335,0.011993564087556285,0.5666666666666667,0.11055415967851333
231.0,0.23337100881255704,0.005944478802206751,0.6591696608620526,0.011949433962566987,0.5666666666666667,0.11055415967851333
232.0,0.23341542496702786,0.005922539141526235,0.6592662542701782,0.011905683753514144,0.5666666666666667,0.11055415967851333
233.0,0.2334596877000464,0.005900792510066703,0.6593624331410333,0.011862307671216484,0.5666666666666667,0.11055415967851333
76.0,0.233460612260193,0.020012634887532105,0.6560129433803497,0.043442386733105305,0.5666666666666667,0.11055415967851333
234.0,0.233503796226755,0.005879235916318523,0.6594581976862376,0.011819300055765475,0.5666666666666667,0.11055415967851333
235.0,0.23354774981831436,0.005857866434750002,0.6595535481964532,0.011776655372853209,0.5666666666666667,0.11055415967851333
236.0,0.23359154779992336,0.005836681204016888,0.6596484850380598,0.01173436821022217,0.5666666666666667,0.11055415967851333
237.0,0.23363518954890625,0.00581567742522691,0.6597430086499516,0.011692433274233097,0.5666666666666667,0.11055415967851333
238.0,0.2336786744928642,0.005794852360257546,0.6598371195404539,0.011650845386544862,0.5666666666666667,0.11055415967851333
239.0,0.23372200210788918,0.005774203330125506,0.6599308182843536,0.011609599480904379,0.5666666666666667,0.11055415967851333
240.0,0.23376517191683827,0.0057537277134058875,0.6600241055200385,0.011568690600040423,0.5666666666666667,0.11055415967851333
75.0,0.2337736437953771,0.020345085853851586,0.6567030357134337,0.04437393764571782,0.5666666666666667,0.11055415967851333
241.0,0.23380818348766558,0.005733422944699401,0.6601169819467437,0.011528113892658938,0.5666666666666667,0.11055415967851333
242.0,0.2338510364318107,0.0057132865131462405,0.6602094483218985,0.011487864610535987,0.5666666666666667,0.11055415967851333
243.0,0.23389373040264103,0.0056933159609849765,0.660301505458571,0.011447938105704042,0.5666666666666667,0.11055415967851333
244.0,0.23393626509394597,0.005673508882155074,0.6603931542230077,0.011408329827728884,0.5666666666666667,0.11055415967851333
245.0,0.23397864023848208,0.005653862920941079,0.660484395532263,0.011369035321074007,0.5666666666666667,0.11055415967851333
246.0,0.23402085560656632,0.0056343757706581385,0.6605752303519169,0.01133005022254877,0.5666666666666667,0.11055415967851333
247.0,0.2340629110047169,0.005615045172376351,0.6606656596938746,0.011291370258837582,0.5666666666666667,0.11055415967851333
74.0,0.23410303779927782,0.020686190978283385,0.6574376320044875,0.045342206774361224,0.5666666666666667,0.11055415967851333
248.0,0.2341048062743385,0.005595868913683538,0.6607556846142495,0.011252991244107126,0.5666666666666667,0.11055415967851333
249.0,0.2341465412904523,0.00557684482748457,0.6608453062113222,0.011214909077689541,0.5666666666666667,0.11055415967851333
250.0,0.23418811596046737,0.005557970790836795,0.6609345256235759,0.011177119741837726,0.5666666666666667,0.11055415967851333
251.0,0.23422953022299392,0.00553924472381942,0.6610233440278022,0.011139619299550672,0.5666666666666667,0.11055415967851333
252.0,0.23427078404669466,0.005520664588436509,0.6611117626372783,0.011102403892467102,0.5666666666666667,0.11055415967851333
253.0,0.2343118774291753,0.005502228387552302,0.6611997827000106,0.011065469738824078,0.5666666666666667,0.11055415967851333
254.0,0.23435281039591133,0.005483934163857723,0.6612874054970419,0.011028813131478132,0.5666666666666667,0.11055415967851333
255.0,0.2343935829992109,0.005465779998867007,0.6613746323408224,0.010992430435987815,0.5666666666666667,0.11055415967851333
256.0,0.23443419531721071,0.005447764011943744,0.661461464573639,0.010956318088755216,0.5666666666666667,0.11055415967851333
73.0,0.2344495394567292,0.021036146926930066,0.6582193502669351,0.04634898891920904,0.5666666666666667,0.11055415967851333
257.0,0.2344746474529067,0.0054298843593550234,0.6615479035661036,0.010920472595222936,0.5666666666666667,0.11055415967851333
258.0,0.23451493953321573,0.005412139233353442,0.661633950715696,0.010884890528126934,0.5666666666666667,0.11055415967851333
259.0,0.2345550717080685,0.00539452686128499,0.661719607445362,0.010849568525801951,0.5666666666666667,0.11055415967851333
260.0,0.23459504414953242,0.00537704550472316,0.6618048752021609,0.010814503290537398,0.5666666666666667,0.11055415967851333
261.0,0.23463485705096326,0.005359693458627653,0.6618897554559638,0.010779691586983341,0.5666666666666667,0.11055415967851333
262.0,0.2346745106261851,0.005342469050527244,0.6619742496982016,0.010745130240603383,0.5666666666666667,0.11055415967851333
263.0,0.23471400510869683,0.0053253706397260086,0.6620583594406557,0.01071081613617402,0.5666666666666667,0.11055415967851333
264.0,0.23475334075090512,0.00530839661653198,0.6621420862142968,0.010676746216328019,0.5666666666666667,0.11055415967851333
265.0,0.23479251782338212,0.005291545401507854,0.6622254315681645,0.010642917480141267,0.5666666666666667,0.11055415967851333
72.0,0.23481392952662783,0.021395149395700083,0.6590509834350062,0.04739618161350531,0.5666666666666667,0.11055415967851333
266.0,0.23483153661414838,0.005274815444742738,0.6623083970682887,0.01060932698176072,0.5666666666666667,0.11055415967851333
267.0,0.23487039742797872,0.005258205225144469,0.6623909842966523,0.010575971829072613,0.5666666666666667,0.11055415967851333
268.0,0.23490910058573083,0.00524171324975186,0.6624731948501903,0.010542849182409194,0.5666666666666667,0.11055415967851333
269.0,0.23494764642369653,0.005225338053065975,0.6625550303398277,0.01050995625329334,0.5666666666666667,0.11055415967851333
270.0,0.23498603529297385,0.005209078196400454,0.6626364923895524,0.010477290303219552,0.5666666666666667,0.11055415967851333
271.0,0.23502426755885955,0.0051929322672494655,0.6627175826355232,0.010444848642469206,0.5666666666666667,0.11055415967851333
272.0,0.23506234360026249,0.005176898878673487,0.6627983027252107,0.010412628628960655,0.5666666666666667,0.11055415967851333
273.0,0.23510026380913515,0.0051609766687019006,0.6628786543165703,0.010380627667131345,0.5666666666666667,0.11055415967851333
274.0,0.23513802858992464,0.005145164299752155,0.6629586390772468,0.010348843206852285,0.5666666666666667,0.11055415967851333
275.0,0.23517563835904126,0.005129460458064795,0.6630382586838082,0.010317272742372981,0.5666666666666667,0.11055415967851333
71.0,0.23519702610800644,0.021763392438527256,0.6599355129017836,0.04848579204891701,0.5666666666666667,0.11055415967851333
276.0,0.2352130935443449,0.005113863853153813,0.6631175148210079,0.010285913811295906,0.5666666666666667,0.11055415967851333
277.0,0.23525039458464794,0.005098373217272306,0.6631964091810769,0.010254763993579824,0.5666666666666667,0.11055415967851333
278.0,0.23528754192923462,0.005082987304892415,0.6632749434630402,0.01022382091057125,0.5666666666666667,0.11055415967851333
279.0,0.23532453603739648,0.0050677048921992885,0.6633531193720604,0.010193082224062271,0.5666666666666667,0.11055415967851333
280.0,0.2353613773779827,0.005052524776599021,0.6634309386188073,0.010162545635374987,0.5666666666666667,0.11055415967851333
281.0,0.23539806642896535,0.005037445776239393,0.6635084029188479,0.010132208884470887,0.5666666666666667,0.11055415967851333
282.0,0.23543460367701882,0.005022466729543913,0.663585513992065,0.010102069749084694,0.5666666666666667,0.11055415967851333
283.0,0.23547098961711374,0.0050075864947579625,0.6636622735620936,0.010072126043881961,0.5666666666666667,0.11055415967851333
284.0,0.23550722475212335,0.004992803949506989,0.6637386833557815,0.010042375619639572,0.5666666666666667,0.11055415967851333
285.0,0.23554330959244357,0.004978117990366972,0.6638147451026691,0.010012816362448378,0.5666666666666667,0.11055415967851333
286.0,0.23557924465562502,0.004963527532445463,0.6638904605344923,0.009983446192937758,0.5666666666666667,0.11055415967851333
70.0,0.23559968649273805,0.02214106772470931,0.6608761232666309,0.0496199445542091,0.5666666666666667,0.11055415967851333
287.0,0.23561503046601806,0.004949031508974298,0.6639658313847006,0.009954263065520422,0.5666666666666667,0.11055415967851333
288.0,0.23565066755442832,0.00493462887091257,0.6640408593879975,0.00992526496765758,0.5666666666666667,0.11055415967851333
289.0,0.23568615645778507,0.004920318586560366,0.6641155462798974,0.00989644991914412,0.5666666666666667,0.11055415967851333
290.0,0.2357214977188192,0.0049060996411823135,0.6641898937963007,0.00986781597141217,0.5666666666666667,0.11055415967851333
291.0,0.23575669188575307,0.004891971036640937,0.6642639036730842,0.0098393612068536,0.5666666666666667,0.11055415967851333
292.0,0.23579173951199967,0.004877931791039669,0.6643375776457104,0.009811083738159877,0.5666666666666667,0.11055415967851333
293.0,0.23582664115587262,0.004863980938374881,0.6644109174488507,0.00978298170767947,0.5666666666666667,0.11055415967851333
294.0,0.23586139738030507,0.004850117528196994,0.6644839248160235,0.009755053286792197,0.5666666666666667,0.11055415967851333
295.0,0.2358960087525786,0.004836340625280215,0.6645566014792481,0.009727296675298933,0.5666666666666667,0.11055415967851333
296.0,0.23593047584406088,0.004822649309300743,0.6646289491687118,0.009699710100828944,0.5666666666666667,0.11055415967851333
297.0,0.23596479922995214,0.004809042674523078,0.6647009696124522,0.00967229181826002,0.5666666666666667,0.11055415967851333
298.0,0.23599897948904008,0.004795519829494468,0.6647726645360498,0.0096450401091557,0.5666666666666667,0.11055415967851333
69.0,0.23602280910859902,0.022528363720436196,0.6618762184159068,0.05080088867926661,0.5666666666666667,0.11055415967851333
299.0,0.23603301720346312,0.004782079896746849,0.6648440356623364,0.0096179532812154,0.5666666666666667,0.11055415967851333
300.0,0.23606691295848167,0.004768722012506357,0.6649150847111133,0.009591029667739434,0.5666666666666667,0.11055415967851333
301.0,0.2361006673422569,0.00475544532641038,0.6649858133988836,0.009564267627107001,0.5666666666666667,0.11055415967851333
302.0,0.23613428094563704,0.004742249001231252,0.6650562234385937,0.009537665542267568,0.5666666666666667,0.11055415967851333
303.0,0.2361677543619513,0.0047291322126071025,0.6651263165393868,0.009511221820245136,0.5666666666666667,0.11055415967851333
304.0,0.23620108818681018,0.004716094148779413,0.6651960944063685,0.009484934891654563,0.5666666666666667,0.11055415967851333
305.0,0.23623428301791272,0.004703134010336965,0.665265558740379,0.009458803210230363,0.5666666666666667,0.11055415967851333
306.0,0.23626733945486111,0.004690251009965943,0.6653347112377793,0.009432825252366692,0.5666666666666667,0.11055415967851333
307.0,0.2363002580989802,0.004677444372206586,0.6654035535902447,0.009406999516669104,0.5666666666666667,0.11055415967851333
308.0,0.23633303955314452,0.004664713333215466,0.6654720874845672,0.009381324523517417,0.5666666666666667,0.11055415967851333
309.0,0.23636568442161074,0.0046520571405334905,0.6655403146024687,0.009355798814638305,0.5666666666666667,0.11055415967851333
310.0,0.23639819330985556,0.004639475052859923,0.6656082366204203,0.009330420952689825,0.5666666666666667,0.11055415967851333
311.0,0.23643056682442004,0.004626966339831634,0.6656758552094729,0.009305189520854797,0.5666666666666667,0.11055415967851333
312.0,0.23646280557275828,0.004614530281807442,0.665743172035093,0.009280103122444577,0.5666666666666667,0.11055415967851333
68.0,0.23646733555649982,0.022925464789521767,0.6629394390753539,0.05203100794220567,0.5666666666666667,0.11055415967851333
313.0,0.23649491016309257,0.004602166169658145,0.6658101887570073,0.009255160380512032,0.5666666666666667,0.11055415967851333
314.0,0.23652688120427254,0.004589873304561209,0.665876907029056,0.00923035993747439,0.5666666666666667,0.11055415967851333
315.0,0.23655871930564004,0.004577650997800436,0.6659433284990507,0.00920570045474431,0.5666666666666667,0.11055415967851333
316.0,0.23659042507689812,0.004565498570570451,0.6660094548086423,0.009181180612370235,0.5666666666666667,0.11055415967851333
317.0,0.23662199912798537,0.004553415353785742,0.6660752875931922,0.009156799108685021,0.5666666666666667,0.11055415967851333
318.0,0.2366534420689541,0.004541400687894362,0.6661408284816536,0.009132554659962972,0.5666666666666667,0.11055415967851333
319.0,0.2366847545098531,0.004529453922695765,0.6662060790964557,0.009108446000085304,0.5666666666666667,0.11055415967851333
320.0,0.2367159370606148,0.004517574417162959,0.6662710410533964,0.009084471880211949,0.5666666666666667,0.11055415967851333
321.0,0.2367469903309461,0.004505761539269166,0.6663357159615394,0.00906063106846325,0.5666666666666667,0.11055415967851333
322.0,0.23677791493022365,0.004494014665817996,0.6664001054231175,0.009036922349606888,0.5666666666666667,0.11055415967851333
323.0,0.2368087114673924,0.004482333182277833,0.6664642110334407,0.009013344524753487,0.5666666666666667,0.11055415967851333
324.0,0.23683938055086848,0.004470716482620076,0.6665280343808109,0.00898989641105832,0.5666666666666667,0.11055415967851333
325.0,0.2368699227884449,0.004459163969160871,0.6665915770464398,0.008966576841430617,0.5666666666666667,0.11055415967851333
326.0,0.23690033878720135,0.004447675052406847,0.6666548406043727,0.008943384664248585,0.5666666666666667,0.11055415967851333
327.0,0.2369306291534173,0.004436249150903933,0.6667178266214173,0.00892031874308192,0.5666666666666667,0.11055415967851333
67.0,0.23693425274576704,0.023332550208364434,0.6640696819889385,0.05331282930377053,0.5666666666666667,0.11055415967851333
328.0,0.23696079449248808,0.004424885691089841,0.666780536657076,0.008897377956419409,0.5666666666666667,0.11055415967851333
329.0,0.23699083540884414,0.0044135841071500665,0.666842972263483,0.008874561197403716,0.5666666666666667,0.11055415967851333
330.0,0.2370207525058739,0.004402343840876685,0.6669051349853462,0.008851867373571609,0.5666666666666667,0.11055415967851333
331.0,0.23705054638584871,0.0043911643415308205,0.6669670263598921,0.008829295406600018,0.5666666666666667,0.11055415967851333
332.0,0.23708021764985157,0.0043800450657077595,0.6670286479168154,0.00880684423205772,0.5666666666666667,0.11055415967851333
333.0,0.23710976689770766,0.004368985477205382,0.6670900011782317,0.008784512799162496,0.5666666666666667,0.11055415967851333
334.0,0.2371391947279189,0.004357985046895437,0.6671510876586345,0.008762300070543872,0.5666666666666667,0.11055415967851333
335.0,0.23716850173759937,0.004347043252597503,0.6672119088648555,0.008740205022010684,0.5666666666666667,0.11055415967851333
336.0,0.23719768852241527,0.004336159578956081,0.6672724662960271,0.008718226642324111,0.5666666666666667,0.11055415967851333
337.0,0.2372267556765253,0.004325333517319926,0.6673327614435508,0.008696363932975291,0.5666666666666667,0.11055415967851333
338.0,0.23725570379252514,0.00431456456562459,0.6673927957910657,0.00867461590796798,0.5666666666666667,0.11055415967851333
339.0,0.23728453346139317,0.004303852228276845,0.6674525708144217,0.008652981593605613,0.5666666666666667,0.11055415967851333
340.0,0.23731324527243863,0.004293196016042297,0.6675120879816557,0.008631460028283616,0.5666666666666667,0.11055415967851333
341.0,0.23734183981325238,0.0042825954459349185,0.6675713487529704,0.008610050262285144,0.5666666666666667,0.11055415967851333
342.0,0.23737031766965933,0.004272050041109374,0.6676303545807137,0.008588751357582159,0.5666666666666667,0.11055415967851333
343.0,0.2373986794256726,0.00426155933075527,0.6676891069093653,0.008567562387640086,0.5666666666666667,0.11055415967851333
66.0,0.23742459513141748,0.02374979309026633,0.6652711208975277,0.054649033440506374,0.5666666666666667,0.11055415967851333
344.0,0.23742692566345053,0.0042511228499939446,0.6677476071755207,0.008546482437226539,0.5666666666666667,0.11055415967851333
345.0,0.2374550569632549,0.004240740139777373,0.6678058568078811,0.008525510602224824,0.5666666666666667,0.11055415967851333
346.0,0.23748307390341114,0.004230410746789191,0.6678638572272438,0.008504645989450528,0.5666666666666667,0.11055415967851333
347.0,0.23751097706027036,0.004220134223347978,0.6679216098464963,0.00848388771647233,0.5666666666666667,0.11055415967851333
348.0,0.23753876700817309,0.004209910127312223,0.6679791160706106,0.008463234911436232,0.5666666666666667,0.11055415967851333
349.0,0.23756644431941484,0.004199738021987698,0.6680363772966411,0.008442686712894075,0.5666666666666667,0.11055415967851333
350.0,0.237594009564213,0.004189617476036536,0.6680933949137244,0.008422242269634724,0.5666666666666667,0.11055415967851333
351.0,0.23762146331067555,0.004179548063388278,0.6681501703030795,0.008401900740519675,0.5666666666666667,0.11055415967851333
352.0,0.23764880612477096,0.004169529363152722,0.6682067048380124,0.008381661294320652,0.5666666666666667,0.11055415967851333
353.0,0.23767603857030012,0.004159560959534625,0.6682629998839188,0.008361523109562327,0.5666666666666667,0.11055415967851333
354.0,0.2377031612088692,0.004149642441750143,0.6683190567982928,0.008341485374366226,0.5666666666666667,0.11055415967851333
355.0,0.2377301745998639,0.004139773403945042,0.6683748769307344,0.008321547286299977,0.5666666666666667,0.11055415967851333
356.0,0.2377570793004255,0.0041299534451144145,0.6684304616229578,0.008301708052227394,0.5666666666666667,0.11055415967851333
357.0,0.23778387586542765,0.004120182169024274,0.6684858122088045,0.00828196688816313,0.5666666666666667,0.11055415967851333
358.0,0.23781056484745453,0.00411045918413467,0.6685409300142549,0.008262323019129356,0.5666666666666667,0.11055415967851333
359.0,0.23783714679678072,0.004100784103524068,0.6685958163574421,0.008242775679016004,0.5666666666666667,0.11055415967851333
360.0,0.23786362226135144,0.004091156544815811,0.6686504725486679,0.008223324110443029,0.5666666666666667,0.11055415967851333
361.0,0.23788999178676457,0.004081576130105603,0.6687048998904184,0.008203967564626238,0.5666666666666667,0.11055415967851333
362.0,0.23791625591625346,0.004072042485890435,0.6687590996773828,0.008184705301244165,0.5666666666666667,0.11055415967851333
65.0,0.23793944705741538,0.024177359214454606,0.6665482295119219,0.05604246589647291,0.5666666666666667,0.11055415967851333
363.0,0.23794241519067091,0.00406255524299946,0.6688130731964714,0.008165536588310002,0.5666666666666667,0.11055415967851333
364.0,0.23796847014847397,0.004053114036525656,0.6688668217268361,0.008146460702043744,0.5666666666666667,0.11055415967851333
365.0,0.23799442132571008,0.004043718505758855,0.6689203465398912,0.008127476926748027,0.5666666666666667,0.11055415967851333
366.0,0.23802026925600397,0.00403436829412072,0.6689736488993352,0.008108584554685796,0.5666666666666667,0.11055415967851333
367.0,0.23804601447054535,0.004025063049100243,0.6690267300611749,0.008089782885961072,0.5666666666666667,0.11055415967851333
368.0,0.23807165749807777,0.004015802422191019,0.6690795912737479,0.00807107122840111,0.5666666666666667,0.11055415967851333
369.0,0.23809719886488834,0.0040065860688294486,0.6691322337777491,0.008052448897441174,0.5666666666666667,0.11055415967851333
370.0,0.23812263909479786,0.003997413648334337,0.6691846588062542,0.008033915216011819,0.5666666666666667,0.11055415967851333
371.0,0.23814797870915255,0.003988284823847566,0.6692368675847483,0.008015469514427848,0.5666666666666667,0.11055415967851333
372.0,0.23817321822681556,0.003979199262275858,0.6692888613311522,0.00799711113027951,0.5666666666666667,0.11055415967851333
373.0,0.23819835816416032,0.003970156634233824,0.6693406412558501,0.007978839408325701,0.5666666666666667,0.11055415967851333
374.0,0.23822339903506365,0.003961156613987973,0.669392208561719,0.007960653700389501,0.5666666666666667,0.11055415967851333
375.0,0.23824834135090017,0.003952198879401795,0.6694435644441576,0.007942553365254934,0.5666666666666667,0.11055415967851333
376.0,0.2382731856205375,0.0039432831118819695,0.6694947100911162,0.007924537768566607,0.5666666666666667,0.11055415967851333
377.0,0.2382979323503315,0.003934408996325406,0.6695456466831274,0.007906606282730174,0.5666666666666667,0.11055415967851333
378.0,0.23832258204412252,0.003925576221067738,0.6695963753933376,0.007888758286815475,0.5666666666666667,0.11055415967851333
379.0,0.23834713520323253,0.0039167844778320035,0.6696468973875381,0.007870993166461032,0.5666666666666667,0.11055415967851333
380.0,0.23837159232646252,0.00390803346167915,0.6696972138241977,0.007853310313780256,0.5666666666666667,0.11055415967851333
381.0,0.2383959539100903,0.003899322870958845,0.6697473258544946,0.007835709127269653,0.5666666666666667,0.11055415967851333
382.0,0.23842022044786937,0.0038906524072614837,0.6697972346223511,0.007818189011718168,0.5666666666666667,0.11055415967851333
383.0,0.23844439243102786,0.003882021775371071,0.6698469412644653,0.007800749378119083,0.5666666666666667,0.11055415967851333
384.0,0.23846847034826832,0.0038734306832187994,0.6698964469103464,0.007783389643582355,0.5666666666666667,0.11055415967851333
64.0,0.2384799452099317,0.024615405755511494,0.667905806698842,0.05749614920266088,0.5666666666666667,0.11055415967851333
385.0,0.2384924546857679,0.0038648788418376586,0.6699457526823487,0.0077661092312495674,0.5666666666666667,0.11055415967851333
386.0,0.2385163459271788,0.003856365965317888,0.6699948596957055,0.0077489075702094,0.5666666666666667,0.11055415967851333
387.0,0.23854014455362954,0.0038478917707631326,0.6700437690585659,0.007731784095415562,0.5666666666666667,0.11055415967851333
388.0,0.23856385104372638,0.0038394559782473333,0.6700924818720281,0.007714738247605651,0.5666666666666667,0.11055415967851333
389.0,0.23858746587355553,0.0038310583107726997,0.6701409992301763,0.007697769473221287,0.5666666666666667,0.11055415967851333
390.0,0.23861098951668533,0.0038226984942281096,0.670189322220117,0.00768087722433026,0.5666666666666667,0.11055415967851333
391.0,0.23863442244416927,0.0038143762573483995,0.6702374519220138,0.007664060958549287,0.5666666666666667,0.11055415967851333
392.0,0.2386577651245488,0.0038060913316744906,0.6702853894091249,0.007647320138968974,0.5666666666666667,0.11055415967851333
393.0,0.2386810180238575,0.0037978434515139044,0.6703331357478393,0.0076306542340790475,0.5666666666666667,0.11055415967851333
394.0,0.23870418160562443,0.003789632353902449,0.670380691997714,0.007614062717695915,0.5666666666666667,0.11055415967851333
395.0,0.23872725633087888,0.003781457778566157,0.6704280592115106,0.007597545068890738,0.5666666666666667,0.11055415967851333
396.0,0.23875024265815462,0.0037733194678841197,0.6704752384352328,0.007581100771919186,0.5666666666666667,0.11055415967851333
397.0,0.23877314104349506,0.003765217166851845,0.6705222307081635,0.007564729316151924,0.5666666666666667,0.11055415967851333
398.0,0.23879595194045838,0.0037571506230455153,0.6705690370629027,0.007548430196006845,0.5666666666666667,0.11055415967851333
399.0,0.23881867580012325,0.003749119586586502,0.6706156585254047,0.007532202910882007,0.5666666666666667,0.11055415967851333
400.0,0.23884131307109446,0.003741123810106721,0.6706620961150158,0.00751604696509008,0.5666666666666667,0.11055415967851333
401.0,0.23886386419950906,0.0037331630487147335,0.670708350844513,0.007499961867793367,0.5666666666666667,0.11055415967851333
402.0,0.23888632962904283,0.0037252370599620325,0.6707544237201402,0.007483947132940608,0.5666666666666667,0.11055415967851333
403.0,0.23890870980091689,0.003717345603810142,0.6708003157416478,0.007468002279203971,0.5666666666666667,0.11055415967851333
404.0,0.23893100515390442,0.003709488442598435,0.6708460279023305,0.007452126829918275,0.5666666666666667,0.11055415967851333
405.0,0.23895321612433795,0.003701665341012153,0.6708915611890642,0.007436320313019906,0.5666666666666667,0.11055415967851333
406.0,0.23897534314611665,0.0036938760660513814,0.6709369165823458,0.007420582260987758,0.5666666666666667,0.11055415967851333
407.0,0.23899738665071374,0.003686120387000007,0.6709820950563298,0.0074049122107846775,0.5666666666666667,0.11055415967851333
408.0,0.23901934706718436,0.0036783980753958474,0.6710270975788677,0.007389309703799723,0.5666666666666667,0.11055415967851333
409.0,0.23904122482217352,0.003670708905000627,0.6710719251115453,0.0073737742857920415,0.5666666666666667,0.11055415967851333
63.0,0.23904728118463892,0.025064079909456152,0.6693490041259323,0.059013296063975075,0.5666666666666667,0.11055415967851333
410.0,0.23906302033992413,0.0036630526517711162,0.6711165786097218,0.007358305506834889,0.5666666666666667,0.11055415967851333
411.0,0.2390847340422854,0.003655429093830152,0.6711610590225667,0.007342902921261147,0.5666666666666667,0.11055415967851333
412.0,0.2391063663487214,0.0036478380114385385,0.671205367293099,0.0073275660876089745,0.5666666666666667,0.11055415967851333
413.0,0.23912791767631947,0.0036402791869673563,0.6712495043582252,0.0073122945685694845,0.5666666666666667,0.11055415967851333
414.0,0.2391493884397994,0.003632752404870406,0.6712934711487765,0.0072970879309344145,0.5666666666666667,0.11055415967851333
415.0,0.2391707790515219,0.0036252574516576572,0.671337268589548,0.007281945745544175,0.5666666666666667,0.11055415967851333
416.0,0.23919208992149824,0.0036177941158686325,0.6713808975993361,0.0072668675872384755,0.5666666666666667,0.11055415967851333
417.0,0.239213321457399,0.0036103621880465347,0.671424359090976,0.007251853034805681,0.5666666666666667,0.11055415967851333
418.0,0.2392344740645639,0.0036029614607127657,0.6714676539713808,0.007236901670934635,0.5666666666666667,0.11055415967851333
419.0,0.23925554814601088,0.0035955917283414986,0.6715107831415773,0.007222013082166086,0.5666666666666667,0.11055415967851333
420.0,0.2392765441024461,0.003588252787335286,0.6715537474967463,0.007207186858845401,0.5666666666666667,0.11055415967851333
421.0,0.23929746233227328,0.003580944436000557,0.6715965479262578,0.007192422595076011,0.5666666666666667,0.11055415967851333
422.0,0.2393183032316037,0.00357366647452374,0.6716391853137095,0.007177719888673643,0.5666666666666667,0.11055415967851333
423.0,0.23933906719426642,0.003566418704947646,0.6716816605369648,0.007163078341120989,0.5666666666666667,0.11055415967851333
424.0,0.2393597546118178,0.003559200931148338,0.671723974468189,0.007148497557523023,0.5666666666666667,0.11055415967851333
425.0,0.23938036587355183,0.0035520129588123236,0.6717661279738872,0.007133977146563846,0.5666666666666667,0.11055415967851333
426.0,0.23940090136651052,0.0035448545954141182,0.6718081219149414,0.0071195167204627825,0.5666666666666667,0.11055415967851333
427.0,0.2394213614754938,0.0035377256501941665,0.6718499571466472,0.0071051158949326275,0.5666666666666667,0.11055415967851333
428.0,0.23944174658307033,0.003530625934137044,0.6718916345187507,0.0070907742891372924,0.5666666666666667,0.11055415967851333
429.0,0.23946205706958734,0.003523555259950059,0.6719331548754851,0.007076491525651079,0.5666666666666667,0.11055415967851333
430.0,0.23948229331318185,0.003516513442042307,0.6719745190556081,0.007062267230417663,0.5666666666666667,0.11055415967851333
431.0,0.2395024556897905,0.003509500296503766,0.6720157278924369,0.00704810103271056,0.5666666666666667,0.11055415967851333
432.0,0.23952254457316063,0.0035025156410850742,0.6720567822138863,0.007033992565093751,0.5666666666666667,0.11055415967851333
433.0,0.2395425603348608,0.0034955592951771653,0.6720976828425033,0.007019941463382764,0.5666666666666667,0.11055415967851333
434.0,0.23956250334429136,0.0034886310797918514,0.6721384305955038,0.0070059473666067365,0.5666666666666667,0.11055415967851333
435.0,0.23958237396869547,0.00348173081754193,0.6721790262848092,0.006992009916970426,0.5666666666666667,0.11055415967851333
436.0,0.2396021725731697,0.0034748583326223662,0.6722194707170803,0.0069781287598178225,0.5666666666666667,0.11055415967851333
437.0,0.23962189952067492,0.003468013450791167,0.6722597646937547,0.006964303543594902,0.5666666666666667,0.11055415967851333
438.0,0.23964155517204713,0.0034611959993508723,0.6722999090110816,0.006950533919814634,0.5666666666666667,0.11055415967851333
62.0,0.23964270417206618,0.02552351741348421,0.6708833566432454,0.06059732372586882,0.5666666666666667,0.11055415967851333
439.0,0.23966113988600846,0.0034544058071302257,0.6723399044601565,0.006936819543020593,0.5666666666666667,0.11055415967851333
440.0,0.2396806540191781,0.003447642704466074,0.6723797518269573,0.006923160070752741,0.5666666666666667,0.11055415967851333
441.0,0.2397000979260829,0.0034409065231858294,0.6724194518923783,0.0069095551635125554,0.5666666666666667,0.11055415967851333
442.0,0.23971947195916893,0.003434197096589515,0.6724590054322656,0.006896004484729839,0.5666666666666667,0.11055415967851333
443.0,0.239738776468812,0.0034275142594330818,0.6724984132174512,0.0068825077007285875,0.5666666666666667,0.11055415967851333
444.0,0.2397580118033289,0.0034208578479109422,0.6725376760137882,0.006869064480694492,0.5666666666666667,0.11055415967851333
445.0,0.23977717830898823,0.0034142276996395717,0.6725767945821844,0.006855674496642534,0.5666666666666667,0.11055415967851333
446.0,0.23979627633002173,0.003407623653640861,0.6726157696786362,0.006842337423384755,0.5666666666666667,0.11055415967851333
447.0,0.239815306208635,0.003401045550325863,0.6726546020542633,0.006829052938498949,0.5666666666666667,0.11055415967851333
448.0,0.2398342682850188,0.003394493231478959,0.6726932924553417,0.006815820722297898,0.5666666666666667,0.11055415967851333
449.0,0.23985316289735978,0.003387966540241916,0.6727318416233375,0.006802640457798038,0.5666666666666667,0.11055415967851333
450.0,0.23987199038185197,0.0033814653210984136,0.6727702502949408,0.006789511830689927,0.5666666666666667,0.11055415967851333
451.0,0.23989075107270738,0.00337498941985884,0.6728085192020974,0.006776434529308185,0.5666666666666667,0.11055415967851333
452.0,0.2399094453021673,0.003368538683645048,0.6728466490720438,0.006763408244602373,0.5666666666666667,0.11055415967851333
453.0,0.2399280734005133,0.003362112960875575,0.6728846406273384,0.006750432670107813,0.5666666666666667,0.11055415967851333
454.0,0.23994663569607835,0.003355712101250966,0.6729224945858948,0.006737507501917391,0.5666666666666667,0.11055415967851333
455.0,0.23996513251525742,0.0033493359557395046,0.6729602116610146,0.006724632438653135,0.5666666666666667,0.11055415967851333
456.0,0.23998356418251912,0.003342984376562553,0.6729977925614183,0.006711807181438718,0.5666666666666667,0.11055415967851333
457.0,0.2400019310204161,0.003336657217181031,0.6730352379912792,0.006699031433872175,0.5666666666666667,0.11055415967851333
458.0,0.2400202333495965,0.0033303543322813546,0.6730725486502539,0.006686304901998553,0.5666666666666667,0.11055415967851333
459.0,0.24003847148881446,0.003324075577761673,0.6731097252335145,0.00667362729428384,0.5666666666666667,0.11055415967851333
460.0,0.24005664575494165,0.003317820810718675,0.6731467684317806,0.006660998321588455,0.5666666666666667,0.11055415967851333
461.0,0.2400747564629775,0.0033115898894342222,0.6731836789313492,0.00664841769714144,0.5666666666666667,0.11055415967851333
462.0,0.24009280392606075,0.0033053826733623315,0.6732204574141273,0.006635885136514834,0.5666666666666667,0.11055415967851333
463.0,0.24011078845547978,0.003299199023116182,0.6732571045576623,0.006623400357598984,0.5666666666666667,0.11055415967851333
464.0,0.24012871036068387,0.0032930388004556205,0.6732936210351723,0.006610963080577108,0.5666666666666667,0.11055415967851333
465.0,0.24014656994929381,0.0032869018682744394,0.6733300075155775,0.0065985730279010625,0.5666666666666667,0.11055415967851333
466.0,0.24016436752711284,0.0032807880905882355,0.6733662646635296,0.006586229924267571,0.5666666666666667,0.11055415967851333
467.0,0.24018210339813723,0.0032746973325219683,0.6734023931394427,0.006573933496593856,0.5666666666666667,0.11055415967851333
468.0,0.24019977786456725,0.00326862946029827,0.6734383935995231,0.006561683473994322,0.5666666666666667,0.11055415967851333
469.0,0.24021739122681787,0.0032625843412253113,0.6734742666957991,0.006549479587757543,0.5666666666666667,0.11055415967851333
470.0,0.24023494378352903,0.0032565618436853185,0.6735100130761504,0.006537321571322948,0.5666666666666667,0.11055415967851333
471.0,0.24025243583157696,0.0032505618371230275,0.6735456333843377,0.006525209160258896,0.5666666666666667,0.11055415967851333
61.0,0.24026752376500368,0.02599384095740587,0.6725148157146414,0.06225186964669525,0.5666666666666667,0.11055415967851333
472.0,0.2402698676660843,0.003244584192034171,0.6735811282600317,0.006513142092239987,0.5666666666666667,0.11055415967851333
473.0,0.2402872395804308,0.003238628779954559,0.6736164983388423,0.006501120107025012,0.5666666666666667,0.11055415967851333
474.0,0.24030455186626404,0.0032326954734486647,0.6736517442523475,0.006489142946435348,0.5666666666666667,0.11055415967851333
475.0,0.2403218048135097,0.003226784146099105,0.6736868666281219,0.006477210354333879,0.5666666666666667,0.11055415967851333
476.0,0.24033899871038206,0.003220894672495539,0.6737218660897653,0.006465322076603217,0.5666666666666667,0.11055415967851333
477.0,0.24035613384339477,0.0032150269282242264,0.6737567432569305,0.006453477861125636,0.5666666666666667,0.11055415967851333
478.0,0.24037321049737068,0.0032091807898576926,0.673791498745352,0.006441677457761804,0.5666666666666667,0.11055415967851333
479.0,0.2403902289554527,0.0032033561349439866,0.6738261331668738,0.006429920618330812,0.5666666666666667,0.11055415967851333
480.0,0.2404071894991139,0.003197552841996916,0.6738606471294764,0.006418207096590146,0.5666666666666667,0.11055415967851333
481.0,0.24042409240816776,0.003191770790485791,0.6738950412373049,0.00640653664821594,0.5666666666666667,0.11055415967851333
482.0,0.2404409379607785,0.0031860098608254934,0.6739293160906966,0.006394909030782875,0.5666666666666667,0.11055415967851333
483.0,0.24045772643347116,0.0031802699343667314,0.6739634722862076,0.006383324003746001,0.5666666666666667,0.11055415967851333
484.0,0.24047445810114199,0.003174550893386386,0.6739975104166395,0.006371781328420709,0.5666666666666667,0.11055415967851333
485.0,0.2404911332370681,0.0031688526210778057,0.6740314310710669,0.0063602807679641075,0.5666666666666667,0.11055415967851333
486.0,0.2405077521129181,0.0031631750015417466,0.6740652348348637,0.006348822087356969,0.5666666666666667,0.11055415967851333
487.0,0.24052431499876156,0.0031575179197766774,0.6740989222897292,0.006337405053385153,0.5666666666666667,0.11055415967851333
488.0,0.24054082216307945,0.0031518812616699392,0.6741324940137148,0.006326029434621123,0.5666666666666667,0.11055415967851333
489.0,0.24055727387277376,0.003146264913988475,0.674165950581249,0.006314695001406756,0.5666666666666667,0.11055415967851333
490.0,0.2405736703931775,0.0031406687643699823,0.6741992925631651,0.006303401525835127,0.5666666666666667,0.11055415967851333
491.0,0.24059001198806462,0.003135092701314141,0.6742325205267248,0.006292148781733496,0.5666666666666667,0.11055415967851333
492.0,0.2406062989196595,0.003129536614173742,0.674265635035645,0.006280936544645997,0.5666666666666667,0.11055415967851333
493.0,0.24062253144864712,0.0031240003931463844,0.6742986366501227,0.006269764591816614,0.5666666666666667,0.11055415967851333
494.0,0.24063870983418237,0.003118483929265631,0.6743315259268601,0.006258632702172359,0.5666666666666667,0.11055415967851333
495.0,0.24065483433389998,0.003112987114392931,0.6743643034190892,0.006247540656306795,0.5666666666666667,0.11055415967851333
496.0,0.24067090520392384,0.003107509841209197,0.6743969696765972,0.006236488236463926,0.5666666666666667,0.11055415967851333
497.0,0.24068692269887695,0.0031020520032066707,0.6744295252457512,0.006225475226521519,0.5666666666666667,0.11055415967851333
498.0,0.24070288707189053,0.003096613494680925,0.6744619706695214,0.006214501411975454,0.5666666666666667,0.11055415967851333
499.0,0.24071879857461362,0.003091194210722795,0.6744943064875065,0.006203566579924146,0.5666666666666667,0.11055415967851333
500.0,0.24073465745722258,0.003085794047210552,0.6745265332359575,0.006192670519052453,0.5666666666666667,0.11055415967851333
501.0,0.2407504639684303,0.0030804129008022256,0.6745586514478009,0.00618181301961696,0.5666666666666667,0.11055415967851333
502.0,0.24076621835549572,0.003075050668927854,0.6745906616526636,0.0061709938734301846,0.5666666666666667,0.11055415967851333
503.0,0.24078192086423272,0.0030697072497818823,0.6746225643768953,0.006160212873845966,0.5666666666666667,0.11055415967851333
504.0,0.24079757173901978,0.0030643825423157913,0.6746543601435926,0.006149469815744505,0.5666666666666667,0.11055415967851333
505.0,0.24081317122280876,0.0030590764462307134,0.6746860494726217,0.006138764495517733,0.5666666666666667,0.11055415967851333
506.0,0.2408287195571343,0.0030537888619699706,0.6747176328806419,0.0061280967110549115,0.5666666666666667,0.11055415967851333
507.0,0.2408442169821227,0.003048519690712086,0.674749110881128,0.006117466261728159,0.5666666666666667,0.11055415967851333
508.0,0.2408596637365009,0.0030432688343635305,0.6747804839843932,0.006106872948378414,0.5666666666666667,0.11055415967851333
509.0,0.24087506005760567,0.003038036195551769,0.6748117526976116,0.006096316573301606,0.5666666666666667,0.11055415967851333
510.0,0.24089040618139226,0.0030328216776182833,0.6748429175248407,0.006085796940234922,0.5666666666666667,0.11055415967851333
511.0,0.24090570234244355,0.003027625184611792,0.6748739789670433,0.00607531385434274,0.5666666666666667,0.11055415967851333
512.0,0.24092094877397838,0.003022446621281238,0.6749049375221092,0.006064867122203509,0.5666666666666667,0.11055415967851333
60.0,0.2409231128918882,0.026475158486193907,0.6742497862538397,0.06398080861789225,0.5666666666666667,0.11055415967851333
513.0,0.24093614570786093,0.0030172858930694875,0.6749357936848787,0.006054456551796582,0.5666666666666667,0.11055415967851333
514.0,0.24095129337460897,0.0030121429061063434,0.6749665479471617,0.006044081952488932,0.5666666666666667,0.11055415967851333
515.0,0.2409663920034027,0.0030070175672022794,0.6749972007977617,0.0060337431350216825,0.5666666666666667,0.11055415967851333
516.0,0.2409814418220933,0.0030019097838418353,0.6750277527224953,0.006023439911498117,0.5666666666666667,0.11055415967851333
517.0,0.24099644305721163,0.002996819464177258,0.6750582042042154,0.006013172095370538,0.5666666666666667,0.11055415967851333
518.0,0.2410113959339764,0.002991746517022294,0.6750885557228294,0.006002939501427484,0.5666666666666667,0.11055415967851333
519.0,0.2410263006763032,0.002986690851845921,0.6751188077553232,0.005992741945781984,0.5666666666666667,0.11055415967851333
520.0,0.24104115750681218,0.0029816523787661005,0.6751489607757801,0.005982579245858739,0.5666666666666667,0.11055415967851333
521.0,0.24105596664683718,0.002976631008543918,0.6751790152554015,0.0059724512203820366,0.5666666666666667,0.11055415967851333
522.0,0.24107072831643336,0.002971626652577276,0.675208971662528,0.0059623576893643865,0.5666666666666667,0.11055415967851333
523.0,0.24108544273438595,0.0029666392228952817,0.6752388304626592,0.005952298474093894,0.5666666666666667,0.11055415967851333
524.0,0.24110011011821805,0.0029616686321521234,0.675268592118474,0.0059422733971229375,0.5666666666666667,0.11055415967851333
525.0,0.24111473068419936,0.002956714793621469,0.6752982570898505,0.005932282282256951,0.5666666666666667,0.11055415967851333
526.0,0.24112930464735358,0.0029517776211905517,0.675327825833886,0.005922324954542248,0.5666666666666667,0.11055415967851333
527.0,0.2411438322214671,0.0029468570293547268,0.6753572988049161,0.0059124012402552405,0.5666666666666667,0.11055415967851333
528.0,0.24115831361909645,0.002941952933211619,0.6753866764545353,0.005902510966891306,0.5666666666666667,0.11055415967851333
529.0,0.24117274905157687,0.002937065248455811,0.675415959231615,0.005892653963153341,0.5666666666666667,0.11055415967851333
530.0,0.2411871387290297,0.0029321938913733124,0.6754451475823244,0.005882830058941099,0.5666666666666667,0.11055415967851333
531.0,0.2412014828603705,0.0029273387788361213,0.6754742419501478,0.00587303908534058,0.5666666666666667,0.11055415967851333
532.0,0.24121578165331678,0.0029224998282967795,0.6755032427759048,0.005863280874612992,0.5666666666666667,0.11055415967851333
533.0,0.24123003531439585,0.0029176769577834174,0.6755321504977688,0.005853555260184303,0.5666666666666667,0.11055415967851333
534.0,0.24124424404895262,0.0029128700858942268,0.6755609655512854,0.005843862076635002,0.5666666666666667,0.11055415967851333
535.0,0.24125840806115667,0.0029080791317923124,0.6755896883693909,0.005834201159689601,0.5666666666666667,0.11055415967851333
536.0,0.2412725275540108,0.0029033040152008694,0.6756183193824312,0.0058245723462063935,0.5666666666666667,0.11055415967851333
537.0,0.2412866027293581,0.0028985446563977745,0.6756468590181799,0.005814975474167511,0.5666666666666667,0.11055415967851333
538.0,0.24130063378788907,0.00289380097621092,0.6756753077018551,0.005805410382668776,0.5666666666666667,0.11055415967851333
539.0,0.24131462092915007,0.0028890728960130484,0.6757036658561398,0.005795876911910164,0.5666666666666667,0.11055415967851333
540.0,0.24132856435154987,0.0028843603377170157,0.6757319339011978,0.005786374903185445,0.5666666666666667,0.11055415967851333
541.0,0.24134246425236752,0.0028796632237708384,0.6757601122546917,0.005776904198873146,0.5666666666666667,0.11055415967851333
542.0,0.2413563208277595,0.002874981477153155,0.675788201331801,0.005767464642426658,0.5666666666666667,0.11055415967851333
543.0,0.2413701342727669,0.0028703150213682843,0.6758162015452391,0.005758056078364915,0.5666666666666667,0.11055415967851333
544.0,0.24138390478132304,0.0028656637804417035,0.6758441133052708,0.005748678352263108,0.5666666666666667,0.11055415967851333
545.0,0.2413976325462602,0.0028610276789153176,0.6758719370197297,0.005739331310743166,0.5666666666666667,0.11055415967851333
546.0,0.24141131775931704,0.0028564066418430224,0.6758996730940341,0.0057300148014650665,0.5666666666666667,0.11055415967851333
547.0,0.24142496061114568,0.002851800594786181,0.6759273219312056,0.005720728673117281,0.5666666666666667,0.11055415967851333
548.0,0.24143856129131874,0.0028472094638091485,0.6759548839318841,0.005711472775408464,0.5666666666666667,0.11055415967851333
549.0,0.24145211998833616,0.0028426331754747096,0.6759823594943457,0.005702246959057811,0.5666666666666667,0.11055415967851333
550.0,0.24146563688963246,0.002838071656840108,0.6760097490145192,0.005693051075787197,0.5666666666666667,0.11055415967851333
551.0,0.2414791121815834,0.0028335248354522786,0.676037052886001,0.005683884978311795,0.5666666666666667,0.11055415967851333
552.0,0.24149254604951303,0.0028289926393439174,0.6760642715000736,0.005674748520331994,0.5666666666666667,0.11055415967851333
553.0,0.2415059386777004,0.002824474997029122,0.6760914052457199,0.005665641556524568,0.5666666666666667,0.11055415967851333
554.0,0.24151929024938643,0.0028199718374992207,0.6761184545096398,0.005656563942534716,0.5666666666666667,0.11055415967851333
555.0,0.24153260094678036,0.0028154830902187146,0.6761454196762667,0.0056475155349672256,0.5666666666666667,0.11055415967851333
556.0,0.24154587095106708,0.0028110086851210582,0.6761723011277824,0.0056384961913787885,0.5666666666666667,0.11055415967851333
557.0,0.2415591004424129,0.0028065485526048593,0.6761990992441328,0.0056295057702696865,0.5666666666666667,0.11055415967851333
558.0,0.24157228959997293,0.002802102623529578,0.6762258144030441,0.005620544131075725,0.5666666666666667,0.11055415967851333
559.0,0.24158543860189718,0.0027976708292118914,0.6762524469800378,0.005611611134160194,0.5666666666666667,0.11055415967851333
560.0,0.2415985476253372,0.0027932531014215403,0.6762789973484458,0.005602706640806352,0.5666666666666667,0.11055415967851333
59.0,0.24161091088000658,0.026967561394836085,0.6760951672673737,0.0657882714925777,0.5666666666666667,0.11055415967851333
561.0,0.24161161684645255,0.0027888493723775025,0.6763054658794256,0.005593830513209261,0.5666666666666667,0.11055415967851333
562.0,0.24162464644041726,0.002784459574744393,0.6763318529419763,0.005584982614468436,0.5666666666666667,0.11055415967851333
563.0,0.24163763658142617,0.0027800836416283473,0.6763581589029516,0.005576162808579709,0.5666666666666667,0.11055415967851333
564.0,0.2416505874427013,0.0027757215065735328,0.6763843841270767,0.005567370960428676,0.5666666666666667,0.11055415967851333
565.0,0.24166349919649796,0.0027713731035583023,0.6764105289769616,0.005558606935782042,0.5666666666666667,0.11055415967851333
566.0,0.24167637201411143,0.0027670383669915403,0.6764365938131165,0.005549870601281078,0.5666666666666667,0.11055415967851333
567.0,0.24168920606588268,0.002762717231709179,0.6764625789939656,0.0055411618244339215,0.5666666666666667,0.11055415967851333
568.0,0.24170200152120486,0.0027584096329703925,0.6764884848758622,0.005532480473608667,0.5666666666666667,0.11055415967851333
569.0,0.2417147585485293,0.00275411550645416,0.6765143118131026,0.005523826418025871,0.5666666666666667,0.11055415967851333
570.0,0.2417274773153716,0.0027498347882558404,0.67654006015794,0.005515199527751694,0.5666666666666667,0.11055415967851333
571.0,0.24174015798831777,0.0027455674148835173,0.676565730260599,0.005506599673690851,0.5666666666666667,0.11055415967851333
572.0,0.24175280073303013,0.0027413133232546457,0.6765913224692893,0.005498026727579672,0.5666666666666667,0.11055415967851333
573.0,0.2417654057142533,0.0027370724506926318,0.6766168371302198,0.005489480561979,0.5666666666666667,0.11055415967851333
574.0,0.24177797309582014,0.0027328447349236136,0.6766422745876118,0.005480961050268287,0.5666666666666667,0.11055415967851333
575.0,0.24179050304065758,0.002728630114072787,0.6766676351837133,0.00547246806663748,0.5666666666666667,0.11055415967851333
576.0,0.2418029957107925,0.002724428526661449,0.6766929192588116,0.005464001486081388,0.5666666666666667,0.11055415967851333
577.0,0.2418154512673576,0.002720239911603509,0.6767181271512479,0.005455561184392881,0.5666666666666667,0.11055415967851333
578.0,0.24182786987059704,0.002716064208202353,0.6767432591974296,0.005447147038156175,0.5666666666666667,0.11055415967851333
579.0,0.24184025167987225,0.0027119013561477156,0.6767683157318442,0.005438758924740618,0.5666666666666667,0.11055415967851333
580.0,0.24185259685366742,0.0027077512955122687,0.6767932970870717,0.005430396722294274,0.5666666666666667,0.11055415967851333
581.0,0.2418649055495956,0.002703613966748741,0.6768182035937984,0.005422060309737165,0.5666666666666667,0.11055415967851333
582.0,0.24187717792440377,0.0026994893106867686,0.6768430355808291,0.005413749566755611,0.5666666666666667,0.11055415967851333
583.0,0.24188941413397874,0.002695377268529669,0.6768677933751007,0.005405464373795742,0.5666666666666667,0.11055415967851333
584.0,0.2419016143333525,0.002691277781851582,0.676892477301694,0.005397204612057391,0.5666666666666667,0.11055415967851333
585.0,0.24191377867670788,0.0026871907925942926,0.676917087683847,0.005388970163488063,0.5666666666666667,0.11055415967851333
586.0,0.2419259073173839,0.0026831162430644814,0.6769416248429669,0.005380760910776714,0.5666666666666667,0.11055415967851333
587.0,0.24193800040788113,0.0026790540759305636,0.6769660890986433,0.0053725767373479635,0.5666666666666667,0.11055415967851333
588.0,0.2419500580998673,0.0026750042342198123,0.6769904807686594,0.005364417527356673,0.5666666666666667,0.11055415967851333
589.0,0.24196208054418228,0.002670966661315579,0.6770148001690057,0.005356283165680976,0.5666666666666667,0.11055415967851333
590.0,0.2419740678908437,0.002666941300954393,0.6770390476138906,0.005348173537917565,0.5666666666666667,0.11055415967851333
591.0,0.24198602028905217,0.0026629280972229746,0.6770632234157533,0.0053400885303753615,0.5666666666666667,0.11055415967851333
592.0,0.2419979378871962,0.002658926994555632,0.677087327885276,0.0053320280300701945,0.5666666666666667,0.11055415967851333
593.0,0.24200982083285788,0.002654937937731397,0.677111361331395,0.005323991924718989,0.5666666666666667,0.11055415967851333
594.0,0.2420216692728177,0.002650960871871277,0.677135324061313,0.005315980102734315,0.5666666666666667,0.11055415967851333
595.0,0.2420334833530598,0.002646995742435598,0.6771592163805109,0.005307992453218539,0.5666666666666667,0.11055415967851333
596.0,0.24204526321877692,0.002643042495221164,0.6771830385927584,0.005300028865959048,0.5666666666666667,0.11055415967851333
597.0,0.24205700901437574,0.0026391010763587926,0.677206791000127,0.005292089231422468,0.5666666666666667,0.11055415967851333
598.0,0.24206872088348158,0.0026351714323104786,0.6772304739030007,0.005284173440748984,0.5666666666666667,0.11055415967851333
599.0,0.24208039896894346,0.002631253509866893,0.6772540876000865,0.005276281385747691,0.5666666666666667,0.11055415967851333
600.0,0.24209204341283935,0.002627347256144785,0.6772776323884274,0.005268412958890985,0.5666666666666667,0.11055415967851333
601.0,0.2421036543564806,0.0026234526185843847,0.6773011085634121,0.00526056805330941,0.5666666666666667,0.11055415967851333
602.0,0.24211523194041717,0.002619569544946907,0.6773245164187867,0.0052527465627866575,0.5666666666666667,0.11055415967851333
603.0,0.24212677630444243,0.0026156979833119555,0.6773478562466656,0.005244948381754461,0.5666666666666667,0.11055415967851333
604.0,0.2421382875875977,0.0026118378820751188,0.6773711283375425,0.005237173405287055,0.5666666666666667,0.11055415967851333
605.0,0.24214976592817744,0.002607989189945492,0.6773943329803012,0.0052294215290970055,0.5666666666666667,0.11055415967851333
606.0,0.24216121146373376,0.002604151855943218,0.6774174704622259,0.005221692649529826,0.5666666666666667,0.11055415967851333
607.0,0.24217262433108103,0.002600325829396988,0.6774405410690124,0.005213986663558834,0.5666666666666667,0.11055415967851333
608.0,0.2421840046663008,0.0025965110599418706,0.6774635450847789,0.0052063034687810025,0.5666666666666667,0.11055415967851333
609.0,0.24219535260474637,0.0025927074975166196,0.6774864827920757,0.005198642963411428,0.5666666666666667,0.11055415967851333
610.0,0.24220666828104737,0.0025889150923616563,0.6775093544718962,0.005191005046278943,0.5666666666666667,0.11055415967851333
611.0,0.24221795182911424,0.002585133795016492,0.677532160403687,0.005183389616821458,0.5666666666666667,0.11055415967851333
612.0,0.24222920338214293,0.002581363556317602,0.6775549008653586,0.005175796575080926,0.5666666666666667,0.11055415967851333
613.0,0.24224042307261953,0.002577604327395973,0.6775775761332948,0.005168225821699309,0.5666666666666667,0.11055415967851333
614.0,0.24225161103232445,0.0025738560596749805,0.6776001864823636,0.005160677257913253,0.5666666666666667,0.11055415967851333
615.0,0.24226276739233707,0.0025701187048681002,0.6776227321859271,0.005153150785550404,0.5666666666666667,0.11055415967851333
616.0,0.24227389228304014,0.002566392214976701,0.6776452135158503,0.005145646307024119,0.5666666666666667,0.11055415967851333
617.0,0.24228498583412414,0.0025626765422877983,0.6776676307425131,0.005138163725329491,0.5666666666666667,0.11055415967851333
618.0,0.24229604817459166,0.002558971639371946,0.6776899841348183,0.005130702944038736,0.5666666666666667,0.11055415967851333
619.0,0.24230707943276192,0.0025552774590810456,0.6777122739602023,0.005123263867296739,0.5666666666666667,0.11055415967851333
620.0,0.24231807973627456,0.0025515939545462,0.6777345004846441,0.005115846399817227,0.5666666666666667,0.11055415967851333
621.0,0.24232904921209455,0.002547921079175692,0.6777566639726758,0.005108450446878032,0.5666666666666667,0.11055415967851333
58.0,0.2423324266522308,0.027471122618968693,0.6780583967615099,0.06767866570443341,0.5666666666666667,0.11055415967851333
622.0,0.24233998798651601,0.002544258786652755,0.6777787646873911,0.005101075914316637,0.5666666666666667,0.11055415967851333
623.0,0.2423508961851665,0.0025406070309335286,0.6778008028904553,0.005093722708526527,0.5666666666666667,0.11055415967851333
624.0,0.24236177393301134,0.0025369657662450418,0.6778227788421151,0.005086390736452604,0.5666666666666667,0.11055415967851333
625.0,0.2423726213543576,0.00253333494708325,0.6778446928012066,0.00507907990558748,0.5666666666666667,0.11055415967851333
626.0,0.24238343857285835,0.0025297145282108077,0.6778665450251656,0.005071790123966706,0.5666666666666667,0.11055415967851333
627.0,0.24239422571151686,0.0025261044646553077,0.6778883357700372,0.005064521300165297,0.5666666666666667,0.11055415967851333
628.0,0.2424049828926902,0.002522504711707067,0.6779100652904833,0.005057273343293444,0.5666666666666667,0.11055415967851333
629.0,0.24241571023809386,0.002518915224917404,0.6779317338397928,0.005050046162992875,0.5666666666666667,0.11055415967851333
630.0,0.24242640786880534,0.0025153359600964672,0.6779533416698904,0.005042839669432266,0.5666666666666667,0.11055415967851333
631.0,0.24243707590526845,0.0025117668733114985,0.6779748890313457,0.005035653773303992,0.5666666666666667,0.11055415967851333
632.0,0.24244771446729702,0.002508207920884758,0.6779963761733812,0.00502848838581981,0.5666666666666667,0.11055415967851333
633.0,0.24245832367407902,0.002504659059391787,0.6780178033438815,0.005021343418707239,0.5666666666666667,0.11055415967851333
634.0,0.24246890364418033,0.002501120245659429,0.6780391707894031,0.005014218784205497,0.5666666666666667,0.11055415967851333
635.0,0.2424794544955485,0.0024975914367639652,0.6780604787551806,0.0050071143950623604,0.5666666666666667,0.11055415967851333
636.0,0.24248997634551692,0.0024940725900294315,0.6780817274851377,0.005000030164529475,0.5666666666666667,0.11055415967851333
637.0,0.2425004693108086,0.0024905636630255037,0.6781029172218943,0.004992966006359523,0.5666666666666667,0.11055415967851333
638.0,0.2425109335075395,0.00248706461356606,0.6781240482067756,0.004985921834802083,0.5666666666666667,0.11055415967851333
639.0,0.24252136905122296,0.0024835753997070682,0.6781451206798199,0.004978897564599969,0.5666666666666667,0.11055415967851333
640.0,0.24253177605677295,0.002480095979744927,0.6781661348797872,0.0049718931109860465,0.5666666666666667,0.11055415967851333
641.0,0.24254215463850803,0.00247662631221481,0.6781870910441679,0.004964908389679002,0.5666666666666667,0.11055415967851333
642.0,0.24255250491015481,0.0024731663558887926,0.6782079894091902,0.004957943316880559,0.5666666666666667,0.11055415967851333
643.0,0.24256282698485204,0.002469716069774147,0.6782288302098287,0.004950997809271408,0.5666666666666667,0.11055415967851333
644.0,0.24257312097515388,0.0024662754131116998,0.6782496136798126,0.0049440717840078165,0.5666666666666667,0.11055415967851333
645.0,0.24258338699303353,0.002462844345374005,0.6782703400516332,0.004937165158718406,0.5666666666666667,0.11055415967851333
646.0,0.2425936251498869,0.002459422826263849,0.6782910095565524,0.004930277851500596,0.5666666666666667,0.11055415967851333
647.0,0.2426038355565363,0.002456010815712381,0.6783116224246102,0.004923409780917149,0.5666666666666667,0.11055415967851333
648.0,0.24261401832323387,0.002452608273877679,0.6783321788846324,0.004916560865992939,0.5666666666666667,0.11055415967851333
649.0,0.24262417355966495,0.0024492151611428883,0.6783526791642394,0.004909731026211653,0.5666666666666667,0.11055415967851333
650.0,0.24263430137495173,0.0024458314381147965,0.6783731234898525,0.004902920181512225,0.5666666666666667,0.11055415967851333
651.0,0.24264440187765687,0.0024424570656220532,0.6783935120867024,0.004896128252286004,0.5666666666666667,0.11055415967851333
652.0,0.2426544751757866,0.0024390920047137497,0.6784138451788371,0.004889355159372988,0.5666666666666667,0.11055415967851333
653.0,0.2426645213767943,0.0024357362166577408,0.6784341229891284,0.004882600824059232,0.5666666666666667,0.11055415967851333
654.0,0.24267454058758395,0.002432389662939079,0.6784543457392804,0.00487586516807304,0.5666666666666667,0.11055415967851333
655.0,0.24268453291451347,0.002429052305258437,0.6784745136498362,0.004869148113582315,0.5666666666666667,0.11055415967851333
656.0,0.24269449846339802,0.002425724105530658,0.678494626940186,0.0048624495831910836,0.5666666666666667,0.11055415967851333
657.0,0.24270443733951336,0.00242240502588322,0.6785146858285738,0.004855769499936639,0.5666666666666667,0.11055415967851333
658.0,0.24271434964759905,0.0024190950286546854,0.6785346905321049,0.004849107787286209,0.5666666666666667,0.11055415967851333
659.0,0.242724235491862,0.002415794076393086,0.6785546412667537,0.004842464369134147,0.5666666666666667,0.11055415967851333
660.0,0.24273409497597945,0.0024125021318547432,0.6785745382473695,0.004835839169799056,0.5666666666666667,0.11055415967851333
661.0,0.24274392820310225,0.0024092191580024746,0.6785943816876849,0.004829232114020086,0.5666666666666667,0.11055415967851333
662.0,0.24275373527585828,0.0024059451180044465,0.6786141718003227,0.0048226431269548535,0.5666666666666667,0.11055415967851333
663.0,0.24276351629635537,0.0024026799752322977,0.6786339087968021,0.004816072134175871,0.5666666666666667,0.11055415967851333
664.0,0.2427732713661846,0.0023994236932602235,0.6786535928875461,0.004809519061667847,0.5666666666666667,0.11055415967851333
665.0,0.24278300058642333,0.002396176235863219,0.6786732242818896,0.004802983835825177,0.5666666666666667,0.11055415967851333
666.0,0.24279270405763861,0.0023929375670156488,0.6786928031880839,0.004796466383448185,0.5666666666666667,0.11055415967851333
667.0,0.24280238187989003,0.002389707650890089,0.6787123298133054,0.004789966631741049,0.5666666666666667,0.11055415967851333
668.0,0.24281203415273284,0.00238648645185578,0.6787318043636617,0.004783484508308707,0.5666666666666667,0.11055415967851333
669.0,0.24282166097522095,0.0023832739344772035,0.6787512270441982,0.004777019941154019,0.5666666666666667,0.11055415967851333
670.0,0.24283126244591022,0.0023800700635128475,0.6787705980589053,0.004770572858675162,0.5666666666666667,0.11055415967851333
671.0,0.24284083866286119,0.0023768748039138857,0.6787899176107243,0.004764143189662614,0.5666666666666667,0.11055415967851333
672.0,0.24285038972364217,0.002373688120822581,0.6788091859015541,0.00475773086329686,0.5666666666666667,0.11055415967851333
673.0,0.24285991572533244,0.0023705099795713292,0.6788284031322588,0.004751335809145294,0.5666666666666667,0.11055415967851333
674.0,0.24286941676452467,0.002367340345681075,0.6788475695026724,0.004744957957159562,0.5666666666666667,0.11055415967851333
675.0,0.24287889293732862,0.002364179184860045,0.6788666852116068,0.004738597237673156,0.5666666666666667,0.11055415967851333
676.0,0.24288834433937323,0.0023610264630025825,0.6788857504568567,0.004732253581398599,0.5666666666666667,0.11055415967851333
677.0,0.24289777106581018,0.002357882146187722,0.6789047654352082,0.0047259269194250275,0.5666666666666667,0.11055415967851333
678.0,0.24290717321131639,0.0023547462006780094,0.6789237303424418,0.004719617183215157,0.5666666666666667,0.11055415967851333
679.0,0.24291655087009695,0.002351618592918184,0.6789426453733419,0.004713324304603364,0.5666666666666667,0.11055415967851333
680.0,0.24292590413588816,0.0023484992895339936,0.6789615107217009,0.004707048215792449,0.5666666666666667,0.11055415967851333
681.0,0.2429352331019599,0.0023453882573309555,0.6789803265803263,0.004700788849351819,0.5666666666666667,0.11055415967851333
682.0,0.24294453786111903,0.002342285463292967,0.6789990931410465,0.004694546138214309,0.5666666666666667,0.11055415967851333
683.0,0.24295381850571157,0.002339190874581256,0.679017810594717,0.0046883200156743665,0.5666666666666667,0.11055415967851333
684.0,0.24296307512762594,0.0023361044585332234,0.679036479131226,0.004682110415384679,0.5666666666666667,0.11055415967851333
685.0,0.24297230781829535,0.002333026182661048,0.6790550989395012,0.004675917271354881,0.5666666666666667,0.11055415967851333
686.0,0.2429815166687007,0.0023299560146506342,0.6790736702075145,0.004669740517948226,0.5666666666666667,0.11055415967851333
687.0,0.24299070176937332,0.002326893922360384,0.6790921931222897,0.004663580089879522,0.5666666666666667,0.11055415967851333
688.0,0.2429998632103975,0.0023238398738200643,0.6791106678699063,0.004657435922212915,0.5666666666666667,0.11055415967851333
689.0,0.24300900108141327,0.0023207938372296236,0.6791290946355069,0.004651307950359051,0.5666666666666667,0.11055415967851333
690.0,0.24301811547161903,0.0023177557809580286,0.6791474736033021,0.0046451961100734095,0.5666666666666667,0.11055415967851333
691.0,0.24302720646977413,0.0023147256735421276,0.6791658049565765,0.004639100337453155,0.5666666666666667,0.11055415967851333
692.0,0.2430362741642016,0.0023117034836856584,0.6791840888776944,0.004633020568935843,0.5666666666666667,0.11055415967851333
693.0,0.24304531864279055,0.002308689180257804,0.6792023255481057,0.004626956741295943,0.5666666666666667,0.11055415967851333
694.0,0.24305433999299897,0.002305682732292453,0.6792205151483505,0.0046209087916435935,0.5666666666666667,0.11055415967851333
695.0,0.2430633383018562,0.002302684108986849,0.6792386578580663,0.0046148766574219124,0.5666666666666667,0.11055415967851333
696.0,0.2430723136559653,0.002299693279700627,0.679256753855992,0.004608860276404802,0.5666666666666667,0.11055415967851333
697.0,0.24308126614150583,0.002296710213954612,0.6792748033199743,0.00460285958669477,0.5666666666666667,0.11055415967851333
57.0,0.24308924206083296,0.02798589462766012,0.680147501433541,0.06965669778340446,0.5666666666666667,0.11055415967851333
698.0,0.24309019584423627,0.0022937348814297993,0.6792928064269723,0.004596874526720593,0.5666666666666667,0.11055415967851333
699.0,0.2430991028494965,0.0022907672519663727,0.6793107633530642,0.004590905035235525,0.5666666666666667,0.11055415967851333
700.0,0.24310798724221017,0.002287807295562541,0.6793286742734514,0.004584951051314561,0.5666666666666667,0.11055415967851333
701.0,0.2431168491068874,0.0022848549823734758,0.6793465393624649,0.0045790125143529686,0.5666666666666667,0.11055415967851333
702.0,0.2431256885276269,0.0022819102827103996,0.6793643587935693,0.004573089364063734,0.5666666666666667,0.11055415967851333
703.0,0.2431345055881188,0.002278973167039375,0.6793821327393689,0.004567181540475237,0.5666666666666667,0.11055415967851333
704.0,0.24314330037164664,0.0022760436059804197,0.6793998613716137,0.004561288983929876,0.5666666666666667,0.11055415967851333
705.0,0.24315207296109,0.0022731215703064114,0.6794175448612025,0.004555411635081411,0.5666666666666667,0.11055415967851333
706.0,0.24316082343892687,0.0022702070309421787,0.6794351833781904,0.004549549434893025,0.5666666666666667,0.11055415967851333
707.0,0.24316955188723594,0.002267299958963328,0.6794527770917915,0.004543702324635542,0.5666666666666667,0.11055415967851333
708.0,0.24317825838769883,0.002264400325595473,0.6794703261703864,0.004537870245885025,0.5666666666666667,0.11055415967851333
709.0,0.24318694302160285,0.0022615081022130555,0.6794878307815255,0.00453205314052115,0.5666666666666667,0.11055415967851333
710.0,0.24319560586984273,0.002258623260338518,0.6795052910919344,0.004526250950724834,0.5666666666666667,0.11055415967851333
711.0,0.24320424701292334,0.002255745771641153,0.6795227072675192,0.004520463618976537,0.5666666666666667,0.11055415967851333
712.0,0.2432128665309618,0.002252875607936442,0.6795400794733716,0.004514691088054197,0.5666666666666667,0.11055415967851333
713.0,0.24322146450368978,0.0022500127411847074,0.6795574078737728,0.004508933301031458,0.5666666666666667,0.11055415967851333
714.0,0.24323004101045576,0.0022471571434905684,0.6795746926321999,0.00450319020127531,0.5666666666666667,0.11055415967851333
715.0,0.24323859613022716,0.0022443087871017006,0.6795919339113289,0.004497461732444841,0.5666666666666667,0.11055415967851333
716.0,0.24324712994159275,0.0022414676444080517,0.6796091318730408,0.004491747838488443,0.5666666666666667,0.11055415967851333
717.0,0.24325564252276485,0.002238633687940895,0.6796262866784264,0.0044860484636431485,0.5666666666666667,0.11055415967851333
718.0,0.24326413395158114,0.0022358068903719007,0.6796433984877901,0.004480363552431321,0.5666666666666667,0.11055415967851333
719.0,0.2432726043055073,0.0022329872245122682,0.6796604674606554,0.004474693049660045,0.5666666666666667,0.11055415967851333
720.0,0.24328105366163907,0.0022301746633117212,0.6796774937557692,0.004469036900418897,0.5666666666666667,0.11055415967851333
721.0,0.24328948209670412,0.0022273691798577414,0.6796944775311067,0.004463395050077342,0.5666666666666667,0.11055415967851333
722.0,0.24329788968706456,0.002224570747374626,0.6797114189438753,0.004457767444284463,0.5666666666666667,0.11055415967851333
723.0,0.24330627650871875,0.002221779339222589,0.6797283181505204,0.004452154028965439,0.5666666666666667,0.11055415967851333
724.0,0.24331464263730354,0.0022189949288968724,0.6797451753067286,0.00444655475032145,0.5666666666666667,0.11055415967851333
725.0,0.2433229881480965,0.002216217490027002,0.6797619905674332,0.004440969554826473,0.5666666666666667,0.11055415967851333
726.0,0.2433313131160176,0.002213446996375802,0.679778764086818,0.0044353983892264056,0.5666666666666667,0.11055415967851333
727.0,0.2433396176156318,0.00221068342183855,0.6797954960183222,0.004429841200537187,0.5666666666666667,0.11055415967851333
728.0,0.24334790172115053,0.002207926740442214,0.6798121865146449,0.004424297936042741,0.5666666666666667,0.11055415967851333
729.0,0.24335616550643424,0.0022051769263444288,0.6798288357277485,0.004418768543293503,0.5666666666666667,0.11055415967851333
730.0,0.243364409044994,0.0022024339538330136,0.6798454438088646,0.004413252970104818,0.5666666666666667,0.11055415967851333
731.0,0.24337263240999393,0.002199697797324792,0.6798620109084967,0.0044077511645550255,0.5666666666666667,0.11055415967851333
732.0,0.24338083567425278,0.0021969684313649304,0.679878537176426,0.004402263074983885,0.5666666666666667,0.11055415967851333
733.0,0.24338901891024617,0.002194245830626094,0.6798950227617143,0.004396788649991038,0.5666666666666667,0.11055415967851333
734.0,0.24339718219010836,0.0021915299699076917,0.6799114678127091,0.0043913278384340925,0.5666666666666667,0.11055415967851333
735.0,0.24340532558563455,0.0021888208241350004,0.6799278724770476,0.004385880589427442,0.5666666666666667,0.11055415967851333
736.0,0.24341344916828245,0.0021861183683584123,0.6799442369016611,0.004380446852339765,0.5666666666666667,0.11055415967851333
737.0,0.24342155300917429,0.0021834225777526226,0.6799605612327781,0.004375026576793805,0.5666666666666667,0.11055415967851333
738.0,0.24342963717909902,0.0021807334276158622,0.6799768456159301,0.004369619712663097,0.5666666666666667,0.11055415967851333
739.0,0.24343770174851379,0.002178050893369181,0.6799930901959541,0.0043642262100720645,0.5666666666666667,0.11055415967851333
740.0,0.2434457467875461,0.0021753749505555044,0.6800092951169976,0.004358846019393063,0.5666666666666667,0.11055415967851333
741.0,0.24345377236599583,0.002172705574839051,0.6800254605225223,0.00435347909124549,0.5666666666666667,0.11055415967851333
742.0,0.24346177855333653,0.002170042742004523,0.6800415865553082,0.004348125376494493,0.5666666666666667,0.11055415967851333
743.0,0.24346976541871798,0.0021673864279563022,0.6800576733574577,0.004342784826248594,0.5666666666666667,0.11055415967851333
744.0,0.24347773303096748,0.0021647366087177134,0.680073721070399,0.004337457391858987,0.5666666666666667,0.11055415967851333
745.0,0.24348568145859203,0.002162093260430359,0.6800897298348907,0.004332143024917565,0.5666666666666667,0.11055415967851333
746.0,0.24349361076978,0.0021594563593532725,0.6801056997910251,0.004326841677255486,0.5666666666666667,0.11055415967851333
747.0,0.24350152103240283,0.0021568258818622883,0.6801216310782329,0.00432155330094187,0.5666666666666667,0.11055415967851333
748.0,0.24350941231401707,0.002154201804449207,0.6801375238352863,0.004316277848281985,0.5666666666666667,0.11055415967851333
749.0,0.24351728468186598,0.002151584103721214,0.6801533782003023,0.004311015271816323,0.5666666666666667,0.11055415967851333
750.0,0.24352513820288144,0.0021489727564000943,0.6801691943107484,0.004305765524318375,0.5666666666666667,0.11055415967851333
751.0,0.24353297294368562,0.0021463677393214224,0.6801849723034447,0.004300528558793849,0.5666666666666667,0.11055415967851333
752.0,0.24354078897059236,0.0021437690294340717,0.6802007123145675,0.004295304328479121,0.5666666666666667,0.11055415967851333
753.0,0.2435485863496099,0.0021411766037993615,0.6802164144796545,0.004290092786839309,0.5666666666666667,0.11055415967851333
754.0,0.24355636514644158,0.002138590439590366,0.6802320789336075,0.004284893887567514,0.5666666666666667,0.11055415967851333
755.0,0.24356412542648792,0.002136010514091335,0.6802477058106955,0.00427970758458308,0.5666666666666667,0.11055415967851333
756.0,0.24357186725484867,0.0021334368046968945,0.6802632952445598,0.004274533832030325,0.5666666666666667,0.11055415967851333
757.0,0.2435795906963239,0.0021308692889114435,0.6802788473682162,0.004269372584277011,0.5666666666666667,0.11055415967851333
758.0,0.243587295815416,0.0021283079443484183,0.68029436231406,0.004264223795912891,0.5666666666666667,0.11055415967851333
759.0,0.24359498267633145,0.0021257527487297378,0.6803098402138681,0.00425908742174881,0.5666666666666667,0.11055415967851333
760.0,0.2436026513429823,0.0021232036798850156,0.6803252811988034,0.004253963416814946,0.5666666666666667,0.11055415967851333
761.0,0.24361030187898775,0.002120660715750926,0.680340685399418,0.004248851736359409,0.5666666666666667,0.11055415967851333
762.0,0.243617934347676,0.002118123834370648,0.6803560529456576,0.004243752335847319,0.5666666666666667,0.11055415967851333
763.0,0.24362554881208576,0.0021155930138931182,0.6803713839668633,0.004238665170959135,0.5666666666666667,0.11055415967851333
764.0,0.24363314533496788,0.0021130682325723915,0.6803866785917763,0.004233590197589442,0.5666666666666667,0.11055415967851333
765.0,0.24364072397878692,0.002110549468767113,0.6804019369485409,0.00422852737184561,0.5666666666666667,0.11055415967851333
766.0,0.24364828480572273,0.0021080367009396602,0.6804171591647082,0.004223476650046701,0.5666666666666667,0.11055415967851333
767.0,0.24365582787767223,0.0021055299076558134,0.6804323453672392,0.004218437988721787,0.5666666666666667,0.11055415967851333
768.0,0.2436633532562508,0.0021030290675838337,0.680447495682508,0.004213411344609142,0.5666666666666667,0.11055415967851333
769.0,0.24367086100279364,0.002100534159494162,0.6804626102363055,0.004208396674654619,0.5666666666666667,0.11055415967851333
770.0,0.24367835117835793,0.0020980451622584348,0.6804776891538424,0.004203393936010676,0.5666666666666667,0.11055415967851333
771.0,0.24368582384372375,0.0020955620548491773,0.6804927325597528,0.004198403086034813,0.5666666666666667,0.11055415967851333
772.0,0.2436932790593959,0.0020930848163390296,0.6805077405780977,0.004193424082288663,0.5666666666666667,0.11055415967851333
773.0,0.24370071688560543,0.002090613425900322,0.6805227133323669,0.004188456882536485,0.5666666666666667,0.11055415967851333
774.0,0.2437081373823112,0.0020881478628041092,0.680537650945484,0.004183501444744152,0.5666666666666667,0.11055415967851333
775.0,0.24371554060920114,0.0020856881064201488,0.6805525535398084,0.004178557727077784,0.5666666666666667,0.11055415967851333
776.0,0.243722926625694,0.0020832341362157,0.6805674212371391,0.004173625687902672,0.5666666666666667,0.11055415967851333
777.0,0.2437302954909407,0.002080785931755457,0.6805822541587172,0.004168705285782093,0.5666666666666667,0.11055415967851333
778.0,0.2437376472638259,0.00207834347270055,0.68059705242523,0.0041637964794758765,0.5666666666666667,0.11055415967851333
779.0,0.2437449820029694,0.0020759067388083146,0.6806118161568134,0.004158899227939663,0.5666666666666667,0.11055415967851333
780.0,0.24375229976672746,0.00207347570993146,0.6806265454730548,0.004154013490323386,0.5666666666666667,0.11055415967851333
781.0,0.24375960061319457,0.0020710503660176295,0.6806412404929971,0.00414913922597001,0.5666666666666667,0.11055415967851333
782.0,0.24376688460020465,0.0020686306871088933,0.6806559013351409,0.004144276394415046,0.5666666666666667,0.11055415967851333
783.0,0.24377415178533254,0.0020662166533409587,0.6806705281174478,0.004139424955384564,0.5666666666666667,0.11055415967851333
784.0,0.24378140222589542,0.0020638082449429846,0.6806851209573438,0.0041345848687945955,0.5666666666666667,0.11055415967851333
785.0,0.2437886359789542,0.0020614054422366215,0.6806996799717214,0.004129756094749906,0.5666666666666667,0.11055415967851333
786.0,0.243795853101315,0.002059008225635704,0.6807142052769436,0.004124938593542827,0.5666666666666667,0.11055415967851333
787.0,0.24380305364953037,0.0020566165756457128,0.6807286969888464,0.004120132325652051,0.5666666666666667,0.11055415967851333
788.0,0.24381023767990087,0.0020542304728631364,0.6807431552227415,0.004115337251741758,0.5666666666666667,0.11055415967851333
789.0,0.24381740524847634,0.002051849897975012,0.6807575800934192,0.004110553332660453,0.5666666666666667,0.11055415967851333
790.0,0.24382455641105727,0.00204947483175828,0.6807719717151526,0.004105780529439426,0.5666666666666667,0.11055415967851333
791.0,0.24383169122319628,0.0020471052550794858,0.680786330201698,0.004101018803292603,0.5666666666666667,0.11055415967851333
792.0,0.24383880974019911,0.0020447411488940443,0.6808006556663002,0.004096268115614814,0.5666666666666667,0.11055415967851333
793.0,0.24384591201712658,0.0020423824942456276,0.6808149482216939,0.004091528427980606,0.5666666666666667,0.11055415967851333
794.0,0.2438529981087952,0.002040029272266077,0.6808292079801073,0.004086799702143579,0.5666666666666667,0.11055415967851333
795.0,0.2438600680697791,0.002037681464174431,0.6808434350532642,0.004082081900035286,0.5666666666666667,0.11055415967851333
796.0,0.243867121954411,0.0020353390512766237,0.6808576295523873,0.0040773749837642375,0.5666666666666667,0.11055415967851333
797.0,0.24387415981678345,0.002033002014965021,0.6808717915882008,0.004072678915614391,0.5666666666666667,0.11055415967851333
798.0,0.24388118171075054,0.0020306703367178017,0.680885921270933,0.004067993658044765,0.5666666666666667,0.11055415967851333
56.0,0.24388301536172646,0.02851190732834248,0.6823711517412979,0.07172739810333545,0.5666666666666667,0.11055415967851333
799.0,0.2438881876899289,0.002028343998098544,0.6809000187103197,0.004063319173687886,0.5666666666666667,0.11055415967851333
800.0,0.24389517780769884,0.0020260229807557185,0.6809140840156058,0.004058655425349405,0.5666666666666667,0.11055415967851333
801.0,0.243902152117206,0.0020237072664220607,0.6809281172955493,0.004054002376006417,0.5666666666666667,0.11055415967851333
802.0,0.24390911067136217,0.002021396836914291,0.6809421186584228,0.0040493599888066405,0.5666666666666667,0.11055415967851333
803.0,0.2439160535228472,0.002019091674132537,0.6809560882120165,0.004044728227068043,0.5666666666666667,0.11055415967851333
804.0,0.24392298072410945,0.00201679176005989,0.6809700260636415,0.004040107054276936,0.5666666666666667,0.11055415967851333
805.0,0.24392989232736753,0.0020144970767617576,0.6809839323201318,0.00403549643408734,0.5666666666666667,0.11055415967851333
806.0,0.24393678838461166,0.0020122076063855986,0.6809978070878467,0.004030896330320823,0.5666666666666667,0.11055415967851333
807.0,0.24394366894760436,0.002009923331160386,0.6810116504726743,0.004026306706963885,0.5666666666666667,0.11055415967851333
808.0,0.24395053406788217,0.0020076442333961234,0.6810254625800332,0.004021727528168541,0.5666666666666667,0.11055415967851333
809.0,0.24395738379675658,0.0020053702954833494,0.6810392435148752,0.004017158758250634,0.5666666666666667,0.11055415967851333
810.0,0.24396421818531536,0.0020031014998927554,0.6810529933816883,0.00401260036168897,0.5666666666666667,0.11055415967851333
811.0,0.24397103728442365,0.002000837829174575,0.6810667122844991,0.004008052303124281,0.5666666666666667,0.11055415967851333
812.0,0.24397784114472537,0.0019985792659584093,0.681080400326875,0.0040035145473588645,0.5666666666666667,0.11055415967851333
813.0,0.2439846298166441,0.001996325792952393,0.6810940576119265,0.003998987059354905,0.5666666666666667,0.11055415967851333
814.0,0.2439914033503844,0.0019940773929431814,0.6811076842423105,0.003994469804234076,0.5666666666666667,0.11055415967851333
815.0,0.24399816179593317,0.001991834048795038,0.6811212803202326,0.003989962747276374,0.5666666666666667,0.11055415967851333
816.0,0.24400490520306034,0.001989595743449801,0.6811348459474484,0.003985465853919212,0.5666666666666667,0.11055415967851333
817.0,0.2440116336213205,0.001987362459926208,0.6811483812252672,0.003980979089756851,0.5666666666666667,0.11055415967851333
818.0,0.24401834710005374,0.001985134181319505,0.6811618862545544,0.003976502420539015,0.5666666666666667,0.11055415967851333
819.0,0.24402504568838695,0.0019829108908010966,0.6811753611357332,0.003972035812170374,0.5666666666666667,0.11055415967851333
820.0,0.24403172943523485,0.0019806925716179193,0.6811888059687868,0.0039675792307096135,0.5666666666666667,0.11055415967851333
821.0,0.24403839838930122,0.001978479207092316,0.6812022208532623,0.003963132642368346,0.5666666666666667,0.11055415967851333
822.0,0.24404505259907988,0.001976270780621337,0.6812156058882711,0.003958696013510453,0.5666666666666667,0.11055415967851333
823.0,0.2440516921128558,0.0019740672756763744,0.6812289611724927,0.003954269310651059,0.5666666666666667,0.11055415967851333
824.0,0.24405831697870656,0.001971868675802882,0.6812422868041763,0.003949852500456077,0.5666666666666667,0.11055415967851333
825.0,0.24406492724450274,0.001969674964619853,0.6812555828811433,0.003945445549740715,0.5666666666666667,0.11055415967851333
826.0,0.24407152295790985,0.001967486125819353,0.6812688495007897,0.003941048425469156,0.5666666666666667,0.11055415967851333
827.0,0.24407810416638873,0.0019653021431662193,0.6812820867600883,0.003936661094753652,0.5666666666666667,0.11055415967851333
828.0,0.24408467091719688,0.0019631230004976347,0.6812952947555908,0.003932283524853312,0.5666666666666667,0.11055415967851333
829.0,0.2440912232573897,0.0019609486817226377,0.6813084735834304,0.003927915683173655,0.5666666666666667,0.11055415967851333
830.0,0.24409776123382132,0.0019587791708218357,0.6813216233393236,0.003923557537265741,0.5666666666666667,0.11055415967851333
831.0,0.24410428489314562,0.001956614451846926,0.6813347441185731,0.0039192090548252605,0.5666666666666667,0.11055415967851333
832.0,0.24411079428181753,0.001954454508920292,0.6813478360160687,0.003914870203691728,0.5666666666666667,0.11055415967851333
833.0,0.24411728944609382,0.0019522993262346907,0.6813608991262919,0.003910540951847731,0.5666666666666667,0.11055415967851333
834.0,0.24412377043203431,0.0019501488880527239,0.6813739335433151,0.0039062212674180453,0.5666666666666667,0.11055415967851333
835.0,0.24413023728550284,0.0019480031787066565,0.6813869393608059,0.003901911118669079,0.5666666666666667,0.11055415967851333
836.0,0.2441366900521682,0.0019458621825978381,0.6813999166720284,0.0038976104740077976,0.5666666666666667,0.11055415967851333
837.0,0.24414312877750538,0.0019437258841963894,0.6814128655698457,0.0038933193019809933,0.5666666666666667,0.11055415967851333
838.0,0.24414955350679626,0.0019415942680408669,0.6814257861467221,0.003889037571274549,0.5666666666666667,0.11055415967851333
839.0,0.24415596428513092,0.001939467318737719,0.6814386784947244,0.003884765250712848,0.5666666666666667,0.11055415967851333
840.0,0.2441623611574085,0.0019373450209612053,0.6814515427055248,0.0038805023092576664,0.5666666666666667,0.11055415967851333
841.0,0.24416874416833814,0.0019352273594527018,0.6814643788704029,0.003876248716007849,0.5666666666666667,0.11055415967851333
842.0,0.24417511336244008,0.0019331143190205984,0.6814771870802476,0.00387200444019792,0.5666666666666667,0.11055415967851333
843.0,0.24418146878404667,0.0019310058845396529,0.6814899674255593,0.0038677694511979107,0.5666666666666667,0.11055415967851333
844.0,0.24418781047730304,0.001928902040950951,0.6815027199964518,0.003863543718512504,0.5666666666666667,0.11055415967851333
845.0,0.2441941384861685,0.0019268027732612248,0.6815154448826541,0.0038593272117799435,0.5666666666666667,0.11055415967851333
846.0,0.24420045285441722,0.0019247080665427492,0.6815281421735132,0.0038551199007717733,0.5666666666666667,0.11055415967851333
847.0,0.24420675362563937,0.0019226179059328168,0.6815408119579953,0.0038509217553916015,0.5666666666666667,0.11055415967851333
848.0,0.24421304084324175,0.0019205322766334598,0.6815534543246886,0.003846732745675009,0.5666666666666667,0.11055415967851333
849.0,0.24421931455044912,0.0019184511639110562,0.6815660693618041,0.0038425528417882207,0.5666666666666667,0.11055415967851333
850.0,0.244225574790305,0.00191637455309599,0.6815786571571788,0.003838382014027511,0.5666666666666667,0.11055415967851333
851.0,0.24423182160567242,0.001914302429582361,0.6815912177982775,0.0038342202328190966,0.5666666666666667,0.11055415967851333
852.0,0.2442380550392352,0.0019122347788274882,0.6816037513721934,0.003830067468717416,0.5666666666666667,0.11055415967851333
853.0,0.24424427513349847,0.0019101715863517527,0.6816162579656517,0.0038259236924052596,0.5666666666666667,0.11055415967851333
854.0,0.24425048193079002,0.0019081128377381417,0.6816287376650114,0.0038217888746926738,0.5666666666666667,0.11055415967851333
855.0,0.24425667547326077,0.0019060585186319394,0.6816411905562655,0.0038176629865164964,0.5666666666666667,0.11055415967851333
856.0,0.24426285580288604,0.0019040086147402502,0.6816536167250449,0.003813545998939153,0.5666666666666667,0.11055415967851333
857.0,0.2442690229614663,0.0019019631118320295,0.6816660162566196,0.003809437883148716,0.5666666666666667,0.11055415967851333
858.0,0.24427517699062803,0.001899921995737271,0.6816783892358996,0.003805338610457859,0.5666666666666667,0.11055415967851333
859.0,0.24428131793182456,0.0018978852523471184,0.6816907357474388,0.0038012481523029516,0.5666666666666667,0.11055415967851333
860.0,0.24428744582633727,0.0018958528676132303,0.6817030558754349,0.0037971664802435774,0.5666666666666667,0.11055415967851333
861.0,0.24429356071527603,0.0018938248275475061,0.681715349703732,0.0037930935659622627,0.5666666666666667,0.11055415967851333
862.0,0.24429966263958044,0.0018918011182220119,0.6817276173158233,0.0037890293812632473,0.5666666666666667,0.11055415967851333
863.0,0.24430575164002044,0.001889781725768201,0.6817398587948511,0.003784973898071979,0.5666666666666667,0.11055415967851333
864.0,0.24431182775719734,0.001887766636377048,0.68175207422361,0.0037809270884345027,0.5666666666666667,0.11055415967851333
865.0,0.24431789103154458,0.0018857558362984795,0.6817642636845485,0.003776888924516925,0.5666666666666667,0.11055415967851333
866.0,0.24432394150332876,0.001883749311841029,0.6817764272597703,0.003772859378604508,0.5666666666666667,0.11055415967851333
867.0,0.24432997921265004,0.0018817470493717355,0.6817885650310369,0.0037688384231016514,0.5666666666666667,0.11055415967851333
868.0,0.2443360041994437,0.001879749035315636,0.681800677079768,0.0037648260305300735,0.5666666666666667,0.11055415967851333
869.0,0.24434201650348028,0.001877755256155434,0.6818127634870449,0.003760822173529369,0.5666666666666667,0.11055415967851333
870.0,0.24434801616436674,0.0018757656984315116,0.6818248243336108,0.0037568268248556196,0.5666666666666667,0.11055415967851333
871.0,0.24435400322154743,0.0018737803487411026,0.6818368596998738,0.003752839957381502,0.5666666666666667,0.11055415967851333
872.0,0.24435997771430457,0.0018717991937384772,0.6818488696659075,0.003748861544094756,0.5666666666666667,0.11055415967851333
873.0,0.24436593968175924,0.0018698222201343237,0.6818608543114535,0.0037448915580983112,0.5666666666666667,0.11055415967851333
874.0,0.24437188916287234,0.0018678494146957103,0.6818728137159229,0.0037409299726092666,0.5666666666666667,0.11055415967851333
875.0,0.24437782619644502,0.0018658807642453873,0.6818847479583974,0.003736976760958307,0.5666666666666667,0.11055415967851333
876.0,0.24438375082111996,0.001863916255661966,0.681896657117632,0.0037330318965893387,0.5666666666666667,0.11055415967851333
877.0,0.24438966307538168,0.0018619558758793116,0.6819085412720562,0.0037290953530588248,0.5666666666666667,0.11055415967851333
878.0,0.24439556299755777,0.0018599996118862968,0.6819204004997753,0.0037251671040349093,0.5666666666666667,0.11055415967851333
879.0,0.24440145062581936,0.0018580474507266021,0.6819322348785726,0.003721247123297119,0.5666666666666667,0.11055415967851333
880.0,0.2444073259981821,0.0018560993794983897,0.6819440444859111,0.0037173353847357346,0.5666666666666667,0.11055415967851333
881.0,0.24441318915250684,0.0018541553853539743,0.681955829398934,0.003713431862351051,0.5666666666666667,0.11055415967851333
882.0,0.24441904012650045,0.0018522154554995159,0.681967589694468,0.0037095365302527825,0.5666666666666667,0.11055415967851333
883.0,0.24442487895771664,0.001850279577194807,0.6819793254490242,0.0037056493626600007,0.5666666666666667,0.11055415967851333
884.0,0.2444307056835564,0.001848347737753065,0.6819910367387989,0.003701770333899771,0.5666666666666667,0.11055415967851333
885.0,0.2444365203412695,0.0018464199245404678,0.6820027236396763,0.003697899418406949,0.5666666666666667,0.11055415967851333
886.0,0.24444232296795426,0.0018444961249759017,0.6820143862272299,0.0036940365907239497,0.5666666666666667,0.11055415967851333
887.0,0.2444481136005591,0.0018425763265308922,0.6820260245767231,0.0036901818254996424,0.5666666666666667,0.11055415967851333
888.0,0.24445389227588307,0.0018406605167290734,0.6820376387631127,0.003686335097488764,0.5666666666666667,0.11055415967851333
889.0,0.24445965903057623,0.0018387486831460756,0.6820492288610481,0.003682496381552197,0.5666666666666667,0.11055415967851333
890.0,0.24446541390114102,0.0018368408134091974,0.6820607949448749,0.0036786656526553666,0.5666666666666667,0.11055415967851333
891.0,0.24447115692393248,0.00183493689519706,0.6820723370886351,0.0036748428858682167,0.5666666666666667,0.11055415967851333
892.0,0.24447688813515925,0.0018330369162395466,0.6820838553660691,0.0036710280563647772,0.5666666666666667,0.11055415967851333
893.0,0.24448260757088408,0.0018311408643173635,0.6820953498506175,0.003667221139422154,0.5666666666666667,0.11055415967851333
894.0,0.24448831526702489,0.0018292487272617746,0.682106820615422,0.0036634221104206726,0.5666666666666667,0.11055415967851333
895.0,0.24449401125935505,0.0018273604929543823,0.6821182677333275,0.0036596309448424257,0.5666666666666667,0.11055415967851333
896.0,0.2444996955835045,0.0018254761493270114,0.6821296912768832,0.0036558476182717422,0.5666666666666667,0.11055415967851333
897.0,0.24450536827496028,0.0018235956843611228,0.6821410913183439,0.0036520721063939385,0.5666666666666667,0.11055415967851333
898.0,0.24451102936906718,0.0018217190860878708,0.6821524679296724,0.003648304384995005,0.5666666666666667,0.11055415967851333
899.0,0.24451667890102852,0.0018198463425876624,0.6821638211825402,0.0036445444299611864,0.5666666666666667,0.11055415967851333
900.0,0.24452231690590684,0.0018179774419899248,0.6821751511483284,0.0036407922172783935,0.5666666666666667,0.11055415967851333
901.0,0.24452794341862466,0.0018161123724729493,0.6821864578981307,0.0036370477230316064,0.5666666666666667,0.11055415967851333
902.0,0.24453355847396496,0.001814251122263538,0.6821977415027535,0.0036333109234044604,0.5666666666666667,0.11055415967851333
903.0,0.24453916210657214,0.0018123936796368074,0.682209002032718,0.0036295817946786976,0.5666666666666667,0.11055415967851333
904.0,0.24454475435095246,0.001810540032915897,0.6822202395582615,0.0036258603132336667,0.5666666666666667,0.11055415967851333
905.0,0.24455033524147485,0.0018086901704717651,0.6822314541493384,0.0036221464555459063,0.5666666666666667,0.11055415967851333
906.0,0.24455590481237172,0.0018068440807229498,0.6822426458756224,0.0036184401981884584,0.5666666666666667,0.11055415967851333
907.0,0.24456146309773913,0.0018050017521352678,0.6822538148065074,0.003614741517830421,0.5666666666666667,0.11055415967851333
908.0,0.24456701013153817,0.0018031631732215805,0.6822649610111087,0.003611050391236679,0.5666666666666667,0.11055415967851333
909.0,0.24457254594759487,0.0018013283325416316,0.6822760845582645,0.0036073667952669845,0.5666666666666667,0.11055415967851333
910.0,0.24457807057960163,0.0017994972187017429,0.682287185516538,0.0036036907068762417,0.5666666666666667,0.11055415967851333
911.0,0.24458358406111716,0.0017976698203545866,0.6822982639542177,0.003600022103112722,0.5666666666666667,0.11055415967851333
912.0,0.24458908642556762,0.0017958461261989402,0.6823093199393196,0.003596360961119009,0.5666666666666667,0.11055415967851333
913.0,0.24459457770624696,0.001794026124979436,0.6823203535395876,0.003592707258130569,0.5666666666666667,0.11055415967851333
914.0,0.24460005793631795,0.0017922098054864223,0.682331364822496,0.003589060971475682,0.5666666666666667,0.11055415967851333
915.0,0.24460552714881229,0.0017903971565555702,0.6823423538552496,0.0035854220785749144,0.5666666666666667,0.11055415967851333
916.0,0.24461098537663167,0.0017885881670677982,0.6823533207047864,0.003581790556940438,0.5666666666666667,0.11055415967851333
917.0,0.24461643265254826,0.0017867828259490166,0.6823642654377777,0.003578166384175864,0.5666666666666667,0.11055415967851333
918.0,0.2446218690092053,0.0017849811221697875,0.6823751881206304,0.003574549537975535,0.5666666666666667,0.11055415967851333
919.0,0.24462729447911774,0.0017831830447451386,0.6823860888194868,0.003570939996124246,0.5666666666666667,0.11055415967851333
920.0,0.244632709094673,0.0017813885827344818,0.6823969676002284,0.0035673377364966556,0.5666666666666667,0.11055415967851333
921.0,0.24463811288813125,0.0017795977252412398,0.6824078245284741,0.0035637427370569115,0.5666666666666667,0.11055415967851333
922.0,0.24464350589162653,0.0017778104614126202,0.6824186596695844,0.0035601549758582087,0.5666666666666667,0.11055415967851333
923.0,0.24464888813716684,0.001776026780439478,0.6824294730886604,0.003556574431042236,0.5666666666666667,0.11055415967851333
924.0,0.24465425965663523,0.0017742466715560705,0.6824402648505467,0.0035530010808388175,0.5666666666666667,0.11055415967851333
925.0,0.24465962048178982,0.0017724701240397938,0.6824510350198312,0.003549434903565268,0.5666666666666667,0.11055415967851333
926.0,0.2446649706442651,0.0017706971272110046,0.682461783660848,0.0035458758776265396,0.5666666666666667,0.11055415967851333
927.0,0.24467031017557184,0.0017689276704327339,0.6824725108376768,0.003542323981513796,0.5666666666666667,0.11055415967851333
928.0,0.24467563910709825,0.0017671617431107578,0.6824832166141461,0.0035387791938052094,0.5666666666666667,0.11055415967851333
929.0,0.24468095747011032,0.0017653993346928626,0.6824939010538326,0.0035352414931642054,0.5666666666666667,0.11055415967851333
930.0,0.24468626529575221,0.0017636404346691248,0.6825045642200637,0.003531710858340067,0.5666666666666667,0.11055415967851333
931.0,0.24469156261504735,0.001761885032571496,0.6825152061759181,0.003528187268167148,0.5666666666666667,0.11055415967851333
932.0,0.24469684945889836,0.0017601331179734957,0.6825258269842271,0.003524670701564174,0.5666666666666667,0.11055415967851333
933.0,0.2447021258580882,0.001758384680490201,0.6825364267075762,0.003521161137534249,0.5666666666666667,0.11055415967851333
934.0,0.24470739184328064,0.0017566397097780223,0.6825470054083056,0.0035176585551642448,0.5666666666666667,0.11055415967851333
935.0,0.2447126474450204,0.001754898195534244,0.6825575631485116,0.003514162933624336,0.5666666666666667,0.11055415967851333
55.0,0.24471548483222913,0.02904916589840983,0.6847387230300309,0.07389614812994962,0.5666666666666667,0.11055415967851333
936.0,0.24471789269373426,0.0017531601274970922,0.6825680999900483,0.0035106742521676796,0.5666666666666667,0.11055415967851333
937.0,0.24472312761973125,0.0017514254954455514,0.6825786159945285,0.0035071924901299,0.5666666666666667,0.11055415967851333
938.0,0.24472835225320355,0.0017496942891988838,0.6825891112233246,0.00350371762692884,0.5666666666666667,0.11055415967851333
939.0,0.24473356662422668,0.0017479664986166643,0.6825995857375694,0.0035002496420639432,0.5666666666666667,0.11055415967851333
940.0,0.24473877076276032,0.0017462421135985725,0.6826100395981587,0.0034967885151159983,0.5666666666666667,0.11055415967851333
941.0,0.24474396469864867,0.0017445211240841123,0.682620472865751,0.0034933342257467037,0.5666666666666667,0.11055415967851333
942.0,0.24474914846162124,0.0017428035200523272,0.682630885600769,0.0034898867536983158,0.5666666666666667,0.11055415967851333
943.0,0.24475432208129316,0.0017410892915219014,0.6826412778634017,0.003486446078792937,0.5666666666666667,0.11055415967851333
944.0,0.24475948558716581,0.0017393784285506344,0.6826516497136036,0.003483012180932626,0.5666666666666667,0.11055415967851333
945.0,0.24476463900862738,0.0017376709212354748,0.6826620012110979,0.0034795850400987593,0.5666666666666667,0.11055415967851333
946.0,0.2447697823749535,0.0017359667597122556,0.6826723324153761,0.003476164636351378,0.5666666666666667,0.11055415967851333
947.0,0.2447749157153075,0.0017342659341554266,0.6826826433856998,0.00347275094982931,0.5666666666666667,0.11055415967851333
948.0,0.24478003905874118,0.0017325684347779405,0.682692934181102,0.0034693439607493804,0.5666666666666667,0.11055415967851333
949.0,0.2447851524341953,0.0017308742518311387,0.6827032048603877,0.003465943649406186,0.5666666666666667,0.11055415967851333
950.0,0.24479025587050002,0.0017291833756044354,0.6827134554821347,0.003462549996171611,0.5666666666666667,0.11055415967851333
951.0,0.24479534939637543,0.001727495796425184,0.6827236861046955,0.003459162981494782,0.5666666666666667,0.11055415967851333
952.0,0.24480043304043217,0.0017258115046584169,0.6827338967861982,0.003455782585901097,0.5666666666666667,0.11055415967851333
953.0,0.24480550683117194,0.001724130490706823,0.6827440875845473,0.0034524087899924813,0.5666666666666667,0.11055415967851333
954.0,0.24481057079698787,0.0017224527450104283,0.6827542585574244,0.00344904157444654,0.5666666666666667,0.11055415967851333
955.0,0.24481562496616505,0.0017207782580464384,0.6827644097622902,0.0034456809200165764,0.5666666666666667,0.11055415967851333
956.0,0.2448206693668813,0.0017191070203291252,0.6827745412563853,0.0034423268075305653,0.5666666666666667,0.11055415967851333
957.0,0.24482570402720727,0.0017174390224095348,0.6827846530967301,0.0034389792178917064,0.5666666666666667,0.11055415967851333
958.0,0.24483072897510721,0.0017157742548753964,0.6827947453401275,0.0034356381320773816,0.5666666666666667,0.11055415967851333
959.0,0.2448357442384396,0.0017141127083509285,0.6828048180431632,0.003432303531139016,0.5666666666666667,0.11055415967851333
960.0,0.24484074984495713,0.0017124543734966312,0.6828148712622062,0.00342897539620168,0.5666666666666667,0.11055415967851333
961.0,0.24484574582230775,0.0017107992410091471,0.6828249050534106,0.0034256537084637103,0.5666666666666667,0.11055415967851333
962.0,0.24485073219803488,0.0017091473016210101,0.6828349194727166,0.003422338449196547,0.5666666666666667,0.11055415967851333
963.0,0.2448557089995779,0.001707498546100627,0.6828449145758508,0.0034190295997441455,0.5666666666666667,0.11055415967851333
964.0,0.2448606762542726,0.0017058529652519282,0.6828548904183283,0.003415727141522576,0.5666666666666667,0.11055415967851333
965.0,0.24486563398935202,0.0017042105499143095,0.6828648470554521,0.003412431056019973,0.5666666666666667,0.11055415967851333
966.0,0.2448705822319464,0.0017025712909623726,0.6828747845423163,0.0034091413247958383,0.5666666666666667,0.11055415967851333
967.0,0.2448755210090839,0.001700935179305923,0.6828847029338049,0.003405857929481234,0.5666666666666667,0.11055415967851333
968.0,0.24488045034769135,0.0016993022058895142,0.6828946022845941,0.003402580851777473,0.5666666666666667,0.11055415967851333
969.0,0.24488537027459406,0.001697672361692668,0.6829044826491528,0.003399310073456812,0.5666666666666667,0.11055415967851333
970.0,0.24489028081651706,0.0016960456377292726,0.6829143440817439,0.0033960455763617924,0.5666666666666667,0.11055415967851333
971.0,0.24489518200008495,0.0016944220250477992,0.6829241866364251,0.003392787342404321,0.5666666666666667,0.11055415967851333
972.0,0.2449000738518227,0.001692801514730869,0.6829340103670493,0.0033895353535661993,0.5666666666666667,0.11055415967851333
973.0,0.24490495639815596,0.0016911840978952623,0.6829438153272664,0.0033862895918981657,0.5666666666666667,0.11055415967851333
974.0,0.24490982966541175,0.0016895697656916404,0.6829536015705246,0.0033830500395197784,0.5666666666666667,0.11055415967851333
975.0,0.24491469367981847,0.0016879585093044298,0.6829633691500694,0.0033798166786193564,0.5666666666666667,0.11055415967851333
976.0,0.24491954846750677,0.0016863503199517163,0.6829731181189469,0.0033765894914531617,0.5666666666666667,0.11055415967851333
977.0,0.24492439405450991,0.0016847451888849457,0.6829828485300028,0.0033733684603452917,0.5666666666666667,0.11055415967851333
978.0,0.24492923046676413,0.0016831431073889014,0.682992560435885,0.003370153567687454,0.5666666666666667,0.11055415967851333
979.0,0.24493405773010898,0.001681544066781445,0.683002253889043,0.003366944795938344,0.5666666666666667,0.11055415967851333
980.0,0.24493887587028812,0.0016799480584134819,0.68301192894173,0.0033637421276239547,0.5666666666666667,0.11055415967851333
981.0,0.24494368491294946,0.0016783550736686578,0.6830215856460033,0.0033605455453363355,0.5666666666666667,0.11055415967851333
982.0,0.24494848488364562,0.0016767651039632718,0.683031224053725,0.0033573550317341355,0.5666666666666667,0.11055415967851333
983.0,0.2449532758078345,0.0016751781407461927,0.6830408442165633,0.0033541705695417697,0.5666666666666667,0.11055415967851333
984.0,0.24495805771087964,0.0016735941754985524,0.6830504461859934,0.003350992141549385,0.5666666666666667,0.11055415967851333
985.0,0.24496283061805074,0.0016720131997337373,0.6830600300132978,0.0033478197306120593,0.5666666666666667,0.11055415967851333
986.0,0.24496759455452385,0.0016704352049971439,0.6830695957495683,0.0033446533196503825,0.5666666666666667,0.11055415967851333
987.0,0.24497234954538216,0.0016688601828659646,0.6830791434457057,0.0033414928916491184,0.5666666666666667,0.11055415967851333
988.0,0.24497709561561604,0.0016672881249493296,0.6830886731524216,0.0033383384296578732,0.5666666666666667,0.11055415967851333
989.0,0.24498183279012373,0.0016657190228878019,0.6830981849202382,0.003335189916789999,0.5666666666666667,0.11055415967851333
990.0,0.2449865610937117,0.0016641528683534236,0.683107678799491,0.0033320473362225596,0.5666666666666667,0.11055415967851333
991.0,0.24499128055109498,0.0016625896530495557,0.6831171548403273,0.0033289106711963776,0.5666666666666667,0.11055415967851333
992.0,0.2449959911868978,0.0016610293687106628,0.6831266130927093,0.0033257799050152785,0.5666666666666667,0.11055415967851333
993.0,0.24500069302565355,0.0016594720071022337,0.683136053606413,0.0033226550210457874,0.5666666666666667,0.11055415967851333
994.0,0.24500538609180583,0.001657917560020552,0.683145476431031,0.0033195360027173373,0.5666666666666667,0.11055415967851333
995.0,0.2450100704097083,0.0016563660192927061,0.6831548816159715,0.003316422833521302,0.5666666666666667,0.11055415967851333
996.0,0.24501474600362538,0.00165481737677627,0.6831642692104601,0.0033133154970113525,0.5666666666666667,0.11055415967851333
997.0,0.2450194128977326,0.0016532716243592492,0.6831736392635411,0.003310213976802409,0.5666666666666667,0.11055415967851333
998.0,0.24502407111611682,0.0016517287539599974,0.6831829918240775,0.0033071182565711683,0.5666666666666667,0.11055415967851333
999.0,0.24502872068277717,0.001650188757526908,0.6831923269407514,0.0033040283200554575,0.5666666666666667,0.11055415967851333
1000.0,0.24503336162162456,0.0016486516270383493,0.6832016446620663,0.0033009441510535053,0.5666666666666667,0.11055415967851333
54.0,0.2455884725351532,0.029597648563600268,0.6872603634952096,0.07616871047642959,0.5666666666666667,0.11055415967851333
53.0,0.24650388823168518,0.030157304350173005,0.6899470698759109,0.07855126211935658,0.5666666666666667,0.11055415967851333
52.0,0.2474637334451315,0.030728050846347853,0.6928107719095074,0.08105043118121555,0.5666666666666667,0.11055415967851333
51.0,0.24847010567717645,0.031309772018801904,0.6958644267382554,0.08367333774867615,0.5666666666666667,0.11055415967851333
50.0,0.24952520277782822,0.03190231614259336,0.6991221246468379,0.08642763927036047,0.5666666666666667,0.11055415967851333
49.0,0.2506313274697337,0.032505493918144696,0.7025992077328032,0.08932158116622906,0.5666666666666667,0.11055415967851333
48.0,0.2517908920270349,0.03311907686739034,0.7063124033763166,0.09236405338600986,0.5666666666666667,0.11055415967851333
47.0,0.2530064231084416,0.03374279612349537,0.7102799746905553,0.09556465377994504,0.5666666666666667,0.11055415967851333
46.0,0.2542805667437528,0.034376341755404195,0.714521890510443,0.09893375929611357,0.5666666666666667,0.11055415967851333
45.0,0.2556160934727031,0.03501936280072737,0.7190600179289053,0.10248260620039558,0.5666666666666667,0.11055415967851333
44.0,0.2570159036348313,0.035671468219104815,0.7239183409335824,0.10622338073496138,0.5666666666666667,0.11055415967851333
43.0,0.2584830328091414,0.036332229024315335,0.7291232093545075,0.11016932189796957,0.5666666666666667,0.11055415967851333
42.0,0.26002065740278263,0.03700118190831902,0.7347036231318749,0.1143348383523719,0.5666666666666667,0.11055415967851333
41.0,0.2616321003889894,0.03767783473554821,0.7406915578872966,0.11873564186980674,0.5666666666666667,0.11055415967851333
40.0,0.26332083719629795,0.03836167436265598,0.7471223389760352,0.12338890020500808,0.5666666666666667,0.11055415967851333
39.0,0.26509050175389737,0.03905217732923562,0.7540350726683733,0.12831341290070053,0.5666666666666667,0.11055415967851333
38.0,0.2669448927022403,0.039748824070372564,0.7614731449288172,0.13352981427318436,0.5666666666666667,0.11055415967851333
37.0,0.2688879797842229,0.04045111742377573,0.7694848005274942,0.13906080876448157,0.5666666666666667,0.11055415967851333
36.0,0.2709239104409427,0.041158606343748835,0.7781238180534784,0.1449314450198257,0.5666666666666667,0.11055415967851333
35.0,0.2730570166480396,0.041870915891735604,0.7874502999689285,0.1511694365275528,0.5666666666666667,0.11055415967851333
34.0,0.2752918220448548,0.04258778474756724,0.7975316013633242,0.1578055385320779,0.5666666666666667,0.11055415967851333
33.0,0.27763304943025074,0.04330911167359792,0.8084434268292909,0.16487399331947758,0.5666666666666667,0.11055415967851333
32.0,0.2800856287272492,0.044035012558839175,0.8202711322765696,0.17241305903997053,0.5666666666666667,0.11055415967851333
31.0,0.28265470555508865,0.04476588985978728,0.8331112780593024,0.1804656411896014,0.5666666666666667,0.11055415967851333
30.0,0.28534565059325984,0.045502516418552096,0.8470734922404404,0.18908005102089842,0.5666666666666667,0.11055415967851333
29.0,0.28816406997843674,0.04624613574487561,0.8622827191591627,0.19831092189666183,0.5666666666666667,0.11055415967851333
28.0,0.29111581704168377,0.04699858084716588,0.8788819501023559,0.20822032350819775,0.5666666666666667,0.11055415967851333
27.0,0.2942070057668445,0.04776241351483896,0.8970355617816546,0.2188791257431287,0.5666666666666667,0.11055415967851333
26.0,0.2974440264232271,0.04854108548214751,0.9169334272929595,0.23036867993445453,0.5666666666666667,0.11055415967851333
25.0,0.3008335638780912,0.049339121988192104,0.9387960173355386,0.24278290686814735,0.5666666666666667,0.11055415967851333
24.0,0.30438261909009323,0.0501623266737269,0.9628807826030421,0.25623091062054626,0.5666666666666667,0.11055415967851333
23.0,0.3080985341542225,0.05101800422918183,0.9894902101709576,0.2708402785011059,0.5666666666666667,0.11055415967851333
22.0,0.3119890208856807,0.05191519334080028,1.0189820905117792,0.2867612852678955,0.5666666666666667,0.11055415967851333
21.0,0.31606219207185204,0.05286489677405443,1.05178273746148,0.3041723022294885,0.5666666666666667,0.11055415967851333
20.0,0.32032659280314,0.05388028727437755,1.0884042020212725,0.32328683101052647,0.5666666666666667,0.11055415967851333
19.0,0.3247912260626696,0.05497685665406624,1.1294669612082522,0.3443627568030781,0.5666666666666667,0.11055415967851333
18.0,0.32946556092520496,0.056172460256260916,1.175730224000959,0.3677146776745349,0.5666666666666667,0.11055415967851333
17.0,0.3343595015099634,0.05748718939646439,1.2281330073189107,0.39373056566332737,0.5666666666666667,0.11055415967851333
16.0,0.3394832774005185,0.05894298041018784,1.287850714293898,0.4228946374929755,0.5666666666666667,0.11055415967851333
15.0,0.3448471871257737,0.06056284207829499,1.3563744727786595,0.4558193060497562,0.5666666666666667,0.11055415967851333
14.0,0.350461078719169,0.062369558328273574,1.4356246378580357,0.4932907133577393,0.5666666666666667,0.11055415967851333
13.0,0.35633337552280625,0.06438371241847358,1.5281168696586334,0.5363351019378071,0.5666666666666667,0.11055415967851333
12.0,0.3624693380492384,0.06662090945680509,1.6372114421588297,0.5863181065710131,0.5666666666666667,0.11055415967851333
11.0,0.3688680783146844,0.06908820086716438,1.7674986643819754,0.645097838647745,0.5666666666666667,0.11055415967851333
10.0,0.3755175987946654,0.07178003419219238,1.9231730999002452,0.7119200023718686,0.5666666666666667,0.11055415967851333
9.0,0.38238681748054854,0.07467469696014364,2.092196299267284,0.7594419858327223,0.5666666666666667,0.11055415967851333
8.0,0.3894132112679466,0.07773325323836655,2.305679415660382,0.8200376394642548,0.5666666666666667,0.11055415967851333
7.0,0.39648449856775175,0.08090394518508032,2.5717350008902953,0.8901389834261513,0.5666666666666667,0.11055415967851333
6.0,0.4034129692445177,0.08413390679824806,2.8745998301202897,0.9262493293053654,0.5666666666666667,0.11055415967851333
5.0,0.40990232113464986,0.08738152077629605,3.257712078746824,0.9363000501416077,0.5666666666666667,0.11055415967851333
4.0,0.41551274756226375,0.09059973913862428,3.705144713266628,0.8851632746165427,0.5666666666666667,0.11055415967851333
3.0,0.4196654700378651,0.09363416286995378,4.2290185067459936,0.8328844957412824,0.5666666666666667,0.11055415967851333
2.0,0.4219207186772732,0.09608153195359413,4.936710107008459,1.0974961130314196,0.5666666666666667,0.11055415967851333
1.0,0.42341007386326596,0.09815496315889703,5.618083447229461,1.2009732159341262,0.5666666666666667,0.11055415967851333
