p1,p2,p3,p4,players,team1,team2,ordered_key,unique_key,played_ordered,played_unique,elo_pred_team1_win_prob,trueskill_pred_team1_win_prob,tree_pred_team1_win_prob,sort_prob,closeness
TD,CH,SY,RS,"['TD', 'CH', 'SY', 'RS']",TD + CH,SY + RS,TD|CH|SY|RS,"CH,TD||RS,SY",False,True,0.5009386412738491,0.8484235255381991,0.5003223186571987,0.5003223186571987,0.0003223186571986725
CH,TD,SY,RS,"['CH', 'TD', 'SY', 'RS']",CH + TD,SY + RS,CH|TD|SY|RS,"CH,TD||RS,SY",True,True,0.5009386412738491,0.8484235255381991,0.5007727946774619,0.5007727946774619,0.000772794677461941
RS,SY,FZ,TT,"['RS', 'SY', 'FZ', 'TT']",RS + SY,FZ + TT,RS|SY|FZ|TT,"FZ,TT||RS,SY",False,False,0.47613021584477927,0.07346114115919596,0.5033202350922616,0.5033202350922616,0.0033202350922616475
RS,CH,FZ,SY,"['RS', 'CH', 'FZ', 'SY']",RS + CH,FZ + SY,RS|CH|FZ|SY,"CH,RS||FZ,SY",False,False,0.4336647608004687,0.011417443765077492,0.496598266809797,0.496598266809797,0.0034017331902029824
RS,SY,TT,FZ,"['RS', 'SY', 'TT', 'FZ']",RS + SY,TT + FZ,RS|SY|TT|FZ,"FZ,TT||RS,SY",False,False,0.47613021584477927,0.07346114115919596,0.4951941736227145,0.4951941736227145,0.004805826377285494
NS,AC,FZ,TD,"['NS', 'AC', 'FZ', 'TD']",NS + AC,FZ + TD,NS|AC|FZ|TD,"AC,NS||FZ,TD",False,False,0.43358295792576346,0.29691516005810303,0.49514375042140973,0.49514375042140973,0.004856249578590266
CH,NS,FZ,AC,"['CH', 'NS', 'FZ', 'AC']",CH + NS,FZ + AC,CH|NS|FZ|AC,"AC,FZ||CH,NS",False,True,0.4987793866278612,0.45648617945661896,0.4944974050840358,0.4944974050840358,0.005502594915964221
SY,TT,AC,NS,"['SY', 'TT', 'AC', 'NS']",SY + TT,AC + NS,SY|TT|AC|NS,"AC,NS||SY,TT",False,True,0.5249847258522501,0.5721715303483434,0.5059597244667208,0.5059597244667208,0.005959724466720773
SY,TT,NS,AC,"['SY', 'TT', 'NS', 'AC']",SY + TT,NS + AC,SY|TT|NS|AC,"AC,NS||SY,TT",False,True,0.5249847258522501,0.5721715303483434,0.5059597244667208,0.5059597244667208,0.005959724466720773
TT,SY,AC,NS,"['TT', 'SY', 'AC', 'NS']",TT + SY,AC + NS,TT|SY|AC|NS,"AC,NS||SY,TT",False,True,0.5249847258522501,0.5721715303483434,0.5059597244667208,0.5059597244667208,0.005959724466720773
TT,SY,NS,AC,"['TT', 'SY', 'NS', 'AC']",TT + SY,NS + AC,TT|SY|NS|AC,"AC,NS||SY,TT",False,True,0.5249847258522501,0.5721715303483434,0.5059597244667208,0.5059597244667208,0.005959724466720773
SY,RS,NS,TD,"['SY', 'RS', 'NS', 'TD']",SY + RS,NS + TD,SY|RS|NS|TD,"NS,TD||RS,SY",False,False,0.52686807850055,0.23092292087992516,0.4935011847774117,0.4935011847774117,0.006498815222588272
SY,RS,TD,NS,"['SY', 'RS', 'TD', 'NS']",SY + RS,TD + NS,SY|RS|TD|NS,"NS,TD||RS,SY",False,False,0.52686807850055,0.23092292087992516,0.4935011847774117,0.4935011847774117,0.006498815222588272
TT,SY,NS,FZ,"['TT', 'SY', 'NS', 'FZ']",TT + SY,NS + FZ,TT|SY|NS|FZ,"FZ,NS||SY,TT",False,True,0.4393596752682373,0.19025671342771133,0.4934712648509208,0.4934712648509208,0.006528735149079201
RS,SY,CH,TT,"['RS', 'SY', 'CH', 'TT']",RS + SY,CH + TT,RS|SY|CH|TT,"CH,TT||RS,SY",True,True,0.5057787186201843,0.14354757042203703,0.5082344562242299,0.5082344562242299,0.008234456224229914
FZ,TD,CH,TT,"['FZ', 'TD', 'CH', 'TT']",FZ + TD,CH + TT,FZ|TD|CH|TT,"CH,TT||FZ,TD",False,False,0.5363204497840712,0.6515486563135522,0.5092963903757868,0.5092963903757868,0.009296390375786778
SY,RS,AC,FZ,"['SY', 'RS', 'AC', 'FZ']",SY + RS,AC + FZ,SY|RS|AC|FZ,"AC,FZ||RS,SY",False,False,0.47871962793778705,0.053148279240294284,0.5094035686246585,0.5094035686246585,0.00940356862465852
TD,NS,AC,FZ,"['TD', 'NS', 'AC', 'FZ']",TD + NS,AC + FZ,TD|NS|AC|FZ,"AC,FZ||NS,TD",False,False,0.45196141612029217,0.17509292850347702,0.5102870145111605,0.5102870145111605,0.010287014511160542
CH,RS,TD,FZ,"['CH', 'RS', 'TD', 'FZ']",CH + RS,TD + FZ,CH|RS|TD|FZ,"CH,RS||FZ,TD",False,False,0.47483749574498574,0.07396741405344182,0.48965981765791733,0.48965981765791733,0.010340182342082671
SY,RS,TD,FZ,"['SY', 'RS', 'TD', 'FZ']",SY + RS,TD + FZ,SY|RS|TD|FZ,"FZ,TD||RS,SY",False,False,0.469432606205695,0.0788225661390688,0.48965981765791733,0.48965981765791733,0.010340182342082671
RS,CH,SY,FZ,"['RS', 'CH', 'SY', 'FZ']",RS + CH,SY + FZ,RS|CH|SY|FZ,"CH,RS||FZ,SY",False,False,0.4336647608004687,0.011417443765077492,0.5109410105243128,0.5109410105243128,0.010941010524312844
RS,SY,TT,CH,"['RS', 'SY', 'TT', 'CH']",RS + SY,TT + CH,RS|SY|TT|CH,"CH,TT||RS,SY",True,True,0.5057787186201843,0.14354757042203703,0.5111528529059226,0.5111528529059226,0.011152852905922606
NS,TD,CH,AC,"['NS', 'TD', 'CH', 'AC']",NS + TD,CH + AC,NS|TD|CH|AC,"AC,CH||NS,TD",False,False,0.48148816403419087,0.3026444823459339,0.5130202851235686,0.5130202851235686,0.013020285123568565
SY,RS,TT,CH,"['SY', 'RS', 'TT', 'CH']",SY + RS,TT + CH,SY|RS|TT|CH,"CH,TT||RS,SY",False,True,0.5057787186201843,0.14354757042203703,0.484538060027213,0.484538060027213,0.015461939972786998
CH,RS,SY,FZ,"['CH', 'RS', 'SY', 'FZ']",CH + RS,SY + FZ,CH|RS|SY|FZ,"CH,RS||FZ,SY",False,False,0.4336647608004687,0.011417443765077492,0.48441930731318966,0.48441930731318966,0.015580692686810338
RS,CH,TD,FZ,"['RS', 'CH', 'TD', 'FZ']",RS + CH,TD + FZ,RS|CH|TD|FZ,"CH,RS||FZ,TD",False,False,0.47483749574498574,0.07396741405344182,0.5162741672392327,0.5162741672392327,0.016274167239232695
RS,SY,TD,FZ,"['RS', 'SY', 'TD', 'FZ']",RS + SY,TD + FZ,RS|SY|TD|FZ,"FZ,TD||RS,SY",False,False,0.469432606205695,0.0788225661390688,0.5162741672392327,0.5162741672392327,0.016274167239232695
AC,SY,FZ,RS,"['AC', 'SY', 'FZ', 'RS']",AC + SY,FZ + RS,AC|SY|FZ|RS,"AC,SY||FZ,RS",False,False,0.45127099628146883,0.816562453957105,0.5170672206560427,0.5170672206560427,0.017067220656042714
TT,FZ,RS,SY,"['TT', 'FZ', 'RS', 'SY']",TT + FZ,RS + SY,TT|FZ|RS|SY,"FZ,TT||RS,SY",False,False,0.5238697841552207,0.926538858840804,0.48270079068851723,0.48270079068851723,0.017299209311482766
TT,FZ,SY,RS,"['TT', 'FZ', 'SY', 'RS']",TT + FZ,SY + RS,TT|FZ|SY|RS,"FZ,TT||RS,SY",False,False,0.5238697841552207,0.926538858840804,0.48270079068851723,0.48270079068851723,0.017299209311482766
TD,NS,SY,CH,"['TD', 'NS', 'SY', 'CH']",TD + NS,SY + CH,TD|NS|SY|CH,"CH,SY||NS,TD",False,True,0.431064388241462,0.11762897273809447,0.482206055456005,0.482206055456005,0.01779394454399502
TD,NS,FZ,AC,"['TD', 'NS', 'FZ', 'AC']",TD + NS,FZ + AC,TD|NS|FZ|AC,"AC,FZ||NS,TD",False,False,0.45196141612029217,0.17509292850347702,0.4813815112277406,0.4813815112277406,0.01861848877225941
SY,RS,CH,TT,"['SY', 'RS', 'CH', 'TT']",SY + RS,CH + TT,SY|RS|CH|TT,"CH,TT||RS,SY",False,True,0.5057787186201843,0.14354757042203703,0.4812263751469551,0.4812263751469551,0.0187736248530449
NS,AC,FZ,CH,"['NS', 'AC', 'FZ', 'CH']",NS + AC,FZ + CH,NS|AC|FZ|CH,"AC,NS||CH,FZ",False,True,0.3881455804998859,0.08291325075961947,0.5190821353896876,0.5190821353896876,0.019082135389687616
TT,FZ,CH,TD,"['TT', 'FZ', 'CH', 'TD']",TT + FZ,CH + TD,TT|FZ|CH|TD,"CH,TD||FZ,TT",False,False,0.5229331981696913,0.6731545942432633,0.48019245674416833,0.48019245674416833,0.019807543255831672
CH,NS,TD,FZ,"['CH', 'NS', 'TD', 'FZ']",CH + NS,TD + FZ,CH|NS|TD|FZ,"CH,NS||FZ,TD",False,True,0.4894686163403104,0.5373309275194997,0.47998163153475304,0.47998163153475304,0.02001836846524696
RS,SY,NS,TD,"['RS', 'SY', 'NS', 'TD']",RS + SY,NS + TD,RS|SY|NS|TD,"NS,TD||RS,SY",False,False,0.52686807850055,0.23092292087992516,0.5201115367323182,0.5201115367323182,0.020111536732318247
RS,SY,TD,NS,"['RS', 'SY', 'TD', 'NS']",RS + SY,TD + NS,RS|SY|TD|NS,"NS,TD||RS,SY",False,False,0.52686807850055,0.23092292087992516,0.5201115367323182,0.5201115367323182,0.020111536732318247
SY,TT,NS,FZ,"['SY', 'TT', 'NS', 'FZ']",SY + TT,NS + FZ,SY|TT|NS|FZ,"FZ,NS||SY,TT",False,True,0.4393596752682373,0.19025671342771133,0.5201316000823129,0.5201316000823129,0.02013160008231285
NS,TD,AC,CH,"['NS', 'TD', 'AC', 'CH']",NS + TD,AC + CH,NS|TD|AC|CH,"AC,CH||NS,TD",False,False,0.48148816403419087,0.3026444823459339,0.521080200378733,0.521080200378733,0.02108020037873304
CH,RS,FZ,TD,"['CH', 'RS', 'FZ', 'TD']",CH + RS,FZ + TD,CH|RS|FZ|TD,"CH,RS||FZ,TD",False,False,0.47483749574498574,0.07396741405344182,0.5213312009111141,0.5213312009111141,0.021331200911114068
SY,RS,FZ,TD,"['SY', 'RS', 'FZ', 'TD']",SY + RS,FZ + TD,SY|RS|FZ|TD,"FZ,TD||RS,SY",False,False,0.469432606205695,0.0788225661390688,0.5213312009111141,0.5213312009111141,0.021331200911114068
SY,RS,FZ,TT,"['SY', 'RS', 'FZ', 'TT']",SY + RS,FZ + TT,SY|RS|FZ|TT,"FZ,TT||RS,SY",False,False,0.47613021584477927,0.07346114115919596,0.47671556321898256,0.47671556321898256,0.023284436781017437
SY,TT,NS,CH,"['SY', 'TT', 'NS', 'CH']",SY + TT,NS + CH,SY|TT|NS|CH,"CH,NS||SY,TT",False,True,0.4687673403004157,0.3250130641552835,0.5237918538145325,0.5237918538145325,0.023791853814532526
TT,SY,NS,CH,"['TT', 'SY', 'NS', 'CH']",TT + SY,NS + CH,TT|SY|NS|CH,"CH,NS||SY,TT",False,True,0.4687673403004157,0.3250130641552835,0.5237918538145325,0.5237918538145325,0.023791853814532526
FZ,TD,RS,CH,"['FZ', 'TD', 'RS', 'CH']",FZ + TD,RS + CH,FZ|TD|RS|CH,"CH,RS||FZ,TD",False,False,0.5251625042550142,0.9260325859465581,0.5244076431302421,0.5244076431302421,0.02440764313024213
NS,AC,FZ,TT,"['NS', 'AC', 'FZ', 'TT']",NS + AC,FZ + TT,NS|AC|FZ|TT,"AC,NS||FZ,TT",False,False,0.440193444291448,0.2851632052736512,0.5247799049608991,0.5247799049608991,0.024779904960899102
NS,AC,CH,FZ,"['NS', 'AC', 'CH', 'FZ']",NS + AC,CH + FZ,NS|AC|CH|FZ,"AC,NS||CH,FZ",False,True,0.3881455804998859,0.08291325075961947,0.5253447359365048,0.5253447359365048,0.02534473593650477
TD,NS,CH,SY,"['TD', 'NS', 'CH', 'SY']",TD + NS,CH + SY,TD|NS|CH|SY,"CH,SY||NS,TD",True,True,0.431064388241462,0.11762897273809447,0.4741521261147748,0.4741521261147748,0.025847873885225192
AC,SY,CH,TT,"['AC', 'SY', 'CH', 'TT']",AC + SY,CH + TT,AC|SY|CH|TT,"AC,SY||CH,TT",True,True,0.4919841974001058,0.5832165966856525,0.5260104157849494,0.5260104157849494,0.026010415784949448
AC,NS,TD,CH,"['AC', 'NS', 'TD', 'CH']",AC + NS,TD + CH,AC|NS|TD|CH,"AC,NS||CH,TD",False,False,0.4629232310617738,0.454291291071463,0.47397178406378576,0.47397178406378576,0.02602821593621424
NS,AC,TD,FZ,"['NS', 'AC', 'TD', 'FZ']",NS + AC,TD + FZ,NS|AC|TD|FZ,"AC,NS||FZ,TD",False,False,0.43358295792576346,0.29691516005810303,0.4728497040275763,0.4728497040275763,0.027150295972423688
AC,NS,SY,TD,"['AC', 'NS', 'SY', 'TD']",AC + NS,SY + TD,AC|NS|SY|TD,"AC,NS||SY,TD",False,False,0.46831932757866435,0.4400757576820594,0.5279373076579998,0.5279373076579998,0.027937307657999844
AC,NS,TD,SY,"['AC', 'NS', 'TD', 'SY']",AC + NS,TD + SY,AC|NS|TD|SY,"AC,NS||SY,TD",False,False,0.46831932757866435,0.4400757576820594,0.5279373076579998,0.5279373076579998,0.027937307657999844
RS,TD,TT,AC,"['RS', 'TD', 'TT', 'AC']",RS + TD,TT + AC,RS|TD|TT|AC,"AC,TT||RS,TD",False,False,0.5205015825785831,0.10396867311610114,0.5287520127990015,0.5287520127990015,0.028752012799001525
TD,RS,TT,AC,"['TD', 'RS', 'TT', 'AC']",TD + RS,TT + AC,TD|RS|TT|AC,"AC,TT||RS,TD",False,False,0.5205015825785831,0.10396867311610114,0.5287520127990015,0.5287520127990015,0.028752012799001525
FZ,TD,SY,TT,"['FZ', 'TD', 'SY', 'TT']",FZ + TD,SY + TT,FZ|TD|SY|TT,"FZ,TD||SY,TT",False,False,0.5417091669216728,0.6380766051520899,0.5289306798013562,0.5289306798013562,0.02893067980135622
RS,TD,AC,TT,"['RS', 'TD', 'AC', 'TT']",RS + TD,AC + TT,RS|TD|AC|TT,"AC,TT||RS,TD",False,False,0.5205015825785831,0.10396867311610114,0.5289938828404189,0.5289938828404189,0.028993882840418927
TD,RS,AC,TT,"['TD', 'RS', 'AC', 'TT']",TD + RS,AC + TT,TD|RS|AC|TT,"AC,TT||RS,TD",False,False,0.5205015825785831,0.10396867311610114,0.5289938828404189,0.5289938828404189,0.028993882840418927
CH,RS,FZ,SY,"['CH', 'RS', 'FZ', 'SY']",CH + RS,FZ + SY,CH|RS|FZ|SY,"CH,RS||FZ,SY",False,False,0.4336647608004687,0.011417443765077492,0.47010541671502765,0.47010541671502765,0.029894583284972354
TD,NS,TT,FZ,"['TD', 'NS', 'TT', 'FZ']",TD + NS,TT + FZ,TD|NS|TT|FZ,"FZ,TT||NS,TD",False,False,0.44939196421022737,0.22362669248213585,0.4693021070828968,0.4693021070828968,0.030697892917103176
SY,RS,TT,FZ,"['SY', 'RS', 'TT', 'FZ']",SY + RS,TT + FZ,SY|RS|TT|FZ,"FZ,TT||RS,SY",False,False,0.47613021584477927,0.07346114115919596,0.4686137733012184,0.4686137733012184,0.031386226698781605
AC,NS,CH,TD,"['AC', 'NS', 'CH', 'TD']",AC + NS,CH + TD,AC|NS|CH|TD,"AC,NS||CH,TD",False,False,0.4629232310617738,0.454291291071463,0.4659316298384384,0.4659316298384384,0.03406837016156161
SY,TD,CH,RS,"['SY', 'TD', 'CH', 'RS']",SY + TD,CH + RS,SY|TD|CH|RS,"CH,RS||SY,TD",False,True,0.4900963736748234,0.8634702343518667,0.46576103009419983,0.46576103009419983,0.034238969905800165
SY,TT,CH,NS,"['SY', 'TT', 'CH', 'NS']",SY + TT,CH + NS,SY|TT|CH|NS,"CH,NS||SY,TT",False,True,0.4687673403004157,0.3250130641552835,0.5343753836623841,0.5343753836623841,0.03437538366238413
TD,SY,CH,RS,"['TD', 'SY', 'CH', 'RS']",TD + SY,CH + RS,TD|SY|CH|RS,"CH,RS||SY,TD",False,True,0.4900963736748234,0.8634702343518667,0.46531269367238287,0.46531269367238287,0.03468730632761713
TT,SY,CH,NS,"['TT', 'SY', 'CH', 'NS']",TT + SY,CH + NS,TT|SY|CH|NS,"CH,NS||SY,TT",False,True,0.4687673403004157,0.3250130641552835,0.5347695708063553,0.5347695708063553,0.03476957080635534
FZ,TD,CH,RS,"['FZ', 'TD', 'CH', 'RS']",FZ + TD,CH + RS,FZ|TD|CH|RS,"CH,RS||FZ,TD",False,False,0.5251625042550142,0.9260325859465581,0.5349896371319007,0.5349896371319007,0.03498963713190073
TT,FZ,SY,CH,"['TT', 'FZ', 'SY', 'CH']",TT + FZ,SY + CH,TT|FZ|SY|CH,"CH,SY||FZ,TT",False,True,0.4814130471255632,0.3363612266145485,0.5356116576232971,0.5356116576232971,0.0356116576232971
RS,SY,AC,FZ,"['RS', 'SY', 'AC', 'FZ']",RS + SY,AC + FZ,RS|SY|AC|FZ,"AC,FZ||RS,SY",False,False,0.47871962793778705,0.053148279240294284,0.5359640371924782,0.5359640371924782,0.035964037192478204
FZ,TD,TT,SY,"['FZ', 'TD', 'TT', 'SY']",FZ + TD,TT + SY,FZ|TD|TT|SY,"FZ,TD||SY,TT",False,False,0.5417091669216728,0.6380766051520899,0.5382533196790772,0.5382533196790772,0.03825331967907719
FZ,TT,CH,RS,"['FZ', 'TT', 'CH', 'RS']",FZ + TT,CH + RS,FZ|TT|CH|RS,"CH,RS||FZ,TT",True,True,0.5184577691725787,0.9311727697171142,0.4593010026254327,0.4593010026254327,0.04069899737456728
SY,RS,FZ,AC,"['SY', 'RS', 'FZ', 'AC']",SY + RS,FZ + AC,SY|RS|FZ|AC,"AC,FZ||RS,SY",False,False,0.47871962793778705,0.053148279240294284,0.5409982356852652,0.5409982356852652,0.04099823568526517
TT,CH,FZ,RS,"['TT', 'CH', 'FZ', 'RS']",TT + CH,FZ + RS,TT|CH|FZ|RS,"CH,TT||FZ,RS",False,False,0.45922308869674383,0.7603618973561264,0.5426188967172051,0.5426188967172051,0.04261889671720509
AC,SY,TT,FZ,"['AC', 'SY', 'TT', 'FZ']",AC + SY,TT + FZ,AC|SY|TT|FZ,"AC,SY||FZ,TT",False,True,0.46238777952295623,0.4150147998464636,0.5430123846622386,0.5430123846622386,0.043012384662238556
CH,TT,FZ,RS,"['CH', 'TT', 'FZ', 'RS']",CH + TT,FZ + RS,CH|TT|FZ|RS,"CH,TT||FZ,RS",False,False,0.45922308869674383,0.7603618973561264,0.5430660659174112,0.5430660659174112,0.043066065917411245
CH,RS,NS,FZ,"['CH', 'RS', 'NS', 'FZ']",CH + RS,NS + FZ,CH|RS|NS|FZ,"CH,RS||FZ,NS",False,False,0.4557979377141646,0.02617210526005344,0.544659509639237,0.544659509639237,0.04465950963923704
SY,RS,NS,FZ,"['SY', 'RS', 'NS', 'FZ']",SY + RS,NS + FZ,SY|RS|NS|FZ,"FZ,NS||RS,SY",False,False,0.45042389070560046,0.028336921670856552,0.5447586877388924,0.5447586877388924,0.044758687738892355
SY,RS,AC,TT,"['SY', 'RS', 'AC', 'TT']",SY + RS,AC + TT,SY|RS|AC|TT,"AC,TT||RS,SY",False,False,0.5617411951831578,0.3156443177326018,0.5448320337473789,0.5448320337473789,0.044832033747378874
SY,TD,RS,CH,"['SY', 'TD', 'RS', 'CH']",SY + TD,RS + CH,SY|TD|RS|CH,"CH,RS||SY,TD",False,True,0.4900963736748234,0.8634702343518667,0.4551277951428219,0.4551277951428219,0.04487220485717808
SY,RS,TT,AC,"['SY', 'RS', 'TT', 'AC']",SY + RS,TT + AC,SY|RS|TT|AC,"AC,TT||RS,SY",False,False,0.5617411951831578,0.3156443177326018,0.5449841978180534,0.5449841978180534,0.044984197818053406
TD,SY,RS,CH,"['TD', 'SY', 'RS', 'CH']",TD + SY,RS + CH,TD|SY|RS|CH,"CH,RS||SY,TD",False,True,0.4900963736748234,0.8634702343518667,0.4546809829650402,0.4546809829650402,0.045319017034959774
TT,FZ,CH,SY,"['TT', 'FZ', 'CH', 'SY']",TT + FZ,CH + SY,TT|FZ|CH|SY,"CH,SY||FZ,TT",True,True,0.4814130471255632,0.3363612266145485,0.546160105407715,0.546160105407715,0.04616010540771498
TD,CH,RS,SY,"['TD', 'CH', 'RS', 'SY']",TD + CH,RS + SY,TD|CH|RS|SY,"CH,TD||RS,SY",False,True,0.5009386412738491,0.8484235255381991,0.5462757277278988,0.5462757277278988,0.046275727727898786
CH,TD,RS,SY,"['CH', 'TD', 'RS', 'SY']",CH + TD,RS + SY,CH|TD|RS|SY,"CH,TD||RS,SY",False,True,0.5009386412738491,0.8484235255381991,0.5467223082804095,0.5467223082804095,0.046722308280409464
RS,CH,FZ,TD,"['RS', 'CH', 'FZ', 'TD']",RS + CH,FZ + TD,RS|CH|FZ|TD,"CH,RS||FZ,TD",False,False,0.47483749574498574,0.07396741405344182,0.5478191304153586,0.5478191304153586,0.04781913041535857
RS,SY,FZ,TD,"['RS', 'SY', 'FZ', 'TD']",RS + SY,FZ + TD,RS|SY|FZ|TD,"FZ,TD||RS,SY",False,False,0.469432606205695,0.0788225661390688,0.5478191304153586,0.5478191304153586,0.04781913041535857
TD,AC,SY,CH,"['TD', 'AC', 'SY', 'CH']",TD + AC,SY + CH,TD|AC|SY|CH,"AC,TD||CH,SY",False,False,0.4034055931108018,0.06679851975641367,0.45210075690310775,0.45210075690310775,0.04789924309689225
TT,CH,RS,FZ,"['TT', 'CH', 'RS', 'FZ']",TT + CH,RS + FZ,TT|CH|RS|FZ,"CH,TT||FZ,RS",False,False,0.45922308869674383,0.7603618973561264,0.5495864605548406,0.5495864605548406,0.04958646055484062
CH,TT,RS,FZ,"['CH', 'TT', 'RS', 'FZ']",CH + TT,RS + FZ,CH|TT|RS|FZ,"CH,TT||FZ,RS",False,False,0.45922308869674383,0.7603618973561264,0.550032466616304,0.550032466616304,0.050032466616304005
AC,NS,TT,FZ,"['AC', 'NS', 'TT', 'FZ']",AC + NS,TT + FZ,AC|NS|TT|FZ,"AC,NS||FZ,TT",False,False,0.440193444291448,0.2851632052736512,0.4496989210128168,0.4496989210128168,0.05030107898718322
FZ,TT,RS,CH,"['FZ', 'TT', 'RS', 'CH']",FZ + TT,RS + CH,FZ|TT|RS|CH,"CH,RS||FZ,TT",False,True,0.5184577691725787,0.9311727697171142,0.4487712905279336,0.4487712905279336,0.051228709472066425
FZ,TD,NS,SY,"['FZ', 'TD', 'NS', 'SY']",FZ + TD,NS + SY,FZ|TD|NS|SY,"FZ,TD||NS,SY",True,True,0.5159493106396584,0.44836932689671233,0.4486378355992825,0.4486378355992825,0.0513621644007175
TT,FZ,SY,AC,"['TT', 'FZ', 'SY', 'AC']",TT + FZ,SY + AC,TT|FZ|SY|AC,"AC,SY||FZ,TT",False,True,0.5376122204770438,0.5849852001535364,0.4481091390023827,0.4481091390023827,0.051890860997617305
AC,SY,RS,FZ,"['AC', 'SY', 'RS', 'FZ']",AC + SY,RS + FZ,AC|SY|RS|FZ,"AC,SY||FZ,RS",False,False,0.45127099628146883,0.816562453957105,0.5523087486041345,0.5523087486041345,0.05230874860413448
NS,RS,AC,TD,"['NS', 'RS', 'AC', 'TD']",NS + RS,AC + TD,NS|RS|AC|TD,"AC,TD||NS,RS",False,False,0.5328819155911945,0.2209938725788902,0.4469309589852592,0.4469309589852592,0.0530690410147408
NS,RS,TD,AC,"['NS', 'RS', 'TD', 'AC']",NS + RS,TD + AC,NS|RS|TD|AC,"AC,TD||NS,RS",False,False,0.5328819155911945,0.2209938725788902,0.4469309589852592,0.4469309589852592,0.0530690410147408
RS,NS,AC,TD,"['RS', 'NS', 'AC', 'TD']",RS + NS,AC + TD,RS|NS|AC|TD,"AC,TD||NS,RS",False,False,0.5328819155911945,0.2209938725788902,0.4469309589852592,0.4469309589852592,0.0530690410147408
RS,NS,TD,AC,"['RS', 'NS', 'TD', 'AC']",RS + NS,TD + AC,RS|NS|TD|AC,"AC,TD||NS,RS",False,False,0.5328819155911945,0.2209938725788902,0.4469309589852592,0.4469309589852592,0.0530690410147408
FZ,TD,TT,CH,"['FZ', 'TD', 'TT', 'CH']",FZ + TD,TT + CH,FZ|TD|TT|CH,"CH,TT||FZ,TD",False,False,0.5363204497840712,0.6515486563135522,0.5539983491692646,0.5539983491692646,0.0539983491692646
SY,TT,AC,CH,"['SY', 'TT', 'AC', 'CH']",SY + TT,AC + CH,SY|TT|AC|CH,"AC,CH||SY,TT",False,False,0.497172955391365,0.4454747559892357,0.5548801826267389,0.5548801826267389,0.05488018262673888
TT,SY,AC,CH,"['TT', 'SY', 'AC', 'CH']",TT + SY,AC + CH,TT|SY|AC|CH,"AC,CH||SY,TT",False,False,0.497172955391365,0.4454747559892357,0.5548801826267389,0.5548801826267389,0.05488018262673888
CH,RS,TT,FZ,"['CH', 'RS', 'TT', 'FZ']",CH + RS,TT + FZ,CH|RS|TT|FZ,"CH,RS||FZ,TT",False,True,0.4815422308274213,0.06882723028288588,0.5551105958634227,0.5551105958634227,0.05511059586342271
TD,AC,CH,SY,"['TD', 'AC', 'CH', 'SY']",TD + AC,CH + SY,TD|AC|CH|SY,"AC,TD||CH,SY",False,False,0.4034055931108018,0.06679851975641367,0.4441183734431541,0.4441183734431541,0.05588162655684592
NS,AC,TT,FZ,"['NS', 'AC', 'TT', 'FZ']",NS + AC,TT + FZ,NS|AC|TT|FZ,"AC,NS||FZ,TT",False,False,0.440193444291448,0.2851632052736512,0.5597864621661008,0.5597864621661008,0.05978646216610084
NS,CH,AC,SY,"['NS', 'CH', 'AC', 'SY']",NS + CH,AC + SY,NS|CH|AC|SY,"AC,SY||CH,NS",True,True,0.5338163819860793,0.6107571299036549,0.5600778202836073,0.5600778202836073,0.06007782028360731
SY,TD,RS,FZ,"['SY', 'TD', 'RS', 'FZ']",SY + TD,RS + FZ,SY|TD|RS|FZ,"FZ,RS||SY,TD",False,False,0.46051057553105307,0.7605289882800129,0.43736683424628175,0.43736683424628175,0.06263316575371825
TD,SY,RS,FZ,"['TD', 'SY', 'RS', 'FZ']",TD + SY,RS + FZ,TD|SY|RS|FZ,"FZ,RS||SY,TD",False,False,0.46051057553105307,0.7605289882800129,0.4369234765349297,0.4369234765349297,0.06307652346507031
CH,RS,FZ,TT,"['CH', 'RS', 'FZ', 'TT']",CH + RS,FZ + TT,CH|RS|FZ|TT,"CH,RS||FZ,TT",False,True,0.4815422308274213,0.06882723028288588,0.563123071780982,0.563123071780982,0.06312307178098198
SY,TT,FZ,NS,"['SY', 'TT', 'FZ', 'NS']",SY + TT,FZ + NS,SY|TT|FZ|NS,"FZ,NS||SY,TT",False,True,0.4393596752682373,0.19025671342771133,0.5646877596071959,0.5646877596071959,0.06468775960719586
TT,SY,FZ,NS,"['TT', 'SY', 'FZ', 'NS']",TT + SY,FZ + NS,TT|SY|FZ|NS,"FZ,NS||SY,TT",True,True,0.4393596752682373,0.19025671342771133,0.5650771708426278,0.5650771708426278,0.06507717084262776
SY,TT,CH,AC,"['SY', 'TT', 'CH', 'AC']",SY + TT,CH + AC,SY|TT|CH|AC,"AC,CH||SY,TT",False,False,0.497172955391365,0.4454747559892357,0.5653461320099824,0.5653461320099824,0.0653461320099824
TT,SY,CH,AC,"['TT', 'SY', 'CH', 'AC']",TT + SY,CH + AC,TT|SY|CH|AC,"AC,CH||SY,TT",False,False,0.497172955391365,0.4454747559892357,0.5653461320099824,0.5653461320099824,0.0653461320099824
SY,AC,FZ,TT,"['SY', 'AC', 'FZ', 'TT']",SY + AC,FZ + TT,SY|AC|FZ|TT,"AC,SY||FZ,TT",False,True,0.46238777952295623,0.4150147998464636,0.565410471727278,0.565410471727278,0.06541047172727799
RS,SY,FZ,AC,"['RS', 'SY', 'FZ', 'AC']",RS + SY,FZ + AC,RS|SY|FZ|AC,"AC,FZ||RS,SY",False,False,0.47871962793778705,0.053148279240294284,0.5673011402456644,0.5673011402456644,0.06730114024566436
TD,AC,NS,SY,"['TD', 'AC', 'NS', 'SY']",TD + AC,NS + SY,TD|AC|NS|SY,"AC,TD||NS,SY",False,False,0.43046247966549556,0.11964735833765006,0.43182527422153955,0.43182527422153955,0.06817472577846045
TD,AC,SY,NS,"['TD', 'AC', 'SY', 'NS']",TD + AC,SY + NS,TD|AC|SY|NS,"AC,TD||NS,SY",False,False,0.43046247966549556,0.11964735833765006,0.43182527422153955,0.43182527422153955,0.06817472577846045
TD,AC,NS,CH,"['TD', 'AC', 'NS', 'CH']",TD + AC,NS + CH,TD|AC|NS|CH,"AC,TD||CH,NS",False,True,0.4251537789294774,0.12684918381945365,0.4297028113533781,0.4297028113533781,0.07029718864662188
CH,RS,FZ,NS,"['CH', 'RS', 'FZ', 'NS']",CH + RS,FZ + NS,CH|RS|FZ|NS,"CH,RS||FZ,NS",False,False,0.4557979377141646,0.02617210526005344,0.5709141335451637,0.5709141335451637,0.07091413354516374
RS,CH,NS,FZ,"['RS', 'CH', 'NS', 'FZ']",RS + CH,NS + FZ,RS|CH|NS|FZ,"CH,RS||FZ,NS",False,False,0.4557979377141646,0.02617210526005344,0.5709190108998461,0.5709190108998461,0.07091901089984609
SY,RS,FZ,NS,"['SY', 'RS', 'FZ', 'NS']",SY + RS,FZ + NS,SY|RS|FZ|NS,"FZ,NS||RS,SY",False,False,0.45042389070560046,0.028336921670856552,0.5710120971742609,0.5710120971742609,0.07101209717426094
RS,SY,NS,FZ,"['RS', 'SY', 'NS', 'FZ']",RS + SY,NS + FZ,RS|SY|NS|FZ,"FZ,NS||RS,SY",False,False,0.45042389070560046,0.028336921670856552,0.5710169742521143,0.5710169742521143,0.07101697425211428
RS,SY,AC,TT,"['RS', 'SY', 'AC', 'TT']",RS + SY,AC + TT,RS|SY|AC|TT,"AC,TT||RS,SY",False,False,0.5617411951831578,0.3156443177326018,0.571089420584918,0.571089420584918,0.07108942058491796
RS,SY,TT,AC,"['RS', 'SY', 'TT', 'AC']",RS + SY,TT + AC,RS|SY|TT|AC,"AC,TT||RS,SY",False,False,0.5617411951831578,0.3156443177326018,0.5712397145943802,0.5712397145943802,0.07123971459438017
NS,CH,FZ,AC,"['NS', 'CH', 'FZ', 'AC']",NS + CH,FZ + AC,NS|CH|FZ|AC,"AC,FZ||CH,NS",False,True,0.4987793866278612,0.45648617945661896,0.42631209954969623,0.42631209954969623,0.07368790045030377
SY,RS,CH,TD,"['SY', 'RS', 'CH', 'TD']",SY + RS,CH + TD,SY|RS|CH|TD,"CH,TD||RS,SY",False,True,0.4990613587261508,0.1515764744618009,0.5746339918961793,0.5746339918961793,0.07463399189617925
SY,RS,TD,CH,"['SY', 'RS', 'TD', 'CH']",SY + RS,TD + CH,SY|RS|TD|CH,"CH,TD||RS,SY",False,True,0.4990613587261508,0.1515764744618009,0.5749422621597307,0.5749422621597307,0.07494226215973065
SY,RS,CH,NS,"['SY', 'RS', 'CH', 'NS']",SY + RS,CH + NS,SY|RS|CH|NS,"CH,NS||RS,SY",False,False,0.4799381568758626,0.06434773460636181,0.5753365869220218,0.5753365869220218,0.07533658692202183
SY,TT,FZ,CH,"['SY', 'TT', 'FZ', 'CH']",SY + TT,FZ + CH,SY|TT|FZ|CH,"CH,FZ||SY,TT",False,True,0.41214824603008404,0.11458161447605858,0.423532370853686,0.423532370853686,0.076467629146314
FZ,TT,RS,SY,"['FZ', 'TT', 'RS', 'SY']",FZ + TT,RS + SY,FZ|TT|RS|SY,"FZ,TT||RS,SY",False,False,0.5238697841552207,0.926538858840804,0.5771708271091096,0.5771708271091096,0.07717082710910961
FZ,TT,SY,RS,"['FZ', 'TT', 'SY', 'RS']",FZ + TT,SY + RS,FZ|TT|SY|RS,"FZ,TT||RS,SY",False,False,0.5238697841552207,0.926538858840804,0.5771708271091096,0.5771708271091096,0.07717082710910961
TD,AC,CH,NS,"['TD', 'AC', 'CH', 'NS']",TD + AC,CH + NS,TD|AC|CH|NS,"AC,TD||CH,NS",False,True,0.4251537789294774,0.12684918381945365,0.4218114355496319,0.4218114355496319,0.07818856445036809
SY,TD,FZ,RS,"['SY', 'TD', 'FZ', 'RS']",SY + TD,FZ + RS,SY|TD|FZ|RS,"FZ,RS||SY,TD",False,False,0.46051057553105307,0.7605289882800129,0.42096671567956456,0.42096671567956456,0.07903328432043544
TD,SY,FZ,RS,"['TD', 'SY', 'FZ', 'RS']",TD + SY,FZ + RS,TD|SY|FZ|RS,"FZ,RS||SY,TD",False,False,0.46051057553105307,0.7605289882800129,0.420527556923961,0.420527556923961,0.07947244307603901
RS,CH,TT,FZ,"['RS', 'CH', 'TT', 'FZ']",RS + CH,TT + FZ,RS|CH|TT|FZ,"CH,RS||FZ,TT",False,True,0.4815422308274213,0.06882723028288588,0.5812307882430393,0.5812307882430393,0.08123078824303931
SY,RS,NS,CH,"['SY', 'RS', 'NS', 'CH']",SY + RS,NS + CH,SY|RS|NS|CH,"CH,NS||RS,SY",False,False,0.4799381568758626,0.06434773460636181,0.5832030528795569,0.5832030528795569,0.08320305287955687
NS,TT,AC,TD,"['NS', 'TT', 'AC', 'TD']",NS + TT,AC + TD,NS|TT|AC|TD,"AC,TD||NS,TT",False,False,0.5217150162338573,0.6325302582794907,0.41660595411232854,0.41660595411232854,0.08339404588767146
NS,TT,TD,AC,"['NS', 'TT', 'TD', 'AC']",NS + TT,TD + AC,NS|TT|TD|AC,"AC,TD||NS,TT",False,False,0.5217150162338573,0.6325302582794907,0.41660595411232854,0.41660595411232854,0.08339404588767146
TT,NS,AC,TD,"['TT', 'NS', 'AC', 'TD']",TT + NS,AC + TD,TT|NS|AC|TD,"AC,TD||NS,TT",False,False,0.5217150162338573,0.6325302582794907,0.41660595411232854,0.41660595411232854,0.08339404588767146
TT,NS,TD,AC,"['TT', 'NS', 'TD', 'AC']",TT + NS,TD + AC,TT|NS|TD|AC,"AC,TD||NS,TT",False,False,0.5217150162338573,0.6325302582794907,0.41660595411232854,0.41660595411232854,0.08339404588767146
SY,TT,FZ,AC,"['SY', 'TT', 'FZ', 'AC']",SY + TT,FZ + AC,SY|TT|FZ|AC,"AC,FZ||SY,TT",False,True,0.4675516750385165,0.28741014703711076,0.415336007563267,0.415336007563267,0.084663992436733
TT,SY,FZ,AC,"['TT', 'SY', 'FZ', 'AC']",TT + SY,FZ + AC,TT|SY|FZ|AC,"AC,FZ||SY,TT",False,True,0.4675516750385165,0.28741014703711076,0.415336007563267,0.415336007563267,0.084663992436733
AC,NS,FZ,TT,"['AC', 'NS', 'FZ', 'TT']",AC + NS,FZ + TT,AC|NS|FZ|TT,"AC,NS||FZ,TT",False,False,0.440193444291448,0.2851632052736512,0.4150853372288889,0.4150853372288889,0.0849146627711111
TT,SY,RS,CH,"['TT', 'SY', 'RS', 'CH']",TT + SY,RS + CH,TT|SY|RS|CH,"CH,RS||SY,TT",False,True,0.4833835811356981,0.8710436211318979,0.5850623345803514,0.5850623345803514,0.0850623345803514
SY,TT,RS,CH,"['SY', 'TT', 'RS', 'CH']",SY + TT,RS + CH,SY|TT|RS|CH,"CH,RS||SY,TT",False,True,0.4833835811356981,0.8710436211318979,0.5854997061400796,0.5854997061400796,0.08549970614007962
NS,SY,RS,CH,"['NS', 'SY', 'RS', 'CH']",NS + SY,RS + CH,NS|SY|RS|CH,"CH,RS||NS,SY",False,False,0.5092280073206259,0.9436722992338588,0.5872941356007336,0.5872941356007336,0.08729413560073362
AC,SY,TT,CH,"['AC', 'SY', 'TT', 'CH']",AC + SY,TT + CH,AC|SY|TT|CH,"AC,SY||CH,TT",False,True,0.4919841974001058,0.5832165966856525,0.5886875018284315,0.5886875018284315,0.08868750182843155
RS,CH,FZ,TT,"['RS', 'CH', 'FZ', 'TT']",RS + CH,FZ + TT,RS|CH|FZ|TT,"CH,RS||FZ,TT",False,True,0.4815422308274213,0.06882723028288588,0.5891210357834591,0.5891210357834591,0.08912103578345909
AC,SY,CH,RS,"['AC', 'SY', 'CH', 'RS']",AC + SY,CH + RS,AC|SY|CH|RS,"AC,SY||CH,RS",False,False,0.48079220960789676,0.9023555923723083,0.5895638034280168,0.5895638034280168,0.08956380342801684
TT,FZ,TD,SY,"['TT', 'FZ', 'TD', 'SY']",TT + FZ,TD + SY,TT|FZ|TD|SY,"FZ,TT||SY,TD",False,True,0.5283406729282266,0.6599853484942142,0.5896108632401195,0.5896108632401195,0.08961086324011946
AC,FZ,NS,SY,"['AC', 'FZ', 'NS', 'SY']",AC + FZ,NS + SY,AC|FZ|NS|SY,"AC,FZ||NS,SY",False,False,0.506642007141963,0.5289478226898774,0.5901691532711393,0.5901691532711393,0.09016915327113928
CH,RS,AC,TT,"['CH', 'RS', 'AC', 'TT']",CH + RS,AC + TT,CH|RS|AC|TT,"AC,TT||CH,RS",False,False,0.5670729583221866,0.3038266432584884,0.5912726031823429,0.5912726031823429,0.09127260318234287
CH,RS,TT,AC,"['CH', 'RS', 'TT', 'AC']",CH + RS,TT + AC,CH|RS|TT|AC,"AC,TT||CH,RS",False,False,0.5670729583221866,0.3038266432584884,0.5914208846664882,0.5914208846664882,0.09142088466648823
AC,SY,FZ,TT,"['AC', 'SY', 'FZ', 'TT']",AC + SY,FZ + TT,AC|SY|FZ|TT,"AC,SY||FZ,TT",False,True,0.46238777952295623,0.4150147998464636,0.4072165247571303,0.4072165247571303,0.09278347524286967
SY,AC,FZ,RS,"['SY', 'AC', 'FZ', 'RS']",SY + AC,FZ + RS,SY|AC|FZ|RS,"AC,SY||FZ,RS",False,False,0.45127099628146883,0.816562453957105,0.5931924393611129,0.5931924393611129,0.09319243936111288
RS,FZ,TT,CH,"['RS', 'FZ', 'TT', 'CH']",RS + FZ,TT + CH,RS|FZ|TT|CH,"CH,TT||FZ,RS",False,False,0.5407769113032561,0.2396381026438737,0.5941228038312862,0.5941228038312862,0.09412280383128624
RS,FZ,CH,TT,"['RS', 'FZ', 'CH', 'TT']",RS + FZ,CH + TT,RS|FZ|CH|TT,"CH,TT||FZ,RS",False,False,0.5407769113032561,0.2396381026438737,0.5942692414628232,0.5942692414628232,0.09426924146282323
TT,SY,CH,RS,"['TT', 'SY', 'CH', 'RS']",TT + SY,CH + RS,TT|SY|CH|RS,"CH,RS||SY,TT",False,True,0.4833835811356981,0.8710436211318979,0.595413982583094,0.595413982583094,0.09541398258309397
SY,TT,CH,RS,"['SY', 'TT', 'CH', 'RS']",SY + TT,CH + RS,SY|TT|CH|RS,"CH,RS||SY,TT",False,True,0.4833835811356981,0.8710436211318979,0.5958479801949715,0.5958479801949715,0.09584798019497154
SY,TT,CH,FZ,"['SY', 'TT', 'CH', 'FZ']",SY + TT,CH + FZ,SY|TT|CH|FZ,"CH,FZ||SY,TT",False,True,0.41214824603008404,0.11458161447605858,0.4037473086429325,0.4037473086429325,0.09625269135706749
TT,SY,CH,FZ,"['TT', 'SY', 'CH', 'FZ']",TT + SY,CH + FZ,TT|SY|CH|FZ,"CH,FZ||SY,TT",True,True,0.41214824603008404,0.11458161447605858,0.4037473086429325,0.4037473086429325,0.09625269135706749
RS,CH,FZ,NS,"['RS', 'CH', 'FZ', 'NS']",RS + CH,FZ + NS,RS|CH|FZ|NS,"CH,RS||FZ,NS",False,False,0.4557979377141646,0.02617210526005344,0.5967804443027768,0.5967804443027768,0.09678044430277677
RS,SY,FZ,NS,"['RS', 'SY', 'FZ', 'NS']",RS + SY,FZ + NS,RS|SY|FZ|NS,"FZ,NS||RS,SY",False,False,0.45042389070560046,0.028336921670856552,0.5968766723204026,0.5968766723204026,0.09687667232040265
AC,SY,RS,CH,"['AC', 'SY', 'RS', 'CH']",AC + SY,RS + CH,AC|SY|RS|CH,"AC,SY||CH,RS",False,False,0.48079220960789676,0.9023555923723083,0.5973511661389852,0.5973511661389852,0.0973511661389852
CH,NS,FZ,TD,"['CH', 'NS', 'FZ', 'TD']",CH + NS,FZ + TD,CH|NS|FZ|TD,"CH,NS||FZ,TD",False,True,0.4894686163403104,0.5373309275194997,0.597447227308148,0.597447227308148,0.09744722730814803
NS,SY,CH,RS,"['NS', 'SY', 'CH', 'RS']",NS + SY,CH + RS,NS|SY|CH|RS,"CH,RS||NS,SY",False,False,0.5092280073206259,0.9436722992338588,0.5976283977311768,0.5976283977311768,0.09762839773117682
CH,RS,AC,FZ,"['CH', 'RS', 'AC', 'FZ']",CH + RS,AC + FZ,CH|RS|AC|FZ,"AC,FZ||CH,RS",False,False,0.48413387543456987,0.04953540144865086,0.5992272602486818,0.5992272602486818,0.09922726024868178
RS,SY,TD,CH,"['RS', 'SY', 'TD', 'CH']",RS + SY,TD + CH,RS|SY|TD|CH,"CH,TD||RS,SY",False,True,0.4990613587261508,0.1515764744618009,0.6007355656888185,0.6007355656888185,0.10073556568881847
RS,SY,CH,TD,"['RS', 'SY', 'CH', 'TD']",RS + SY,CH + TD,RS|SY|CH|TD,"CH,TD||RS,SY",False,True,0.4990613587261508,0.1515764744618009,0.600813041017841,0.600813041017841,0.10081304101784105
RS,SY,CH,NS,"['RS', 'SY', 'CH', 'NS']",RS + SY,CH + NS,RS|SY|CH|NS,"CH,NS||RS,SY",False,False,0.4799381568758626,0.06434773460636181,0.6011225628560959,0.6011225628560959,0.10112256285609589
NS,CH,FZ,TT,"['NS', 'CH', 'FZ', 'TT']",NS + CH,FZ + TT,NS|CH|FZ|TT,"CH,NS||FZ,TT",True,True,0.4961847509071205,0.5257312737090597,0.6015416719174747,0.6015416719174747,0.10154167191747465
TT,SY,FZ,CH,"['TT', 'SY', 'FZ', 'CH']",TT + SY,FZ + CH,TT|SY|FZ|CH,"CH,FZ||SY,TT",False,True,0.41214824603008404,0.11458161447605858,0.39771966259474256,0.39771966259474256,0.10228033740525744
NS,CH,FZ,RS,"['NS', 'CH', 'FZ', 'RS']",NS + CH,FZ + RS,NS|CH|FZ|RS,"CH,NS||FZ,RS",False,False,0.4849884317005738,0.8769590216514759,0.6037266698585456,0.6037266698585456,0.10372666985854562
RS,TD,NS,TT,"['RS', 'TD', 'NS', 'TT']",RS + TD,NS + TT,RS|TD|NS|TT,"NS,TT||RS,TD",False,False,0.4920674465825986,0.061323614078593776,0.39618793046229744,0.39618793046229744,0.10381206953770256
TD,RS,NS,TT,"['TD', 'RS', 'NS', 'TT']",TD + RS,NS + TT,TD|RS|NS|TT,"NS,TT||RS,TD",False,False,0.4920674465825986,0.061323614078593776,0.39618793046229744,0.39618793046229744,0.10381206953770256
RS,TD,TT,NS,"['RS', 'TD', 'TT', 'NS']",RS + TD,TT + NS,RS|TD|TT|NS,"NS,TT||RS,TD",False,False,0.4920674465825986,0.061323614078593776,0.3959557359633708,0.3959557359633708,0.1040442640366292
TD,RS,TT,NS,"['TD', 'RS', 'TT', 'NS']",TD + RS,TT + NS,TD|RS|TT|NS,"NS,TT||RS,TD",False,False,0.4920674465825986,0.061323614078593776,0.3959557359633708,0.3959557359633708,0.1040442640366292
NS,CH,FZ,TD,"['NS', 'CH', 'FZ', 'TD']",NS + CH,FZ + TD,NS|CH|FZ|TD,"CH,NS||FZ,TD",False,True,0.4894686163403104,0.5373309275194997,0.3942178188898488,0.3942178188898488,0.1057821811101512
SY,RS,TT,TD,"['SY', 'RS', 'TT', 'TD']",SY + RS,TT + TD,SY|RS|TT|TD,"RS,SY||TD,TT",False,True,0.5525507893187958,0.385397188681885,0.6071972470619232,0.6071972470619232,0.10719724706192324
SY,RS,TD,TT,"['SY', 'RS', 'TD', 'TT']",SY + RS,TD + TT,SY|RS|TD|TT,"RS,SY||TD,TT",False,True,0.5525507893187958,0.385397188681885,0.6074287474830036,0.6074287474830036,0.10742874748300357
RS,SY,NS,CH,"['RS', 'SY', 'NS', 'CH']",RS + SY,NS + CH,RS|SY|NS|CH,"CH,NS||RS,SY",False,False,0.4799381568758626,0.06434773460636181,0.6088361238153162,0.6088361238153162,0.10883612381531615
FZ,TD,SY,NS,"['FZ', 'TD', 'SY', 'NS']",FZ + TD,SY + NS,FZ|TD|SY|NS,"FZ,TD||NS,SY",False,True,0.5159493106396584,0.44836932689671233,0.6102657314798067,0.6102657314798067,0.11026573147980667
AC,NS,CH,FZ,"['AC', 'NS', 'CH', 'FZ']",AC + NS,CH + FZ,AC|NS|CH|FZ,"AC,NS||CH,FZ",False,True,0.3881455804998859,0.08291325075961947,0.3896292160848773,0.3896292160848773,0.11037078391512273
FZ,TT,AC,SY,"['FZ', 'TT', 'AC', 'SY']",FZ + TT,AC + SY,FZ|TT|AC|SY,"AC,SY||FZ,TT",True,True,0.5376122204770438,0.5849852001535364,0.6105696836385998,0.6105696836385998,0.11056968363859976
NS,CH,RS,FZ,"['NS', 'CH', 'RS', 'FZ']",NS + CH,RS + FZ,NS|CH|RS|FZ,"CH,NS||FZ,RS",False,False,0.4849884317005738,0.8769590216514759,0.6115119819830844,0.6115119819830844,0.11151198198308443
SY,TT,FZ,TD,"['SY', 'TT', 'FZ', 'TD']",SY + TT,FZ + TD,SY|TT|FZ|TD,"FZ,TD||SY,TT",False,False,0.4582908330783272,0.36192339484791014,0.38838705264436907,0.38838705264436907,0.11161294735563093
TT,SY,FZ,TD,"['TT', 'SY', 'FZ', 'TD']",TT + SY,FZ + TD,TT|SY|FZ|TD,"FZ,TD||SY,TT",False,False,0.4582908330783272,0.36192339484791014,0.38838705264436907,0.38838705264436907,0.11161294735563093
TT,FZ,TD,CH,"['TT', 'FZ', 'TD', 'CH']",TT + FZ,TD + CH,TT|FZ|TD|CH,"CH,TD||FZ,TT",False,False,0.5229331981696913,0.6731545942432633,0.38787243373717994,0.38787243373717994,0.11212756626282006
AC,NS,SY,FZ,"['AC', 'NS', 'SY', 'FZ']",AC + NS,SY + FZ,AC|NS|SY|FZ,"AC,NS||FZ,SY",False,True,0.3933083474976398,0.07758790735791529,0.6150813945357003,0.6150813945357003,0.11508139453570032
AC,NS,FZ,CH,"['AC', 'NS', 'FZ', 'CH']",AC + NS,FZ + CH,AC|NS|FZ|CH,"AC,NS||CH,FZ",False,True,0.3881455804998859,0.08291325075961947,0.38367671466786746,0.38367671466786746,0.11632328533213254
RS,CH,AC,TT,"['RS', 'CH', 'AC', 'TT']",RS + CH,AC + TT,RS|CH|AC|TT,"AC,TT||CH,RS",False,False,0.5670729583221866,0.3038266432584884,0.6167355357446153,0.6167355357446153,0.11673553574461526
RS,CH,TT,AC,"['RS', 'CH', 'TT', 'AC']",RS + CH,TT + AC,RS|CH|TT|AC,"AC,TT||CH,RS",False,False,0.5670729583221866,0.3038266432584884,0.6168805651813807,0.6168805651813807,0.11688056518138068
SY,TD,FZ,TT,"['SY', 'TD', 'FZ', 'TT']",SY + TD,FZ + TT,SY|TD|FZ|TT,"FZ,TT||SY,TD",False,True,0.4716593270717734,0.3400146515057858,0.6172339011488382,0.6172339011488382,0.11723390114883825
TD,SY,FZ,TT,"['TD', 'SY', 'FZ', 'TT']",TD + SY,FZ + TT,TD|SY|FZ|TT,"FZ,TT||SY,TD",False,True,0.4716593270717734,0.3400146515057858,0.6172339011488382,0.6172339011488382,0.11723390114883825
SY,TT,FZ,RS,"['SY', 'TT', 'FZ', 'RS']",SY + TT,FZ + RS,SY|TT|FZ|RS,"FZ,RS||SY,TT",False,True,0.45384233630582355,0.7704842619894646,0.38181817484729424,0.38181817484729424,0.11818182515270576
TT,SY,FZ,RS,"['TT', 'SY', 'FZ', 'RS']",TT + SY,FZ + RS,TT|SY|FZ|RS,"FZ,RS||SY,TT",False,True,0.45384233630582355,0.7704842619894646,0.3813929560477201,0.3813929560477201,0.11860704395227989
TD,NS,FZ,TT,"['TD', 'NS', 'FZ', 'TT']",TD + NS,FZ + TT,TD|NS|FZ|TT,"FZ,TT||NS,TD",False,False,0.44939196421022737,0.22362669248213585,0.38065173981214845,0.38065173981214845,0.11934826018785155
FZ,TD,SY,RS,"['FZ', 'TD', 'SY', 'RS']",FZ + TD,SY + RS,FZ|TD|SY|RS,"FZ,TD||RS,SY",False,False,0.5305673937943051,0.9211774338609312,0.6199262153159194,0.6199262153159194,0.1199262153159194
RS,CH,AC,FZ,"['RS', 'CH', 'AC', 'FZ']",RS + CH,AC + FZ,RS|CH|AC|FZ,"AC,FZ||CH,RS",False,False,0.48413387543456987,0.04953540144865086,0.6245093407438547,0.6245093407438547,0.12450934074385467
AC,NS,FZ,SY,"['AC', 'NS', 'FZ', 'SY']",AC + NS,FZ + SY,AC|NS|FZ|SY,"AC,NS||FZ,SY",False,True,0.3933083474976398,0.07758790735791529,0.6266872145200184,0.6266872145200184,0.1266872145200184
SY,AC,RS,FZ,"['SY', 'AC', 'RS', 'FZ']",SY + AC,RS + FZ,SY|AC|RS|FZ,"AC,SY||FZ,RS",False,False,0.45127099628146883,0.816562453957105,0.6268873775377855,0.6268873775377855,0.12688737753778545
AC,FZ,RS,CH,"['AC', 'FZ', 'RS', 'CH']",AC + FZ,RS + CH,AC|FZ|RS|CH,"AC,FZ||CH,RS",False,False,0.5158661245654302,0.9504645985513491,0.627361179753164,0.627361179753164,0.12736117975316397
CH,NS,AC,FZ,"['CH', 'NS', 'AC', 'FZ']",CH + NS,AC + FZ,CH|NS|AC|FZ,"AC,FZ||CH,NS",False,True,0.4987793866278612,0.45648617945661896,0.3716083064622413,0.3716083064622413,0.1283916935377587
FZ,TD,RS,SY,"['FZ', 'TD', 'RS', 'SY']",FZ + TD,RS + SY,FZ|TD|RS|SY,"FZ,TD||RS,SY",False,False,0.5305673937943051,0.9211774338609312,0.6287121329554669,0.6287121329554669,0.1287121329554669
TD,FZ,RS,CH,"['TD', 'FZ', 'RS', 'CH']",TD + FZ,RS + CH,TD|FZ|RS|CH,"CH,RS||FZ,TD",False,False,0.5251625042550142,0.9260325859465581,0.629243365716796,0.629243365716796,0.12924336571679595
CH,RS,FZ,AC,"['CH', 'RS', 'FZ', 'AC']",CH + RS,FZ + AC,CH|RS|FZ|AC,"AC,FZ||CH,RS",False,False,0.48413387543456987,0.04953540144865086,0.6293227887333532,0.6293227887333532,0.12932278873335323
FZ,RS,CH,TT,"['FZ', 'RS', 'CH', 'TT']",FZ + RS,CH + TT,FZ|RS|CH|TT,"CH,TT||FZ,RS",False,False,0.5407769113032561,0.2396381026438737,0.6293890340549333,0.6293890340549333,0.1293890340549333
FZ,RS,TT,CH,"['FZ', 'RS', 'TT', 'CH']",FZ + RS,TT + CH,FZ|RS|TT|CH,"CH,TT||FZ,RS",False,False,0.5407769113032561,0.2396381026438737,0.6296169031076532,0.6296169031076532,0.12961690310765317
SY,TT,RS,FZ,"['SY', 'TT', 'RS', 'FZ']",SY + TT,RS + FZ,SY|TT|RS|FZ,"FZ,RS||SY,TT",False,True,0.45384233630582355,0.7704842619894646,0.36938620695462654,0.36938620695462654,0.13061379304537346
FZ,TT,TD,CH,"['FZ', 'TT', 'TD', 'CH']",FZ + TT,TD + CH,FZ|TT|TD|CH,"CH,TD||FZ,TT",False,False,0.5229331981696913,0.6731545942432633,0.630769215713559,0.630769215713559,0.13076921571355904
TT,SY,RS,FZ,"['TT', 'SY', 'RS', 'FZ']",TT + SY,RS + FZ,TT|SY|RS|FZ,"FZ,RS||SY,TT",False,True,0.45384233630582355,0.7704842619894646,0.3689665696962015,0.3689665696962015,0.1310334303037985
TT,SY,AC,FZ,"['TT', 'SY', 'AC', 'FZ']",TT + SY,AC + FZ,TT|SY|AC|FZ,"AC,FZ||SY,TT",False,True,0.4675516750385165,0.28741014703711076,0.3677536700554582,0.3677536700554582,0.13224632994454177
RS,SY,TT,TD,"['RS', 'SY', 'TT', 'TD']",RS + SY,TT + TD,RS|SY|TT|TD,"RS,SY||TD,TT",False,True,0.5525507893187958,0.385397188681885,0.6322850803323926,0.6322850803323926,0.1322850803323926
TT,FZ,AC,SY,"['TT', 'FZ', 'AC', 'SY']",TT + FZ,AC + SY,TT|FZ|AC|SY,"AC,SY||FZ,TT",False,True,0.5376122204770438,0.5849852001535364,0.3677050438427596,0.3677050438427596,0.1322949561572404
RS,SY,TD,TT,"['RS', 'SY', 'TD', 'TT']",RS + SY,TD + TT,RS|SY|TD|TT,"RS,SY||TD,TT",False,True,0.5525507893187958,0.385397188681885,0.6325107437072156,0.6325107437072156,0.1325107437072156
SY,TT,AC,FZ,"['SY', 'TT', 'AC', 'FZ']",SY + TT,AC + FZ,SY|TT|AC|FZ,"AC,FZ||SY,TT",False,True,0.4675516750385165,0.28741014703711076,0.3673853748373615,0.3673853748373615,0.1326146251626385
RS,TD,AC,NS,"['RS', 'TD', 'AC', 'NS']",RS + TD,AC + NS,RS|TD|AC|NS,"AC,NS||RS,TD",False,False,0.494661691134208,0.04402401746973926,0.6329388385445168,0.6329388385445168,0.13293883854451682
RS,TD,NS,AC,"['RS', 'TD', 'NS', 'AC']",RS + TD,NS + AC,RS|TD|NS|AC,"AC,NS||RS,TD",False,False,0.494661691134208,0.04402401746973926,0.6329388385445168,0.6329388385445168,0.13293883854451682
TD,RS,AC,NS,"['TD', 'RS', 'AC', 'NS']",TD + RS,AC + NS,TD|RS|AC|NS,"AC,NS||RS,TD",False,False,0.494661691134208,0.04402401746973926,0.6329388385445168,0.6329388385445168,0.13293883854451682
TD,RS,NS,AC,"['TD', 'RS', 'NS', 'AC']",TD + RS,NS + AC,TD|RS|NS|AC,"AC,NS||RS,TD",False,False,0.494661691134208,0.04402401746973926,0.6329388385445168,0.6329388385445168,0.13293883854451682
NS,AC,CH,TD,"['NS', 'AC', 'CH', 'TD']",NS + AC,CH + TD,NS|AC|CH|TD,"AC,NS||CH,TD",False,False,0.4629232310617738,0.454291291071463,0.6371435626691809,0.6371435626691809,0.13714356266918093
AC,FZ,CH,RS,"['AC', 'FZ', 'CH', 'RS']",AC + FZ,CH + RS,AC|FZ|CH|RS,"AC,FZ||CH,RS",False,False,0.5158661245654302,0.9504645985513491,0.6373117420678716,0.6373117420678716,0.13731174206787156
TD,FZ,CH,RS,"['TD', 'FZ', 'CH', 'RS']",TD + FZ,CH + RS,TD|FZ|CH|RS,"CH,RS||FZ,TD",False,False,0.5251625042550142,0.9260325859465581,0.6390980726531398,0.6390980726531398,0.13909807265313978
AC,NS,CH,SY,"['AC', 'NS', 'CH', 'SY']",AC + NS,CH + SY,AC|NS|CH|SY,"AC,NS||CH,SY",False,False,0.4219535240211766,0.15918133252437827,0.6397872960915355,0.6397872960915355,0.1397872960915355
NS,CH,SY,AC,"['NS', 'CH', 'SY', 'AC']",NS + CH,SY + AC,NS|CH|SY|AC,"AC,SY||CH,NS",False,True,0.5338163819860793,0.6107571299036549,0.63997123059768,0.63997123059768,0.13997123059768002
TD,FZ,NS,SY,"['TD', 'FZ', 'NS', 'SY']",TD + FZ,NS + SY,TD|FZ|NS|SY,"FZ,TD||NS,SY",False,True,0.5159493106396584,0.44836932689671233,0.6415922418147955,0.6415922418147955,0.14159224181479546
FZ,TD,AC,SY,"['FZ', 'TD', 'AC', 'SY']",FZ + TD,AC + SY,FZ|TD|AC|SY,"AC,SY||FZ,TD",True,True,0.5442846806492296,0.5726707944744202,0.6441377698118941,0.6441377698118941,0.14413776981189408
NS,AC,TD,CH,"['NS', 'AC', 'TD', 'CH']",NS + AC,TD + CH,NS|AC|TD|CH,"AC,NS||CH,TD",False,False,0.4629232310617738,0.454291291071463,0.6445724124925277,0.6445724124925277,0.14457241249252772
TT,FZ,CH,RS,"['TT', 'FZ', 'CH', 'RS']",TT + FZ,CH + RS,TT|FZ|CH|RS,"CH,RS||FZ,TT",False,True,0.5184577691725787,0.9311727697171142,0.35479572662671194,0.35479572662671194,0.14520427337328806
NS,SY,AC,FZ,"['NS', 'SY', 'AC', 'FZ']",NS + SY,AC + FZ,NS|SY|AC|FZ,"AC,FZ||NS,SY",False,False,0.493357992858037,0.47105217731012256,0.6455534541318012,0.6455534541318012,0.1455534541318012
AC,NS,FZ,TD,"['AC', 'NS', 'FZ', 'TD']",AC + NS,FZ + TD,AC|NS|FZ|TD,"AC,NS||FZ,TD",False,False,0.43358295792576346,0.29691516005810303,0.35438506453164326,0.35438506453164326,0.14561493546835674
AC,NS,SY,CH,"['AC', 'NS', 'SY', 'CH']",AC + NS,SY + CH,AC|NS|SY|CH,"AC,NS||CH,SY",False,False,0.4219535240211766,0.15918133252437827,0.6471919914023602,0.6471919914023602,0.14719199140236017
FZ,TT,SY,CH,"['FZ', 'TT', 'SY', 'CH']",FZ + TT,SY + CH,FZ|TT|SY|CH,"CH,SY||FZ,TT",False,True,0.4814130471255632,0.3363612266145485,0.6477933879069342,0.6477933879069342,0.1477933879069342
RS,CH,FZ,AC,"['RS', 'CH', 'FZ', 'AC']",RS + CH,FZ + AC,RS|CH|FZ|AC,"AC,FZ||CH,RS",False,False,0.48413387543456987,0.04953540144865086,0.6538031951427625,0.6538031951427625,0.15380319514276253
TT,FZ,RS,CH,"['TT', 'FZ', 'RS', 'CH']",TT + FZ,RS + CH,TT|FZ|RS|CH,"CH,RS||FZ,TT",False,True,0.5184577691725787,0.9311727697171142,0.3451325693830619,0.3451325693830619,0.15486743061693808
FZ,TT,CH,SY,"['FZ', 'TT', 'CH', 'SY']",FZ + TT,CH + SY,FZ|TT|CH|SY,"CH,SY||FZ,TT",False,True,0.4814130471255632,0.3363612266145485,0.6574234698779265,0.6574234698779265,0.15742346987792655
RS,FZ,NS,CH,"['RS', 'FZ', 'NS', 'CH']",RS + FZ,NS + CH,RS|FZ|NS|CH,"CH,NS||FZ,RS",False,False,0.5150115682994262,0.12304097834852412,0.6574643434750804,0.6574643434750804,0.15746434347508043
SY,TT,TD,FZ,"['SY', 'TT', 'TD', 'FZ']",SY + TT,TD + FZ,SY|TT|TD|FZ,"FZ,TD||SY,TT",False,False,0.4582908330783272,0.36192339484791014,0.34208566979668414,0.34208566979668414,0.15791433020331586
TT,SY,TD,FZ,"['TT', 'SY', 'TD', 'FZ']",TT + SY,TD + FZ,TT|SY|TD|FZ,"FZ,TD||SY,TT",False,False,0.4582908330783272,0.36192339484791014,0.34208566979668414,0.34208566979668414,0.15791433020331586
TD,TT,SY,CH,"['TD', 'TT', 'SY', 'CH']",TD + TT,SY + CH,TD|TT|SY|CH,"CH,SY||TD,TT",False,True,0.40590594525254314,0.047969377421874945,0.34207659207050056,0.34207659207050056,0.15792340792949944
TD,TT,AC,SY,"['TD', 'TT', 'AC', 'SY']",TD + TT,AC + SY,TD|TT|AC|SY,"AC,SY||TD,TT",False,True,0.4611284834799346,0.15129264880219123,0.34185728577653585,0.34185728577653585,0.15814271422346415
TD,TT,SY,AC,"['TD', 'TT', 'SY', 'AC']",TD + TT,SY + AC,TD|TT|SY|AC,"AC,SY||TD,TT",False,True,0.4611284834799346,0.15129264880219123,0.34185728577653585,0.34185728577653585,0.15814271422346415
TT,TD,AC,SY,"['TT', 'TD', 'AC', 'SY']",TT + TD,AC + SY,TT|TD|AC|SY,"AC,SY||TD,TT",False,True,0.4611284834799346,0.15129264880219123,0.34185728577653585,0.34185728577653585,0.15814271422346415
TT,TD,SY,AC,"['TT', 'TD', 'SY', 'AC']",TT + TD,SY + AC,TT|TD|SY|AC,"AC,SY||TD,TT",False,True,0.4611284834799346,0.15129264880219123,0.34185728577653585,0.34185728577653585,0.15814271422346415
AC,FZ,SY,RS,"['AC', 'FZ', 'SY', 'RS']",AC + FZ,SY + RS,AC|FZ|SY|RS,"AC,FZ||RS,SY",False,False,0.5212803720622129,0.9468517207597057,0.662637757649381,0.662637757649381,0.16263775764938104
TD,TT,CH,SY,"['TD', 'TT', 'CH', 'SY']",TD + TT,CH + SY,TD|TT|CH|SY,"CH,SY||TD,TT",False,True,0.40590594525254314,0.047969377421874945,0.334849588757879,0.334849588757879,0.165150411242121
AC,NS,TD,FZ,"['AC', 'NS', 'TD', 'FZ']",AC + NS,TD + FZ,AC|NS|TD|FZ,"AC,NS||FZ,TD",False,False,0.43358295792576346,0.29691516005810303,0.33423293904385576,0.33423293904385576,0.16576706095614424
RS,SY,CH,FZ,"['RS', 'SY', 'CH', 'FZ']",RS + SY,CH + FZ,RS|SY|CH|FZ,"CH,FZ||RS,SY",False,False,0.42304428183671067,0.013589532867697585,0.3334828100592305,0.3334828100592305,0.16651718994076953
AC,FZ,RS,SY,"['AC', 'FZ', 'RS', 'SY']",AC + FZ,RS + SY,AC|FZ|RS|SY,"AC,FZ||RS,SY",False,False,0.5212803720622129,0.9468517207597057,0.670960390342951,0.670960390342951,0.17096039034295096
TD,NS,SY,AC,"['TD', 'NS', 'SY', 'AC']",TD + NS,SY + AC,TD|NS|SY|AC,"AC,SY||NS,TD",False,True,0.48690447638669015,0.2902957581164661,0.32855358826717507,0.32855358826717507,0.17144641173282493
TD,NS,AC,SY,"['TD', 'NS', 'AC', 'SY']",TD + NS,AC + SY,TD|NS|AC|SY,"AC,SY||NS,TD",False,True,0.48690447638669015,0.2902957581164661,0.3284823313365154,0.3284823313365154,0.1715176686634846
RS,SY,FZ,CH,"['RS', 'SY', 'FZ', 'CH']",RS + SY,FZ + CH,RS|SY|FZ|CH,"CH,FZ||RS,SY",False,False,0.42304428183671067,0.013589532867697585,0.3279272331180634,0.3279272331180634,0.17207276688193662
CH,TD,AC,SY,"['CH', 'TD', 'AC', 'SY']",CH + TD,AC + SY,CH|TD|AC|SY,"AC,SY||CH,TD",False,True,0.5147298443065292,0.40589758554654554,0.6720997281182811,0.6720997281182811,0.17209972811828111
CH,TD,SY,AC,"['CH', 'TD', 'SY', 'AC']",CH + TD,SY + AC,CH|TD|SY|AC,"AC,SY||CH,TD",True,True,0.5147298443065292,0.40589758554654554,0.6720997281182811,0.6720997281182811,0.17209972811828111
TD,CH,AC,SY,"['TD', 'CH', 'AC', 'SY']",TD + CH,AC + SY,TD|CH|AC|SY,"AC,SY||CH,TD",False,True,0.5147298443065292,0.40589758554654554,0.6720997281182811,0.6720997281182811,0.17209972811828111
TD,CH,SY,AC,"['TD', 'CH', 'SY', 'AC']",TD + CH,SY + AC,TD|CH|SY|AC,"AC,SY||CH,TD",False,True,0.5147298443065292,0.40589758554654554,0.6720997281182811,0.6720997281182811,0.17209972811828111
RS,TT,AC,TD,"['RS', 'TT', 'AC', 'TD']",RS + TT,AC + TD,RS|TT|AC|TD,"AC,TD||RS,TT",False,False,0.5070773743256601,0.11402414839669345,0.3267450847294238,0.3267450847294238,0.17325491527057618
RS,TT,TD,AC,"['RS', 'TT', 'TD', 'AC']",RS + TT,TD + AC,RS|TT|TD|AC,"AC,TD||RS,TT",False,False,0.5070773743256601,0.11402414839669345,0.3267450847294238,0.3267450847294238,0.17325491527057618
TT,RS,AC,TD,"['TT', 'RS', 'AC', 'TD']",TT + RS,AC + TD,TT|RS|AC|TD,"AC,TD||RS,TT",False,False,0.5070773743256601,0.11402414839669345,0.3267450847294238,0.3267450847294238,0.17325491527057618
TT,RS,TD,AC,"['TT', 'RS', 'TD', 'AC']",TT + RS,TD + AC,TT|RS|TD|AC,"AC,TD||RS,TT",False,False,0.5070773743256601,0.11402414839669345,0.3267450847294238,0.3267450847294238,0.17325491527057618
CH,NS,FZ,RS,"['CH', 'NS', 'FZ', 'RS']",CH + NS,FZ + RS,CH|NS|FZ|RS,"CH,NS||FZ,RS",False,False,0.4849884317005738,0.8769590216514759,0.6747834508894326,0.6747834508894326,0.1747834508894326
NS,CH,SY,RS,"['NS', 'CH', 'SY', 'RS']",NS + CH,SY + RS,NS|CH|SY|RS,"CH,NS||RS,SY",False,False,0.5200618431241374,0.9356522653936382,0.6754061409612473,0.6754061409612473,0.1754061409612473
AC,TD,SY,CH,"['AC', 'TD', 'SY', 'CH']",AC + TD,SY + CH,AC|TD|SY|CH,"AC,TD||CH,SY",False,False,0.4034055931108018,0.06679851975641367,0.3203323677413162,0.3203323677413162,0.17966763225868382
TT,FZ,AC,CH,"['TT', 'FZ', 'AC', 'CH']",TT + FZ,AC + CH,TT|FZ|AC|CH,"AC,CH||FZ,TT",True,True,0.5322169292426824,0.5991826513051525,0.6796766961862039,0.6796766961862039,0.17967669618620385
AC,FZ,NS,RS,"['AC', 'FZ', 'NS', 'RS']",AC + FZ,NS + RS,AC|FZ|NS|RS,"AC,FZ||NS,RS",False,False,0.5435931168017333,0.9734575149164258,0.6798437414537886,0.6798437414537886,0.17984374145378856
TT,TD,SY,CH,"['TT', 'TD', 'SY', 'CH']",TT + TD,SY + CH,TT|TD|SY|CH,"CH,SY||TD,TT",False,True,0.40590594525254314,0.047969377421874945,0.31848557369497055,0.31848557369497055,0.18151442630502945
CH,RS,TT,TD,"['CH', 'RS', 'TT', 'TD']",CH + RS,TT + TD,CH|RS|TT|TD,"CH,RS||TD,TT",False,False,0.5579063670127455,0.37281976063259614,0.6815784319698521,0.6815784319698521,0.18157843196985213
CH,RS,TD,TT,"['CH', 'RS', 'TD', 'TT']",CH + RS,TD + TT,CH|RS|TD|TT,"CH,RS||TD,TT",False,False,0.5579063670127455,0.37281976063259614,0.6817890688585817,0.6817890688585817,0.1817890688585817
NS,TD,SY,CH,"['NS', 'TD', 'SY', 'CH']",NS + TD,SY + CH,NS|TD|SY|CH,"CH,SY||NS,TD",False,True,0.431064388241462,0.11762897273809447,0.31820201952770005,0.31820201952770005,0.18179798047229995
CH,NS,RS,FZ,"['CH', 'NS', 'RS', 'FZ']",CH + NS,RS + FZ,CH|NS|RS|FZ,"CH,NS||FZ,RS",False,False,0.4849884317005738,0.8769590216514759,0.6819082860007445,0.6819082860007445,0.1819082860007445
NS,CH,RS,SY,"['NS', 'CH', 'RS', 'SY']",NS + CH,RS + SY,NS|CH|RS|SY,"CH,NS||RS,SY",False,False,0.5200618431241374,0.9356522653936382,0.6835642025785954,0.6835642025785954,0.1835642025785954
TD,FZ,CH,TT,"['TD', 'FZ', 'CH', 'TT']",TD + FZ,CH + TT,TD|FZ|CH|TT,"CH,TT||FZ,TD",False,False,0.5363204497840712,0.6515486563135522,0.6852566186313651,0.6852566186313651,0.1852566186313651
FZ,TT,SY,AC,"['FZ', 'TT', 'SY', 'AC']",FZ + TT,SY + AC,FZ|TT|SY|AC,"AC,SY||FZ,TT",False,True,0.5376122204770438,0.5849852001535364,0.6864272535123923,0.6864272535123923,0.1864272535123923
NS,TD,AC,FZ,"['NS', 'TD', 'AC', 'FZ']",NS + TD,AC + FZ,NS|TD|AC|FZ,"AC,FZ||NS,TD",False,False,0.45196141612029217,0.17509292850347702,0.31356711888830474,0.31356711888830474,0.18643288111169526
SY,TT,CH,TD,"['SY', 'TT', 'CH', 'TD']",SY + TT,CH + TD,SY|TT|CH|TD,"CH,TD||SY,TT",False,True,0.48786298427480673,0.5261809464387658,0.31347567628896883,0.31347567628896883,0.18652432371103117
TT,SY,CH,TD,"['TT', 'SY', 'CH', 'TD']",TT + SY,CH + TD,TT|SY|CH|TD,"CH,TD||SY,TT",False,True,0.48786298427480673,0.5261809464387658,0.31347567628896883,0.31347567628896883,0.18652432371103117
AC,TD,CH,SY,"['AC', 'TD', 'CH', 'SY']",AC + TD,CH + SY,AC|TD|CH|SY,"AC,TD||CH,SY",False,False,0.4034055931108018,0.06679851975641367,0.3133459614946137,0.3133459614946137,0.1866540385053863
TT,AC,SY,TD,"['TT', 'AC', 'SY', 'TD']",TT + AC,SY + TD,TT|AC|SY|TD,"AC,TT||SY,TD",False,False,0.4426783608502167,0.2639877871214249,0.31306066415765316,0.31306066415765316,0.18693933584234684
TT,AC,TD,SY,"['TT', 'AC', 'TD', 'SY']",TT + AC,TD + SY,TT|AC|TD|SY,"AC,TT||SY,TD",False,False,0.4426783608502167,0.2639877871214249,0.31306066415765316,0.31306066415765316,0.18693933584234684
SY,NS,RS,CH,"['SY', 'NS', 'RS', 'CH']",SY + NS,RS + CH,SY|NS|RS|CH,"CH,RS||NS,SY",False,False,0.5092280073206259,0.9436722992338588,0.6869409534196695,0.6869409534196695,0.18694095341966954
TT,TD,CH,SY,"['TT', 'TD', 'CH', 'SY']",TT + TD,CH + SY,TT|TD|CH|SY,"CH,SY||TD,TT",False,True,0.40590594525254314,0.047969377421874945,0.31152098448383664,0.31152098448383664,0.18847901551616336
NS,TD,CH,SY,"['NS', 'TD', 'CH', 'SY']",NS + TD,CH + SY,NS|TD|CH|SY,"CH,SY||NS,TD",False,True,0.431064388241462,0.11762897273809447,0.3112407992272865,0.3112407992272865,0.18875920077271352
SY,AC,CH,RS,"['SY', 'AC', 'CH', 'RS']",SY + AC,CH + RS,SY|AC|CH|RS,"AC,SY||CH,RS",False,False,0.48079220960789676,0.9023555923723083,0.688952854443364,0.688952854443364,0.18895285444336396
SY,RS,CH,FZ,"['SY', 'RS', 'CH', 'FZ']",SY + RS,CH + FZ,SY|RS|CH|FZ,"CH,FZ||RS,SY",False,False,0.42304428183671067,0.013589532867697585,0.31024783434473985,0.31024783434473985,0.18975216565526015
NS,CH,AC,FZ,"['NS', 'CH', 'AC', 'FZ']",NS + CH,AC + FZ,NS|CH|AC|FZ,"AC,FZ||CH,NS",False,True,0.4987793866278612,0.45648617945661896,0.3099772041898566,0.3099772041898566,0.19002279581014342
TT,FZ,SY,TD,"['TT', 'FZ', 'SY', 'TD']",TT + FZ,SY + TD,TT|FZ|SY|TD,"FZ,TT||SY,TD",False,True,0.5283406729282266,0.6599853484942142,0.6902926694847786,0.6902926694847786,0.19029266948477863
FZ,RS,NS,CH,"['FZ', 'RS', 'NS', 'CH']",FZ + RS,NS + CH,FZ|RS|NS|CH,"CH,NS||FZ,RS",False,False,0.5150115682994262,0.12304097834852412,0.6903065962190983,0.6903065962190983,0.1903065962190983
NS,SY,RS,FZ,"['NS', 'SY', 'RS', 'FZ']",NS + SY,RS + FZ,NS|SY|RS|FZ,"FZ,RS||NS,SY",False,False,0.47957351185516817,0.8835257212132218,0.690907059643095,0.690907059643095,0.19090705964309496
SY,RS,CH,AC,"['SY', 'RS', 'CH', 'AC']",SY + RS,CH + AC,SY|RS|CH|AC,"AC,CH||RS,SY",False,False,0.5083729005027446,0.10972057811692548,0.6918223062607335,0.6918223062607335,0.1918223062607335
NS,TD,TT,FZ,"['NS', 'TD', 'TT', 'FZ']",NS + TD,TT + FZ,NS|TD|TT|FZ,"FZ,TT||NS,TD",False,False,0.44939196421022737,0.22362669248213585,0.3080217248963555,0.3080217248963555,0.1919782751036445
SY,RS,FZ,CH,"['SY', 'RS', 'FZ', 'CH']",SY + RS,FZ + CH,SY|RS|FZ|CH,"CH,FZ||RS,SY",False,False,0.42304428183671067,0.013589532867697585,0.3049022639971778,0.3049022639971778,0.1950977360028222
SY,TT,TD,CH,"['SY', 'TT', 'TD', 'CH']",SY + TT,TD + CH,SY|TT|TD|CH,"CH,TD||SY,TT",False,True,0.48786298427480673,0.5261809464387658,0.3044069486763641,0.3044069486763641,0.1955930513236359
TT,SY,TD,CH,"['TT', 'SY', 'TD', 'CH']",TT + SY,TD + CH,TT|SY|TD|CH,"CH,TD||SY,TT",False,True,0.48786298427480673,0.5261809464387658,0.3044069486763641,0.3044069486763641,0.1955930513236359
SY,AC,RS,CH,"['SY', 'AC', 'RS', 'CH']",SY + AC,RS + CH,SY|AC|RS|CH,"AC,SY||CH,RS",False,False,0.48079220960789676,0.9023555923723083,0.6958273805768443,0.6958273805768443,0.19582738057684435
SY,NS,CH,RS,"['SY', 'NS', 'CH', 'RS']",SY + NS,CH + RS,SY|NS|CH|RS,"CH,RS||NS,SY",False,False,0.5092280073206259,0.9436722992338588,0.6960713070280541,0.6960713070280541,0.1960713070280541
SY,RS,AC,CH,"['SY', 'RS', 'AC', 'CH']",SY + RS,AC + CH,SY|RS|AC|CH,"AC,CH||RS,SY",False,False,0.5083729005027446,0.10972057811692548,0.6985931407157329,0.6985931407157329,0.19859314071573286
NS,AC,TT,CH,"['NS', 'AC', 'TT', 'CH']",NS + AC,TT + CH,NS|AC|TT|CH,"AC,NS||CH,TT",False,True,0.4696101705514696,0.44209066851421663,0.30009086564343845,0.30009086564343845,0.19990913435656155
TD,FZ,SY,TT,"['TD', 'FZ', 'SY', 'TT']",TD + FZ,SY + TT,TD|FZ|SY|TT,"FZ,TD||SY,TT",False,False,0.5417091669216728,0.6380766051520899,0.7019703158908368,0.7019703158908368,0.2019703158908368
RS,FZ,AC,TT,"['RS', 'FZ', 'AC', 'TT']",RS + FZ,AC + TT,RS|FZ|AC|TT,"AC,TT||FZ,RS",False,False,0.5959423636418127,0.45003325483920026,0.7023050950566284,0.7023050950566284,0.20230509505662841
FZ,TT,CH,NS,"['FZ', 'TT', 'CH', 'NS']",FZ + TT,CH + NS,FZ|TT|CH|NS,"CH,NS||FZ,TT",False,True,0.5038152490928794,0.4742687262909403,0.29649363569946624,0.29649363569946624,0.20350636430053376
TD,CH,FZ,RS,"['TD', 'CH', 'FZ', 'RS']",TD + CH,FZ + RS,TD|CH|FZ|RS,"CH,TD||FZ,RS",False,False,0.4659029451286843,0.7502396074237448,0.7035866843811962,0.7035866843811962,0.2035866843811962
TD,FZ,SY,RS,"['TD', 'FZ', 'SY', 'RS']",TD + FZ,SY + RS,TD|FZ|SY|RS,"FZ,TD||RS,SY",False,False,0.5305673937943051,0.9211774338609312,0.7039180662596927,0.7039180662596927,0.20391806625969267
CH,TD,FZ,RS,"['CH', 'TD', 'FZ', 'RS']",CH + TD,FZ + RS,CH|TD|FZ|RS,"CH,TD||FZ,RS",False,False,0.4659029451286843,0.7502396074237448,0.7039623384814339,0.7039623384814339,0.20396233848143386
RS,CH,TT,TD,"['RS', 'CH', 'TT', 'TD']",RS + CH,TT + TD,RS|CH|TT|TD,"CH,RS||TD,TT",False,False,0.5579063670127455,0.37281976063259614,0.7042296995849834,0.7042296995849834,0.20422969958498338
TT,CH,SY,RS,"['TT', 'CH', 'SY', 'RS']",TT + CH,SY + RS,TT|CH|SY|RS,"CH,TT||RS,SY",False,True,0.49422128137981564,0.856452429577963,0.7043510410437679,0.7043510410437679,0.2043510410437679
RS,CH,TD,TT,"['RS', 'CH', 'TD', 'TT']",RS + CH,TD + TT,RS|CH|TD|TT,"CH,RS||TD,TT",False,False,0.5579063670127455,0.37281976063259614,0.7044318503863191,0.7044318503863191,0.20443185038631906
SY,TD,TT,FZ,"['SY', 'TD', 'TT', 'FZ']",SY + TD,TT + FZ,SY|TD|TT|FZ,"FZ,TT||SY,TD",False,True,0.4716593270717734,0.3400146515057858,0.70455201354876,0.70455201354876,0.20455201354875996
TD,SY,TT,FZ,"['TD', 'SY', 'TT', 'FZ']",TD + SY,TT + FZ,TD|SY|TT|FZ,"FZ,TT||SY,TD",True,True,0.4716593270717734,0.3400146515057858,0.70455201354876,0.70455201354876,0.20455201354875996
CH,TT,SY,RS,"['CH', 'TT', 'SY', 'RS']",CH + TT,SY + RS,CH|TT|SY|RS,"CH,TT||RS,SY",False,True,0.49422128137981564,0.856452429577963,0.7047261329814937,0.7047261329814937,0.20472613298149367
NS,AC,FZ,SY,"['NS', 'AC', 'FZ', 'SY']",NS + AC,FZ + SY,NS|AC|FZ|SY,"AC,NS||FZ,SY",False,True,0.3933083474976398,0.07758790735791529,0.7048450154745238,0.7048450154745238,0.20484501547452383
RS,FZ,TT,AC,"['RS', 'FZ', 'TT', 'AC']",RS + FZ,TT + AC,RS|FZ|TT|AC,"AC,TT||FZ,RS",False,False,0.5959423636418127,0.45003325483920026,0.7062359412755334,0.7062359412755334,0.20623594127553335
TD,FZ,TT,SY,"['TD', 'FZ', 'TT', 'SY']",TD + FZ,TT + SY,TD|FZ|TT|SY,"FZ,TD||SY,TT",False,False,0.5417091669216728,0.6380766051520899,0.709747651813871,0.709747651813871,0.209747651813871
NS,SY,FZ,RS,"['NS', 'SY', 'FZ', 'RS']",NS + SY,FZ + RS,NS|SY|FZ|RS,"FZ,RS||NS,SY",False,False,0.47957351185516817,0.8835257212132218,0.7099208067223423,0.7099208067223423,0.20992080672234226
NS,AC,CH,TT,"['NS', 'AC', 'CH', 'TT']",NS + AC,CH + TT,NS|AC|CH|TT,"AC,NS||CH,TT",False,True,0.4696101705514696,0.44209066851421663,0.2898058870357392,0.2898058870357392,0.21019411296426083
NS,TD,FZ,AC,"['NS', 'TD', 'FZ', 'AC']",NS + TD,FZ + AC,NS|TD|FZ|AC,"AC,FZ||NS,TD",False,False,0.45196141612029217,0.17509292850347702,0.2892237055126755,0.2892237055126755,0.2107762944873245
TD,NS,AC,TT,"['TD', 'NS', 'AC', 'TT']",TD + NS,AC + TT,TD|NS|AC|TT,"AC,TT||NS,TD",False,False,0.5351060618719292,0.6102220604828987,0.2889798899473875,0.2889798899473875,0.2110201100526125
TD,NS,TT,AC,"['TD', 'NS', 'TT', 'AC']",TD + NS,TT + AC,TD|NS|TT|AC,"AC,TT||NS,TD",False,False,0.5351060618719292,0.6102220604828987,0.28878047706473925,0.28878047706473925,0.21121952293526075
TD,FZ,RS,SY,"['TD', 'FZ', 'RS', 'SY']",TD + FZ,RS + SY,TD|FZ|RS|SY,"FZ,TD||RS,SY",False,False,0.5305673937943051,0.9211774338609312,0.711665451690206,0.711665451690206,0.211665451690206
NS,CH,TD,FZ,"['NS', 'CH', 'TD', 'FZ']",NS + CH,TD + FZ,NS|CH|TD|FZ,"CH,NS||FZ,TD",False,True,0.4894686163403104,0.5373309275194997,0.2881116632203927,0.2881116632203927,0.21188833677960728
NS,TT,AC,SY,"['NS', 'TT', 'AC', 'SY']",NS + TT,AC + SY,NS|TT|AC|SY,"AC,SY||NS,TT",False,False,0.48019423112562076,0.29898282928142833,0.2866807240487714,0.2866807240487714,0.21331927595122863
NS,TT,SY,AC,"['NS', 'TT', 'SY', 'AC']",NS + TT,SY + AC,NS|TT|SY|AC,"AC,SY||NS,TT",False,False,0.48019423112562076,0.29898282928142833,0.2866807240487714,0.2866807240487714,0.21331927595122863
TT,NS,AC,SY,"['TT', 'NS', 'AC', 'SY']",TT + NS,AC + SY,TT|NS|AC|SY,"AC,SY||NS,TT",False,False,0.48019423112562076,0.29898282928142833,0.2866807240487714,0.2866807240487714,0.21331927595122863
TT,NS,SY,AC,"['TT', 'NS', 'SY', 'AC']",TT + NS,SY + AC,TT|NS|SY|AC,"AC,SY||NS,TT",False,False,0.48019423112562076,0.29898282928142833,0.2866807240487714,0.2866807240487714,0.21331927595122863
FZ,TT,CH,TD,"['FZ', 'TT', 'CH', 'TD']",FZ + TT,CH + TD,FZ|TT|CH|TD,"CH,TD||FZ,TT",False,False,0.5229331981696913,0.6731545942432633,0.7135136565379154,0.7135136565379154,0.21351365653791543
RS,SY,CH,AC,"['RS', 'SY', 'CH', 'AC']",RS + SY,CH + AC,RS|SY|CH|AC,"AC,CH||RS,SY",False,False,0.5083729005027446,0.10972057811692548,0.7140505873091412,0.7140505873091412,0.21405058730914117
SY,AC,TT,FZ,"['SY', 'AC', 'TT', 'FZ']",SY + AC,TT + FZ,SY|AC|TT|FZ,"AC,SY||FZ,TT",False,True,0.46238777952295623,0.4150147998464636,0.7145928870982249,0.7145928870982249,0.21459288709822488
FZ,TT,SY,NS,"['FZ', 'TT', 'SY', 'NS']",FZ + TT,SY + NS,FZ|TT|SY|NS,"FZ,TT||NS,SY",False,True,0.5092360545025688,0.45979997032603676,0.2838493962217037,0.2838493962217037,0.2161506037782963
TD,NS,CH,AC,"['TD', 'NS', 'CH', 'AC']",TD + NS,CH + AC,TD|NS|CH|AC,"AC,CH||NS,TD",False,False,0.48148816403419087,0.3026444823459339,0.7163115038318956,0.7163115038318956,0.21631150383189557
FZ,TD,SY,AC,"['FZ', 'TD', 'SY', 'AC']",FZ + TD,SY + AC,FZ|TD|SY|AC,"AC,SY||FZ,TD",False,True,0.5442846806492296,0.5726707944744202,0.7164927347381004,0.7164927347381004,0.21649273473810038
NS,AC,SY,FZ,"['NS', 'AC', 'SY', 'FZ']",NS + AC,SY + FZ,NS|AC|SY|FZ,"AC,NS||FZ,SY",False,True,0.3933083474976398,0.07758790735791529,0.7166400154835181,0.7166400154835181,0.21664001548351808
SY,AC,CH,TT,"['SY', 'AC', 'CH', 'TT']",SY + AC,CH + TT,SY|AC|CH|TT,"AC,SY||CH,TT",False,True,0.4919841974001058,0.5832165966856525,0.7171720887846861,0.7171720887846861,0.21717208878468608
TD,CH,RS,FZ,"['TD', 'CH', 'RS', 'FZ']",TD + CH,RS + FZ,TD|CH|RS|FZ,"CH,TD||FZ,RS",False,False,0.4659029451286843,0.7502396074237448,0.7173565722188857,0.7173565722188857,0.2173565722188857
CH,TD,RS,FZ,"['CH', 'TD', 'RS', 'FZ']",CH + TD,RS + FZ,CH|TD|RS|FZ,"CH,TD||FZ,RS",False,False,0.4659029451286843,0.7502396074237448,0.7177217766293795,0.7177217766293795,0.21772177662937953
NS,SY,TD,FZ,"['NS', 'SY', 'TD', 'FZ']",NS + SY,TD + FZ,NS|SY|TD|FZ,"FZ,TD||NS,SY",False,True,0.48405068936034146,0.5516306731032877,0.7178351899904151,0.7178351899904151,0.21783518999041507
TT,CH,RS,SY,"['TT', 'CH', 'RS', 'SY']",TT + CH,RS + SY,TT|CH|RS|SY,"CH,TT||RS,SY",False,True,0.49422128137981564,0.856452429577963,0.7203503384596207,0.7203503384596207,0.2203503384596207
RS,SY,AC,CH,"['RS', 'SY', 'AC', 'CH']",RS + SY,AC + CH,RS|SY|AC|CH,"AC,CH||RS,SY",False,False,0.5083729005027446,0.10972057811692548,0.720530335913795,0.720530335913795,0.220530335913795
CH,TT,RS,SY,"['CH', 'TT', 'RS', 'SY']",CH + TT,RS + SY,CH|TT|RS|SY,"CH,TT||RS,SY",False,True,0.49422128137981564,0.856452429577963,0.7207131806345957,0.7207131806345957,0.22071318063459566
FZ,AC,RS,CH,"['FZ', 'AC', 'RS', 'CH']",FZ + AC,RS + CH,FZ|AC|RS|CH,"AC,FZ||CH,RS",False,False,0.5158661245654302,0.9504645985513491,0.721914616009408,0.721914616009408,0.22191461600940798
FZ,TD,NS,RS,"['FZ', 'TD', 'NS', 'RS']",FZ + TD,NS + RS,FZ|TD|NS|RS,"FZ,TD||NS,RS",False,False,0.552818608226612,0.9581503573501029,0.722000442658181,0.722000442658181,0.22200044265818097
TD,FZ,TT,CH,"['TD', 'FZ', 'TT', 'CH']",TD + FZ,TT + CH,TD|FZ|TT|CH,"CH,TT||FZ,TD",False,False,0.5363204497840712,0.6515486563135522,0.7226580553167511,0.7226580553167511,0.2226580553167511
TD,NS,AC,CH,"['TD', 'NS', 'AC', 'CH']",TD + NS,AC + CH,TD|NS|AC|CH,"AC,CH||NS,TD",False,False,0.48148816403419087,0.3026444823459339,0.7228246331705603,0.7228246331705603,0.22282463317056034
NS,AC,TT,SY,"['NS', 'AC', 'TT', 'SY']",NS + AC,TT + SY,NS|AC|TT|SY,"AC,NS||SY,TT",False,True,0.47501527414774997,0.42782846965165655,0.27355175462150116,0.27355175462150116,0.22644824537849884
TD,TT,AC,RS,"['TD', 'TT', 'AC', 'RS']",TD + TT,AC + RS,TD|TT|AC|RS,"AC,RS||TD,TT",False,False,0.4981115766208781,0.8142997559799667,0.27285737575552343,0.27285737575552343,0.22714262424447657
TT,TD,AC,RS,"['TT', 'TD', 'AC', 'RS']",TT + TD,AC + RS,TT|TD|AC|RS,"AC,RS||TD,TT",False,False,0.4981115766208781,0.8142997559799667,0.27285737575552343,0.27285737575552343,0.22714262424447657
TD,TT,RS,AC,"['TD', 'TT', 'RS', 'AC']",TD + TT,RS + AC,TD|TT|RS|AC,"AC,RS||TD,TT",False,False,0.4981115766208781,0.8142997559799667,0.27266482190321634,0.27266482190321634,0.22733517809678366
TT,TD,RS,AC,"['TT', 'TD', 'RS', 'AC']",TT + TD,RS + AC,TT|TD|RS|AC,"AC,RS||TD,TT",False,False,0.4981115766208781,0.8142997559799667,0.27266482190321634,0.27266482190321634,0.22733517809678366
RS,FZ,TD,CH,"['RS', 'FZ', 'TD', 'CH']",RS + FZ,TD + CH,RS|FZ|TD|CH,"CH,TD||FZ,RS",False,False,0.5340970548713158,0.24976039257625515,0.729805586450988,0.729805586450988,0.22980558645098803
FZ,AC,CH,RS,"['FZ', 'AC', 'CH', 'RS']",FZ + AC,CH + RS,FZ|AC|CH|RS,"AC,FZ||CH,RS",False,False,0.5158661245654302,0.9504645985513491,0.7304252427602097,0.7304252427602097,0.2304252427602097
RS,TD,SY,CH,"['RS', 'TD', 'SY', 'CH']",RS + TD,SY + CH,RS|TD|SY|CH,"CH,SY||RS,TD",False,False,0.4167539484279749,0.004365751953146142,0.26885390834578304,0.26885390834578304,0.23114609165421696
TD,RS,SY,CH,"['TD', 'RS', 'SY', 'CH']",TD + RS,SY + CH,TD|RS|SY|CH,"CH,SY||RS,TD",False,False,0.4167539484279749,0.004365751953146142,0.26885390834578304,0.26885390834578304,0.23114609165421696
FZ,RS,AC,TT,"['FZ', 'RS', 'AC', 'TT']",FZ + RS,AC + TT,FZ|RS|AC|TT,"AC,TT||FZ,RS",False,False,0.5959423636418127,0.45003325483920026,0.7325966421452341,0.7325966421452341,0.23259664214523412
CH,RS,AC,SY,"['CH', 'RS', 'AC', 'SY']",CH + RS,AC + SY,CH|RS|AC|SY,"AC,SY||CH,RS",False,False,0.5192077903921033,0.09764440762769161,0.7327529988993885,0.7327529988993885,0.2327529988993885
CH,RS,SY,AC,"['CH', 'RS', 'SY', 'AC']",CH + RS,SY + AC,CH|RS|SY|AC,"AC,SY||CH,RS",False,False,0.5192077903921033,0.09764440762769161,0.7327529988993885,0.7327529988993885,0.2327529988993885
NS,AC,SY,TT,"['NS', 'AC', 'SY', 'TT']",NS + AC,SY + TT,NS|AC|SY|TT,"AC,NS||SY,TT",False,True,0.47501527414774997,0.42782846965165655,0.26617098319285,0.26617098319285,0.23382901680715001
AC,FZ,SY,NS,"['AC', 'FZ', 'SY', 'NS']",AC + FZ,SY + NS,AC|FZ|SY|NS,"AC,FZ||NS,SY",False,False,0.506642007141963,0.5289478226898774,0.734830370785431,0.734830370785431,0.234830370785431
FZ,RS,TT,AC,"['FZ', 'RS', 'TT', 'AC']",FZ + RS,TT + AC,FZ|RS|TT|AC,"AC,TT||FZ,RS",False,False,0.5959423636418127,0.45003325483920026,0.7359699582240847,0.7359699582240847,0.23596995822408473
TD,FZ,AC,SY,"['TD', 'FZ', 'AC', 'SY']",TD + FZ,AC + SY,TD|FZ|AC|SY,"AC,SY||FZ,TD",False,True,0.5442846806492296,0.5726707944744202,0.7362241353121508,0.7362241353121508,0.2362241353121508
RS,TD,CH,SY,"['RS', 'TD', 'CH', 'SY']",RS + TD,CH + SY,RS|TD|CH|SY,"CH,SY||RS,TD",False,False,0.4167539484279749,0.004365751953146142,0.26255652509966243,0.26255652509966243,0.23744347490033757
TD,RS,CH,SY,"['TD', 'RS', 'CH', 'SY']",TD + RS,CH + SY,TD|RS|CH|SY,"CH,SY||RS,TD",False,False,0.4167539484279749,0.004365751953146142,0.26255652509966243,0.26255652509966243,0.23744347490033757
FZ,AC,NS,RS,"['FZ', 'AC', 'NS', 'RS']",FZ + AC,NS + RS,FZ|AC|NS|RS,"AC,FZ||NS,RS",False,False,0.5435931168017333,0.9734575149164258,0.7403731367631204,0.7403731367631204,0.24037313676312044
TT,FZ,NS,RS,"['TT', 'FZ', 'NS', 'RS']",TT + FZ,NS + RS,TT|FZ|NS|RS,"FZ,TT||NS,RS",False,False,0.546166913030128,0.961563000442206,0.7405127075788159,0.7405127075788159,0.24051270757881593
FZ,AC,SY,RS,"['FZ', 'AC', 'SY', 'RS']",FZ + AC,SY + RS,FZ|AC|SY|RS,"AC,FZ||RS,SY",False,False,0.5212803720622129,0.9468517207597057,0.7414778304310958,0.7414778304310958,0.24147783043109583
CH,NS,AC,SY,"['CH', 'NS', 'AC', 'SY']",CH + NS,AC + SY,CH|NS|AC|SY,"AC,SY||CH,NS",True,True,0.5338163819860793,0.6107571299036549,0.7441820093676036,0.7441820093676036,0.2441820093676036
NS,AC,SY,TD,"['NS', 'AC', 'SY', 'TD']",NS + AC,SY + TD,NS|AC|SY|TD,"AC,NS||SY,TD",False,False,0.46831932757866435,0.4400757576820594,0.7448833610675039,0.7448833610675039,0.24488336106750386
NS,AC,TD,SY,"['NS', 'AC', 'TD', 'SY']",NS + AC,TD + SY,NS|AC|TD|SY,"AC,NS||SY,TD",False,False,0.46831932757866435,0.4400757576820594,0.7448833610675039,0.7448833610675039,0.24488336106750386
NS,RS,AC,TT,"['NS', 'RS', 'AC', 'TT']",NS + RS,AC + TT,NS|RS|AC|TT,"AC,TT||NS,RS",False,False,0.5395641748169977,0.2114304384708271,0.2540173051136489,0.2540173051136489,0.2459826948863511
RS,TD,NS,CH,"['RS', 'TD', 'NS', 'CH']",RS + TD,NS + CH,RS|TD|NS|CH,"CH,NS||RS,TD",False,False,0.43869259995691495,0.011017538070234157,0.2539599646874212,0.2539599646874212,0.2460400353125788
TD,RS,NS,CH,"['TD', 'RS', 'NS', 'CH']",TD + RS,NS + CH,TD|RS|NS|CH,"CH,NS||RS,TD",False,False,0.43869259995691495,0.011017538070234157,0.2539599646874212,0.2539599646874212,0.2460400353125788
NS,RS,TT,AC,"['NS', 'RS', 'TT', 'AC']",NS + RS,TT + AC,NS|RS|TT|AC,"AC,TT||NS,RS",False,False,0.5395641748169977,0.2114304384708271,0.2538334054109926,0.2538334054109926,0.24616659458900741
RS,NS,TT,AC,"['RS', 'NS', 'TT', 'AC']",RS + NS,TT + AC,RS|NS|TT|AC,"AC,TT||NS,RS",False,False,0.5395641748169977,0.2114304384708271,0.2538334054109926,0.2538334054109926,0.24616659458900741
RS,NS,AC,TT,"['RS', 'NS', 'AC', 'TT']",RS + NS,AC + TT,RS|NS|AC|TT,"AC,TT||NS,RS",False,False,0.5395641748169977,0.2114304384708271,0.2537172047163567,0.2537172047163567,0.24628279528364327
TD,TT,AC,CH,"['TD', 'TT', 'AC', 'CH']",TD + TT,AC + CH,TD|TT|AC|CH,"AC,CH||TD,TT",False,False,0.45574422056421904,0.1597107827669822,0.2529642354171113,0.2529642354171113,0.24703576458288867
RS,FZ,NS,SY,"['RS', 'FZ', 'NS', 'SY']",RS + FZ,NS + SY,RS|FZ|NS|SY,"FZ,RS||NS,SY",False,False,0.5204264881448318,0.11647427878677818,0.748585643424602,0.748585643424602,0.248585643424602
FZ,AC,RS,SY,"['FZ', 'AC', 'RS', 'SY']",FZ + AC,RS + SY,FZ|AC|RS|SY,"AC,FZ||RS,SY",False,False,0.5212803720622129,0.9468517207597057,0.7485934246053928,0.7485934246053928,0.2485934246053928
CH,NS,FZ,TT,"['CH', 'NS', 'FZ', 'TT']",CH + NS,FZ + TT,CH|NS|FZ|TT,"CH,NS||FZ,TT",False,True,0.4961847509071205,0.5257312737090597,0.7499111900173651,0.7499111900173651,0.24991119001736506
NS,CH,TT,FZ,"['NS', 'CH', 'TT', 'FZ']",NS + CH,TT + FZ,NS|CH|TT|FZ,"CH,NS||FZ,TT",False,True,0.4961847509071205,0.5257312737090597,0.7509877269103956,0.7509877269103956,0.2509877269103956
AC,FZ,RS,NS,"['AC', 'FZ', 'RS', 'NS']",AC + FZ,RS + NS,AC|FZ|RS|NS,"AC,FZ||NS,RS",False,False,0.5435931168017333,0.9734575149164258,0.7514495625790776,0.7514495625790776,0.2514495625790776
RS,TD,CH,NS,"['RS', 'TD', 'CH', 'NS']",RS + TD,CH + NS,RS|TD|CH|NS,"CH,NS||RS,TD",False,False,0.43869259995691495,0.011017538070234157,0.2478931625956373,0.2478931625956373,0.2521068374043627
TD,RS,CH,NS,"['TD', 'RS', 'CH', 'NS']",TD + RS,CH + NS,TD|RS|CH|NS,"CH,NS||RS,TD",False,False,0.43869259995691495,0.011017538070234157,0.2478931625956373,0.2478931625956373,0.2521068374043627
CH,NS,SY,RS,"['CH', 'NS', 'SY', 'RS']",CH + NS,SY + RS,CH|NS|SY|RS,"CH,NS||RS,SY",False,False,0.5200618431241374,0.9356522653936382,0.7523773648095287,0.7523773648095287,0.25237736480952866
SY,NS,RS,FZ,"['SY', 'NS', 'RS', 'FZ']",SY + NS,RS + FZ,SY|NS|RS|FZ,"FZ,RS||NS,SY",False,False,0.47957351185516817,0.8835257212132218,0.7527338644221186,0.7527338644221186,0.25273386442211865
CH,TD,SY,TT,"['CH', 'TD', 'SY', 'TT']",CH + TD,SY + TT,CH|TD|SY|TT,"CH,TD||SY,TT",False,True,0.5121370157251934,0.4738190535612342,0.7530209526450624,0.7530209526450624,0.2530209526450624
TD,CH,SY,TT,"['TD', 'CH', 'SY', 'TT']",TD + CH,SY + TT,TD|CH|SY|TT,"CH,TD||SY,TT",False,True,0.5121370157251934,0.4738190535612342,0.7530209526450624,0.7530209526450624,0.2530209526450624
RS,CH,AC,SY,"['RS', 'CH', 'AC', 'SY']",RS + CH,AC + SY,RS|CH|AC|SY,"AC,SY||CH,RS",False,False,0.5192077903921033,0.09764440762769161,0.7530827103837051,0.7530827103837051,0.2530827103837051
RS,CH,SY,AC,"['RS', 'CH', 'SY', 'AC']",RS + CH,SY + AC,RS|CH|SY|AC,"AC,SY||CH,RS",False,False,0.5192077903921033,0.09764440762769161,0.7530827103837051,0.7530827103837051,0.2530827103837051
TD,TT,CH,AC,"['TD', 'TT', 'CH', 'AC']",TD + TT,CH + AC,TD|TT|CH|AC,"AC,CH||TD,TT",False,False,0.45574422056421904,0.1597107827669822,0.2469133475139563,0.2469133475139563,0.2530866524860437
NS,AC,CH,SY,"['NS', 'AC', 'CH', 'SY']",NS + AC,CH + SY,NS|AC|CH|SY,"AC,NS||CH,SY",False,False,0.4219535240211766,0.15918133252437827,0.7557382324898521,0.7557382324898521,0.25573823248985206
TT,FZ,CH,AC,"['TT', 'FZ', 'CH', 'AC']",TT + FZ,CH + AC,TT|FZ|CH|AC,"AC,CH||FZ,TT",False,True,0.5322169292426824,0.5991826513051525,0.7578880767076482,0.7578880767076482,0.25788807670764824
FZ,RS,TD,CH,"['FZ', 'RS', 'TD', 'CH']",FZ + RS,TD + CH,FZ|RS|TD|CH,"CH,TD||FZ,RS",False,False,0.5340970548713158,0.24976039257625515,0.7582620424148221,0.7582620424148221,0.2582620424148221
CH,NS,RS,SY,"['CH', 'NS', 'RS', 'SY']",CH + NS,RS + SY,CH|NS|RS|SY,"CH,NS||RS,SY",False,False,0.5200618431241374,0.9356522653936382,0.7592903494492927,0.7592903494492927,0.25929034944929275
CH,TD,TT,SY,"['CH', 'TD', 'TT', 'SY']",CH + TD,TT + SY,CH|TD|TT|SY,"CH,TD||SY,TT",False,True,0.5121370157251934,0.4738190535612342,0.7599217032159216,0.7599217032159216,0.25992170321592156
TD,CH,TT,SY,"['TD', 'CH', 'TT', 'SY']",TD + CH,TT + SY,TD|CH|TT|SY,"CH,TD||SY,TT",True,True,0.5121370157251934,0.4738190535612342,0.7599217032159216,0.7599217032159216,0.25992170321592156
NS,AC,SY,CH,"['NS', 'AC', 'SY', 'CH']",NS + AC,SY + CH,NS|AC|SY|CH,"AC,NS||CH,SY",False,False,0.4219535240211766,0.15918133252437827,0.7616473751924987,0.7616473751924987,0.2616473751924987
AC,CH,FZ,RS,"['AC', 'CH', 'FZ', 'RS']",AC + CH,FZ + RS,AC|CH|FZ|RS,"AC,CH||FZ,RS",False,False,0.4566467522924254,0.8076658671767512,0.7619037090575477,0.7619037090575477,0.2619037090575477
NS,TD,FZ,TT,"['NS', 'TD', 'FZ', 'TT']",NS + TD,FZ + TT,NS|TD|FZ|TT,"FZ,TT||NS,TD",False,False,0.44939196421022737,0.22362669248213585,0.23627328830466407,0.23627328830466407,0.2637267116953359
NS,SY,FZ,AC,"['NS', 'SY', 'FZ', 'AC']",NS + SY,FZ + AC,NS|SY|FZ|AC,"AC,FZ||NS,SY",False,False,0.493357992858037,0.47105217731012256,0.7638820131647991,0.7638820131647991,0.2638820131647991
CH,TD,AC,NS,"['CH', 'TD', 'AC', 'NS']",CH + TD,AC + NS,CH|TD|AC|NS,"AC,NS||CH,TD",False,False,0.5370767689382262,0.545708708928537,0.7648725581684334,0.7648725581684334,0.26487255816843336
CH,TD,NS,AC,"['CH', 'TD', 'NS', 'AC']",CH + TD,NS + AC,CH|TD|NS|AC,"AC,NS||CH,TD",False,False,0.5370767689382262,0.545708708928537,0.7648725581684334,0.7648725581684334,0.26487255816843336
TD,CH,AC,NS,"['TD', 'CH', 'AC', 'NS']",TD + CH,AC + NS,TD|CH|AC|NS,"AC,NS||CH,TD",False,False,0.5370767689382262,0.545708708928537,0.7648725581684334,0.7648725581684334,0.26487255816843336
TD,CH,NS,AC,"['TD', 'CH', 'NS', 'AC']",TD + CH,NS + AC,TD|CH|NS|AC,"AC,NS||CH,TD",False,False,0.5370767689382262,0.545708708928537,0.7648725581684334,0.7648725581684334,0.26487255816843336
SY,AC,TT,CH,"['SY', 'AC', 'TT', 'CH']",SY + AC,TT + CH,SY|AC|TT|CH,"AC,SY||CH,TT",False,True,0.4919841974001058,0.5832165966856525,0.7658247795340136,0.7658247795340136,0.2658247795340136
TT,TD,AC,CH,"['TT', 'TD', 'AC', 'CH']",TT + TD,AC + CH,TT|TD|AC|CH,"AC,CH||TD,TT",False,False,0.45574422056421904,0.1597107827669822,0.23333919019283203,0.23333919019283203,0.266660809807168
SY,NS,FZ,RS,"['SY', 'NS', 'FZ', 'RS']",SY + NS,FZ + RS,SY|NS|FZ|RS,"FZ,RS||NS,SY",False,False,0.47957351185516817,0.8835257212132218,0.7692147663836846,0.7692147663836846,0.2692147663836846
RS,TD,AC,CH,"['RS', 'TD', 'AC', 'CH']",RS + TD,AC + CH,RS|TD|AC|CH,"AC,CH||RS,TD",False,False,0.4668774411422993,0.022611223026821725,0.22917115103076835,0.22917115103076835,0.27082884896923165
TD,RS,AC,CH,"['TD', 'RS', 'AC', 'CH']",TD + RS,AC + CH,TD|RS|AC|CH,"AC,CH||RS,TD",False,False,0.4668774411422993,0.022611223026821725,0.22917115103076835,0.22917115103076835,0.27082884896923165
CH,SY,AC,FZ,"['CH', 'SY', 'AC', 'FZ']",CH + SY,AC + FZ,CH|SY|AC|FZ,"AC,FZ||CH,SY",True,True,0.5211775515863584,0.5984726643018806,0.7713057089836262,0.7713057089836262,0.27130570898362616
CH,RS,TT,SY,"['CH', 'RS', 'TT', 'SY']",CH + RS,TT + SY,CH|RS|TT|SY,"CH,RS||SY,TT",False,True,0.5166164188643019,0.12895637886810202,0.7723658788661273,0.7723658788661273,0.2723658788661273
TT,TD,CH,AC,"['TT', 'TD', 'CH', 'AC']",TT + TD,CH + AC,TT|TD|CH|AC,"AC,CH||TD,TT",False,False,0.45574422056421904,0.1597107827669822,0.22761470128413594,0.22761470128413594,0.27238529871586403
CH,RS,SY,TT,"['CH', 'RS', 'SY', 'TT']",CH + RS,SY + TT,CH|RS|SY|TT,"CH,RS||SY,TT",False,True,0.5166164188643019,0.12895637886810202,0.7724226667680271,0.7724226667680271,0.27242266676802707
AC,CH,RS,FZ,"['AC', 'CH', 'RS', 'FZ']",AC + CH,RS + FZ,AC|CH|RS|FZ,"AC,CH||FZ,RS",False,False,0.4566467522924254,0.8076658671767512,0.7738353118071267,0.7738353118071267,0.2738353118071267
TD,FZ,SY,NS,"['TD', 'FZ', 'SY', 'NS']",TD + FZ,SY + NS,TD|FZ|SY|NS,"FZ,TD||NS,SY",False,True,0.5159493106396584,0.44836932689671233,0.7750216692306405,0.7750216692306405,0.27502166923064053
FZ,AC,NS,SY,"['FZ', 'AC', 'NS', 'SY']",FZ + AC,NS + SY,FZ|AC|NS|SY,"AC,FZ||NS,SY",False,False,0.506642007141963,0.5289478226898774,0.7753233439881935,0.7753233439881935,0.27532334398819347
FZ,RS,NS,SY,"['FZ', 'RS', 'NS', 'SY']",FZ + RS,NS + SY,FZ|RS|NS|SY,"FZ,RS||NS,SY",False,False,0.5204264881448318,0.11647427878677818,0.7756721761836727,0.7756721761836727,0.2756721761836727
RS,TD,CH,AC,"['RS', 'TD', 'CH', 'AC']",RS + TD,CH + AC,RS|TD|CH|AC,"AC,CH||RS,TD",False,False,0.4668774411422993,0.022611223026821725,0.22351910416862666,0.22351910416862666,0.27648089583137336
TD,RS,CH,AC,"['TD', 'RS', 'CH', 'AC']",TD + RS,CH + AC,TD|RS|CH|AC,"AC,CH||RS,TD",False,False,0.4668774411422993,0.022611223026821725,0.22351910416862666,0.22351910416862666,0.27648089583137336
AC,TD,NS,SY,"['AC', 'TD', 'NS', 'SY']",AC + TD,NS + SY,AC|TD|NS|SY,"AC,TD||NS,SY",False,False,0.43046247966549556,0.11964735833765006,0.22185870065731383,0.22185870065731383,0.27814129934268617
AC,TD,SY,NS,"['AC', 'TD', 'SY', 'NS']",AC + TD,SY + NS,AC|TD|SY|NS,"AC,TD||NS,SY",False,False,0.43046247966549556,0.11964735833765006,0.22185870065731383,0.22185870065731383,0.27814129934268617
RS,FZ,CH,NS,"['RS', 'FZ', 'CH', 'NS']",RS + FZ,CH + NS,RS|FZ|CH|NS,"CH,NS||FZ,RS",False,False,0.5150115682994262,0.12304097834852412,0.7795297599511186,0.7795297599511186,0.2795297599511186
TD,NS,SY,FZ,"['TD', 'NS', 'SY', 'FZ']",TD + NS,SY + FZ,TD|NS|SY|FZ,"FZ,SY||NS,TD",False,False,0.4022310892873566,0.05428387985463033,0.2187844661197629,0.2187844661197629,0.2812155338802371
SY,CH,AC,FZ,"['SY', 'CH', 'AC', 'FZ']",SY + CH,AC + FZ,SY|CH|AC|FZ,"AC,FZ||CH,SY",True,True,0.5211775515863584,0.5984726643018806,0.7860359125597887,0.7860359125597887,0.28603591255978866
SY,NS,AC,FZ,"['SY', 'NS', 'AC', 'FZ']",SY + NS,AC + FZ,SY|NS|AC|FZ,"AC,FZ||NS,SY",False,False,0.493357992858037,0.47105217731012256,0.786173050294514,0.786173050294514,0.286173050294514
FZ,TD,RS,NS,"['FZ', 'TD', 'RS', 'NS']",FZ + TD,RS + NS,FZ|TD|RS|NS,"FZ,TD||NS,RS",False,False,0.552818608226612,0.9581503573501029,0.7871298267389079,0.7871298267389079,0.28712982673890786
RS,FZ,CH,TD,"['RS', 'FZ', 'CH', 'TD']",RS + FZ,CH + TD,RS|FZ|CH|TD,"CH,TD||FZ,RS",False,False,0.5340970548713158,0.24976039257625515,0.7872586857281743,0.7872586857281743,0.28725868572817426
TT,FZ,NS,AC,"['TT', 'FZ', 'NS', 'AC']",TT + FZ,NS + AC,TT|FZ|NS|AC,"AC,NS||FZ,TT",False,False,0.559806555708552,0.7148367947263488,0.7873766562473817,0.7873766562473817,0.28737665624738173
CH,SY,NS,FZ,"['CH', 'SY', 'NS', 'FZ']",CH + SY,NS + FZ,CH|SY|NS|FZ,"CH,SY||FZ,NS",False,True,0.49274443569082166,0.47231326115671046,0.7875431443489538,0.7875431443489538,0.2875431443489538
AC,SY,FZ,TD,"['AC', 'SY', 'FZ', 'TD']",AC + SY,FZ + TD,AC|SY|FZ|TD,"AC,SY||FZ,TD",False,True,0.4557153193507704,0.4273292055255799,0.7896225061776885,0.7896225061776885,0.2896225061776885
RS,CH,TT,SY,"['RS', 'CH', 'TT', 'SY']",RS + CH,TT + SY,RS|CH|TT|SY,"CH,RS||SY,TT",True,True,0.5166164188643019,0.12895637886810202,0.7905435764078941,0.7905435764078941,0.2905435764078941
RS,CH,SY,TT,"['RS', 'CH', 'SY', 'TT']",RS + CH,SY + TT,RS|CH|SY|TT,"CH,RS||SY,TT",False,True,0.5166164188643019,0.12895637886810202,0.7905970589856173,0.7905970589856173,0.2905970589856173
TD,AC,TT,SY,"['TD', 'AC', 'TT', 'SY']",TD + AC,TT + SY,TD|AC|TT|SY,"AC,TD||SY,TT",False,True,0.4559747769858543,0.24508906779098744,0.20919644829658446,0.20919644829658446,0.29080355170341554
FZ,TT,NS,RS,"['FZ', 'TT', 'NS', 'RS']",FZ + TT,NS + RS,FZ|TT|NS|RS,"FZ,TT||NS,RS",False,False,0.546166913030128,0.961563000442206,0.7933588640020832,0.7933588640020832,0.2933588640020832
AC,TD,NS,CH,"['AC', 'TD', 'NS', 'CH']",AC + TD,NS + CH,AC|TD|NS|CH,"AC,TD||CH,NS",False,True,0.4251537789294774,0.12684918381945365,0.20503787894733785,0.20503787894733785,0.2949621210526622
SY,TD,TT,CH,"['SY', 'TD', 'TT', 'CH']",SY + TD,TT + CH,SY|TD|TT|CH,"CH,TT||SY,TD",False,True,0.5012958333318337,0.5025602995592636,0.2049714339926149,0.2049714339926149,0.29502856600738514
TD,SY,TT,CH,"['TD', 'SY', 'TT', 'CH']",TD + SY,TT + CH,TD|SY|TT|CH,"CH,TT||SY,TD",False,True,0.5012958333318337,0.5025602995592636,0.2049714339926149,0.2049714339926149,0.29502856600738514
FZ,TT,TD,SY,"['FZ', 'TT', 'TD', 'SY']",FZ + TT,TD + SY,FZ|TT|TD|SY,"FZ,TT||SY,TD",False,True,0.5283406729282266,0.6599853484942142,0.7956341049258955,0.7956341049258955,0.2956341049258955
TD,FZ,SY,AC,"['TD', 'FZ', 'SY', 'AC']",TD + FZ,SY + AC,TD|FZ|SY|AC,"AC,SY||FZ,TD",False,True,0.5442846806492296,0.5726707944744202,0.7957915911285036,0.7957915911285036,0.2957915911285036
TD,AC,SY,TT,"['TD', 'AC', 'SY', 'TT']",TD + AC,SY + TT,TD|AC|SY|TT,"AC,TD||SY,TT",False,True,0.4559747769858543,0.24508906779098744,0.20306668562895888,0.20306668562895888,0.2969333143710411
AC,RS,NS,TT,"['AC', 'RS', 'NS', 'TT']",AC + RS,NS + TT,AC|RS|NS|TT,"AC,RS||NS,TT",False,False,0.48276129066087436,0.08448294731880424,0.20300893441787193,0.20300893441787193,0.29699106558212807
RS,AC,NS,TT,"['RS', 'AC', 'NS', 'TT']",RS + AC,NS + TT,RS|AC|NS|TT,"AC,RS||NS,TT",False,False,0.48276129066087436,0.08448294731880424,0.20294870199453796,0.20294870199453796,0.29705129800546204
TD,TT,NS,CH,"['TD', 'TT', 'NS', 'CH']",TD + TT,NS + CH,TD|TT|NS|CH,"CH,NS||TD,TT",False,True,0.4276922936929895,0.09559519563287272,0.20286105336056676,0.20286105336056676,0.29713894663943324
AC,RS,TT,NS,"['AC', 'RS', 'TT', 'NS']",AC + RS,TT + NS,AC|RS|TT|NS,"AC,RS||NS,TT",False,False,0.48276129066087436,0.08448294731880424,0.20285192124995152,0.20285192124995152,0.29714807875004845
RS,AC,TT,NS,"['RS', 'AC', 'TT', 'NS']",RS + AC,TT + NS,RS|AC|TT|NS,"AC,RS||NS,TT",False,False,0.48276129066087436,0.08448294731880424,0.2027917235586321,0.2027917235586321,0.29720827644136794
TD,AC,SY,FZ,"['TD', 'AC', 'SY', 'FZ']",TD + AC,SY + FZ,TD|AC|SY|FZ,"AC,TD||FZ,SY",False,False,0.3752022740502169,0.027632748852598223,0.2023003582939109,0.2023003582939109,0.2976996417060891
AC,TD,CH,NS,"['AC', 'TD', 'CH', 'NS']",AC + TD,CH + NS,AC|TD|CH|NS,"AC,TD||CH,NS",False,True,0.4251537789294774,0.12684918381945365,0.1998267337859408,0.1998267337859408,0.3001732662140592
SY,CH,NS,FZ,"['SY', 'CH', 'NS', 'FZ']",SY + CH,NS + FZ,SY|CH|NS|FZ,"CH,SY||FZ,NS",False,True,0.49274443569082166,0.47231326115671046,0.8014966554150698,0.8014966554150698,0.30149665541506976
TD,TT,CH,NS,"['TD', 'TT', 'CH', 'NS']",TD + TT,CH + NS,TD|TT|CH|NS,"CH,NS||TD,TT",True,True,0.4276922936929895,0.09559519563287272,0.19769147508029958,0.19769147508029958,0.3023085249197004
FZ,AC,RS,NS,"['FZ', 'AC', 'RS', 'NS']",FZ + AC,RS + NS,FZ|AC|RS|NS,"AC,FZ||NS,RS",False,False,0.5435931168017333,0.9734575149164258,0.8023763571428478,0.8023763571428478,0.30237635714284783
CH,NS,SY,AC,"['CH', 'NS', 'SY', 'AC']",CH + NS,SY + AC,CH|NS|SY|AC,"AC,SY||CH,NS",False,True,0.5338163819860793,0.6107571299036549,0.8024346196673218,0.8024346196673218,0.30243461966732177
TT,FZ,RS,NS,"['TT', 'FZ', 'RS', 'NS']",TT + FZ,RS + NS,TT|FZ|RS|NS,"FZ,TT||NS,RS",False,False,0.546166913030128,0.961563000442206,0.8024914880190298,0.8024914880190298,0.3024914880190298
FZ,RS,CH,NS,"['FZ', 'RS', 'CH', 'NS']",FZ + RS,CH + NS,FZ|RS|CH|NS,"CH,NS||FZ,RS",False,False,0.5150115682994262,0.12304097834852412,0.804154672329988,0.804154672329988,0.30415467232998805
TT,FZ,AC,NS,"['TT', 'FZ', 'AC', 'NS']",TT + FZ,AC + NS,TT|FZ|AC|NS,"AC,NS||FZ,TT",False,False,0.559806555708552,0.7148367947263488,0.8044832433949414,0.8044832433949414,0.30448324339494137
NS,CH,SY,TT,"['NS', 'CH', 'SY', 'TT']",NS + CH,SY + TT,NS|CH|SY|TT,"CH,NS||SY,TT",False,True,0.5312326596995843,0.6749869358447165,0.8054578891083147,0.8054578891083147,0.30545788910831473
AC,TD,RS,TT,"['AC', 'TD', 'RS', 'TT']",AC + TD,RS + TT,AC|TD|RS|TT,"AC,TD||RS,TT",False,False,0.4929226256743398,0.8859758516033065,0.8075150242518444,0.8075150242518444,0.3075150242518444
AC,SY,TD,FZ,"['AC', 'SY', 'TD', 'FZ']",AC + SY,TD + FZ,AC|SY|TD|FZ,"AC,SY||FZ,TD",False,True,0.4557153193507704,0.4273292055255799,0.8081933909408571,0.8081933909408571,0.30819339094085707
TD,NS,FZ,SY,"['TD', 'NS', 'FZ', 'SY']",TD + NS,FZ + SY,TD|NS|FZ|SY,"FZ,SY||NS,TD",False,False,0.4022310892873566,0.05428387985463033,0.18998531687897038,0.18998531687897038,0.31001468312102964
FZ,RS,CH,TD,"['FZ', 'RS', 'CH', 'TD']",FZ + RS,CH + TD,FZ|RS|CH|TD,"CH,TD||FZ,RS",False,False,0.5340970548713158,0.24976039257625515,0.8109866444252981,0.8109866444252981,0.3109866444252981
NS,CH,TT,SY,"['NS', 'CH', 'TT', 'SY']",NS + CH,TT + SY,NS|CH|TT|SY,"CH,NS||SY,TT",True,True,0.5312326596995843,0.6749869358447165,0.8112607405766442,0.8112607405766442,0.3112607405766442
AC,CH,FZ,TD,"['AC', 'CH', 'FZ', 'TD']",AC + CH,FZ + TD,AC|CH|FZ|TD,"AC,CH||FZ,TD",False,False,0.46109953009742616,0.41316203809827945,0.8116431186941938,0.8116431186941938,0.3116431186941938
AC,TD,TT,RS,"['AC', 'TD', 'TT', 'RS']",AC + TD,TT + RS,AC|TD|TT|RS,"AC,TD||RS,TT",False,False,0.4929226256743398,0.8859758516033065,0.8128718726967306,0.8128718726967306,0.31287187269673056
CH,AC,FZ,RS,"['CH', 'AC', 'FZ', 'RS']",CH + AC,FZ + RS,CH|AC|FZ|RS,"AC,CH||FZ,RS",False,False,0.4566467522924254,0.8076658671767512,0.8133654674967843,0.8133654674967843,0.3133654674967843
TT,TD,NS,CH,"['TT', 'TD', 'NS', 'CH']",TT + TD,NS + CH,TT|TD|NS|CH,"CH,NS||TD,TT",False,True,0.4276922936929895,0.09559519563287272,0.18615441912914357,0.18615441912914357,0.31384558087085646
RS,FZ,NS,AC,"['RS', 'FZ', 'NS', 'AC']",RS + FZ,NS + AC,RS|FZ|NS|AC,"AC,NS||FZ,RS",False,False,0.57081572043134,0.2831781331605654,0.8144619192798386,0.8144619192798386,0.3144619192798386
AC,CH,TD,FZ,"['AC', 'CH', 'TD', 'FZ']",AC + CH,TD + FZ,AC|CH|TD|FZ,"AC,CH||FZ,TD",False,False,0.46109953009742616,0.41316203809827945,0.8178170399128032,0.8178170399128032,0.3178170399128032
TT,TD,CH,NS,"['TT', 'TD', 'CH', 'NS']",TT + TD,CH + NS,TT|TD|CH|NS,"CH,NS||TD,TT",False,True,0.4276922936929895,0.09559519563287272,0.18131374460543784,0.18131374460543784,0.3186862553945622
CH,AC,RS,FZ,"['CH', 'AC', 'RS', 'FZ']",CH + AC,RS + FZ,CH|AC|RS|FZ,"AC,CH||FZ,RS",False,False,0.4566467522924254,0.8076658671767512,0.8233162283960767,0.8233162283960767,0.32331622839607665
SY,TD,CH,TT,"['SY', 'TD', 'CH', 'TT']",SY + TD,CH + TT,SY|TD|CH|TT,"CH,TT||SY,TD",False,True,0.5012958333318337,0.5025602995592636,0.176509788152803,0.176509788152803,0.323490211847197
TD,SY,CH,TT,"['TD', 'SY', 'CH', 'TT']",TD + SY,CH + TT,TD|SY|CH|TT,"CH,TT||SY,TD",True,True,0.5012958333318337,0.5025602995592636,0.176509788152803,0.176509788152803,0.323490211847197
RS,FZ,SY,TT,"['RS', 'FZ', 'SY', 'TT']",RS + FZ,SY + TT,RS|FZ|SY|TT,"FZ,RS||SY,TT",False,True,0.5461576636941765,0.22951573801053538,0.823964576874311,0.823964576874311,0.323964576874311
RS,FZ,TT,SY,"['RS', 'FZ', 'TT', 'SY']",RS + FZ,TT + SY,RS|FZ|TT|SY,"FZ,RS||SY,TT",True,True,0.5461576636941765,0.22951573801053538,0.823964576874311,0.823964576874311,0.323964576874311
TD,AC,FZ,NS,"['TD', 'AC', 'FZ', 'NS']",TD + AC,FZ + NS,TD|AC|FZ|NS,"AC,TD||FZ,NS",False,True,0.39644034666252925,0.05971113971797384,0.17588220845221778,0.17588220845221778,0.3241177915477822
TD,AC,FZ,SY,"['TD', 'AC', 'FZ', 'SY']",TD + AC,FZ + SY,TD|AC|FZ|SY,"AC,TD||FZ,SY",False,False,0.3752022740502169,0.027632748852598223,0.175184474597554,0.175184474597554,0.32481552540244596
RS,TD,NS,SY,"['RS', 'TD', 'NS', 'SY']",RS + TD,NS + SY,RS|TD|NS|SY,"NS,SY||RS,TD",False,False,0.44403976877498413,0.010125971417046024,0.17508461751252455,0.17508461751252455,0.3249153824874754
RS,TD,SY,NS,"['RS', 'TD', 'SY', 'NS']",RS + TD,SY + NS,RS|TD|SY|NS,"NS,SY||RS,TD",False,False,0.44403976877498413,0.010125971417046024,0.17508461751252455,0.17508461751252455,0.3249153824874754
TD,RS,NS,SY,"['TD', 'RS', 'NS', 'SY']",TD + RS,NS + SY,TD|RS|NS|SY,"NS,SY||RS,TD",False,False,0.44403976877498413,0.010125971417046024,0.17508461751252455,0.17508461751252455,0.3249153824874754
TD,RS,SY,NS,"['TD', 'RS', 'SY', 'NS']",TD + RS,SY + NS,TD|RS|SY|NS,"NS,SY||RS,TD",False,False,0.44403976877498413,0.010125971417046024,0.17508461751252455,0.17508461751252455,0.3249153824874754
TD,FZ,NS,RS,"['TD', 'FZ', 'NS', 'RS']",TD + FZ,NS + RS,TD|FZ|NS|RS,"FZ,TD||NS,RS",False,False,0.552818608226612,0.9581503573501029,0.8256691734362891,0.8256691734362891,0.3256691734362891
NS,TT,CH,AC,"['NS', 'TT', 'CH', 'AC']",NS + TT,CH + AC,NS|TT|CH|AC,"AC,CH||NS,TT",False,True,0.47478349236649114,0.3116061183473161,0.1740636792571586,0.1740636792571586,0.3259363207428414
TT,NS,CH,AC,"['TT', 'NS', 'CH', 'AC']",TT + NS,CH + AC,TT|NS|CH|AC,"AC,CH||NS,TT",True,True,0.47478349236649114,0.3116061183473161,0.1740636792571586,0.1740636792571586,0.3259363207428414
TD,AC,RS,TT,"['TD', 'AC', 'RS', 'TT']",TD + AC,RS + TT,TD|AC|RS|TT,"AC,TD||RS,TT",False,False,0.4929226256743398,0.8859758516033065,0.8262113401411124,0.8262113401411124,0.3262113401411124
FZ,TT,NS,CH,"['FZ', 'TT', 'NS', 'CH']",FZ + TT,NS + CH,FZ|TT|NS|CH,"CH,NS||FZ,TT",False,True,0.5038152490928794,0.4742687262909403,0.173483715289828,0.173483715289828,0.326516284710172
CH,TT,TD,FZ,"['CH', 'TT', 'TD', 'FZ']",CH + TT,TD + FZ,CH|TT|TD|FZ,"CH,TT||FZ,TD",False,False,0.4636795502159286,0.3484513436864478,0.827094563346784,0.827094563346784,0.327094563346784
TT,CH,TD,FZ,"['TT', 'CH', 'TD', 'FZ']",TT + CH,TD + FZ,TT|CH|TD|FZ,"CH,TT||FZ,TD",False,False,0.4636795502159286,0.3484513436864478,0.827094563346784,0.827094563346784,0.327094563346784
FZ,TT,NS,SY,"['FZ', 'TT', 'NS', 'SY']",FZ + TT,NS + SY,FZ|TT|NS|SY,"FZ,TT||NS,SY",False,True,0.5092360545025688,0.45979997032603676,0.17078812543651167,0.17078812543651167,0.3292118745634883
RS,FZ,AC,NS,"['RS', 'FZ', 'AC', 'NS']",RS + FZ,AC + NS,RS|FZ|AC|NS,"AC,NS||FZ,RS",False,False,0.57081572043134,0.2831781331605654,0.8298602430355912,0.8298602430355912,0.32986024303559125
NS,CH,FZ,SY,"['NS', 'CH', 'FZ', 'SY']",NS + CH,FZ + SY,NS|CH|FZ|SY,"CH,NS||FZ,SY",False,True,0.448109742643452,0.21528484150658272,0.8299748630291788,0.8299748630291788,0.3299748630291788
NS,TD,SY,AC,"['NS', 'TD', 'SY', 'AC']",NS + TD,SY + AC,NS|TD|SY|AC,"AC,SY||NS,TD",False,True,0.48690447638669015,0.2902957581164661,0.16954157671314407,0.16954157671314407,0.33045842328685593
NS,TD,AC,SY,"['NS', 'TD', 'AC', 'SY']",NS + TD,AC + SY,NS|TD|AC|SY,"AC,SY||NS,TD",False,True,0.48690447638669015,0.2902957581164661,0.16949610080859673,0.16949610080859673,0.33050389919140327
TD,TT,AC,NS,"['TD', 'TT', 'AC', 'NS']",TD + TT,AC + NS,TD|TT|AC|NS,"AC,NS||TD,TT",False,False,0.483466759992221,0.24890871472228332,0.1689244847513285,0.1689244847513285,0.3310755152486715
TD,TT,NS,AC,"['TD', 'TT', 'NS', 'AC']",TD + TT,NS + AC,TD|TT|NS|AC,"AC,NS||TD,TT",False,False,0.483466759992221,0.24890871472228332,0.1689244847513285,0.1689244847513285,0.3310755152486715
TT,TD,AC,NS,"['TT', 'TD', 'AC', 'NS']",TT + TD,AC + NS,TT|TD|AC|NS,"AC,NS||TD,TT",False,False,0.483466759992221,0.24890871472228332,0.1689244847513285,0.1689244847513285,0.3310755152486715
TT,TD,NS,AC,"['TT', 'TD', 'NS', 'AC']",TT + TD,NS + AC,TT|TD|NS|AC,"AC,NS||TD,TT",False,False,0.483466759992221,0.24890871472228332,0.1689244847513285,0.1689244847513285,0.3310755152486715
TD,AC,TT,RS,"['TD', 'AC', 'TT', 'RS']",TD + AC,TT + RS,TD|AC|TT|RS,"AC,TD||RS,TT",False,False,0.4929226256743398,0.8859758516033065,0.8311566641640777,0.8311566641640777,0.33115666416407774
CH,RS,NS,SY,"['CH', 'RS', 'NS', 'SY']",CH + RS,NS + SY,CH|RS|NS|SY,"CH,RS||NS,SY",False,False,0.49077199267937405,0.05632770076614127,0.8317545340067991,0.8317545340067991,0.3317545340067991
CH,RS,SY,NS,"['CH', 'RS', 'SY', 'NS']",CH + RS,SY + NS,CH|RS|SY|NS,"CH,RS||NS,SY",False,False,0.49077199267937405,0.05632770076614127,0.8317997326708599,0.8317997326708599,0.33179973267085994
NS,TT,AC,CH,"['NS', 'TT', 'AC', 'CH']",NS + TT,AC + CH,NS|TT|AC|CH,"AC,CH||NS,TT",False,True,0.47478349236649114,0.3116061183473161,0.16804089351381044,0.16804089351381044,0.33195910648618954
TT,NS,AC,CH,"['TT', 'NS', 'AC', 'CH']",TT + NS,AC + CH,TT|NS|AC|CH,"AC,CH||NS,TT",False,True,0.47478349236649114,0.3116061183473161,0.16804089351381044,0.16804089351381044,0.33195910648618954
NS,SY,FZ,TD,"['NS', 'SY', 'FZ', 'TD']",NS + SY,FZ + TD,NS|SY|FZ|TD,"FZ,TD||NS,SY",False,True,0.48405068936034146,0.5516306731032877,0.8339174550613291,0.8339174550613291,0.3339174550613291
FZ,RS,NS,AC,"['FZ', 'RS', 'NS', 'AC']",FZ + RS,NS + AC,FZ|RS|NS|AC,"AC,NS||FZ,RS",False,False,0.57081572043134,0.2831781331605654,0.8357886540888874,0.8357886540888874,0.33578865408888736
NS,TD,SY,FZ,"['NS', 'TD', 'SY', 'FZ']",NS + TD,SY + FZ,NS|TD|SY|FZ,"FZ,SY||NS,TD",False,False,0.4022310892873566,0.05428387985463033,0.1641356226892802,0.1641356226892802,0.33586437731071983
SY,NS,TD,FZ,"['SY', 'NS', 'TD', 'FZ']",SY + NS,TD + FZ,SY|NS|TD|FZ,"FZ,TD||NS,SY",False,True,0.48405068936034146,0.5516306731032877,0.8370183112082082,0.8370183112082082,0.33701831120820824
RS,FZ,TD,TT,"['RS', 'FZ', 'TD', 'TT']",RS + FZ,TD + TT,RS|FZ|TD|TT,"FZ,RS||TD,TT",False,False,0.5869417900220144,0.5234884270930807,0.8378456207805751,0.8378456207805751,0.3378456207805751
TD,TT,FZ,NS,"['TD', 'TT', 'FZ', 'NS']",TD + TT,FZ + NS,TD|TT|FZ|NS,"FZ,NS||TD,TT",False,False,0.3989263949536284,0.04265803392056745,0.16203116859106878,0.16203116859106878,0.3379688314089312
CH,TT,AC,SY,"['CH', 'TT', 'AC', 'SY']",CH + TT,AC + SY,CH|TT|AC|SY,"AC,SY||CH,TT",False,True,0.5080158025998942,0.4167834033143475,0.8382740493098443,0.8382740493098443,0.3382740493098443
CH,TT,SY,AC,"['CH', 'TT', 'SY', 'AC']",CH + TT,SY + AC,CH|TT|SY|AC,"AC,SY||CH,TT",False,True,0.5080158025998942,0.4167834033143475,0.8382740493098443,0.8382740493098443,0.3382740493098443
TT,CH,AC,SY,"['TT', 'CH', 'AC', 'SY']",TT + CH,AC + SY,TT|CH|AC|SY,"AC,SY||CH,TT",True,True,0.5080158025998942,0.4167834033143475,0.8382740493098443,0.8382740493098443,0.3382740493098443
TT,CH,SY,AC,"['TT', 'CH', 'SY', 'AC']",TT + CH,SY + AC,TT|CH|SY|AC,"AC,SY||CH,TT",False,True,0.5080158025998942,0.4167834033143475,0.8382740493098443,0.8382740493098443,0.3382740493098443
TD,AC,NS,FZ,"['TD', 'AC', 'NS', 'FZ']",TD + AC,NS + FZ,TD|AC|NS|FZ,"AC,TD||FZ,NS",False,True,0.39644034666252925,0.05971113971797384,0.16097852132127669,0.16097852132127669,0.33902147867872334
NS,AC,RS,SY,"['NS', 'AC', 'RS', 'SY']",NS + AC,RS + SY,NS|AC|RS|SY,"AC,NS||RS,SY",False,False,0.4638568409497304,0.823818659186548,0.16035563794601979,0.16035563794601979,0.3396443620539802
AC,TT,SY,TD,"['AC', 'TT', 'SY', 'TD']",AC + TT,SY + TD,AC|TT|SY|TD,"AC,TT||SY,TD",False,False,0.4426783608502167,0.2639877871214249,0.15976274563534248,0.15976274563534248,0.3402372543646575
AC,TT,TD,SY,"['AC', 'TT', 'TD', 'SY']",AC + TT,TD + SY,AC|TT|TD|SY,"AC,TT||SY,TD",False,False,0.4426783608502167,0.2639877871214249,0.15976274563534248,0.15976274563534248,0.3402372543646575
CH,TT,FZ,TD,"['CH', 'TT', 'FZ', 'TD']",CH + TT,FZ + TD,CH|TT|FZ|TD,"CH,TT||FZ,TD",False,False,0.4636795502159286,0.3484513436864478,0.8413061724236404,0.8413061724236404,0.34130617242364036
TT,CH,FZ,TD,"['TT', 'CH', 'FZ', 'TD']",TT + CH,FZ + TD,TT|CH|FZ|TD,"CH,TT||FZ,TD",False,False,0.4636795502159286,0.3484513436864478,0.8413061724236404,0.8413061724236404,0.34130617242364036
RS,TD,FZ,NS,"['RS', 'TD', 'FZ', 'NS']",RS + TD,FZ + NS,RS|TD|FZ|NS,"FZ,NS||RS,TD",False,False,0.40971650798124304,0.0038050668070239145,0.15814160246879402,0.15814160246879402,0.34185839753120595
TD,RS,FZ,NS,"['TD', 'RS', 'FZ', 'NS']",TD + RS,FZ + NS,TD|RS|FZ|NS,"FZ,NS||RS,TD",False,False,0.40971650798124304,0.0038050668070239145,0.15814160246879402,0.15814160246879402,0.34185839753120595
NS,AC,SY,RS,"['NS', 'AC', 'SY', 'RS']",NS + AC,SY + RS,NS|AC|SY|RS,"AC,NS||RS,SY",False,False,0.4638568409497304,0.823818659186548,0.1580554516611862,0.1580554516611862,0.3419445483388138
NS,FZ,SY,CH,"['NS', 'FZ', 'SY', 'CH']",NS + FZ,SY + CH,NS|FZ|SY|CH,"CH,SY||FZ,NS",False,True,0.5072555643091784,0.5276867388432895,0.8422541694250557,0.8422541694250557,0.3422541694250557
NS,CH,SY,FZ,"['NS', 'CH', 'SY', 'FZ']",NS + CH,SY + FZ,NS|CH|SY|FZ,"CH,NS||FZ,SY",False,True,0.448109742643452,0.21528484150658272,0.8439653508356916,0.8439653508356916,0.3439653508356916
FZ,RS,SY,TT,"['FZ', 'RS', 'SY', 'TT']",FZ + RS,SY + TT,FZ|RS|SY|TT,"FZ,RS||SY,TT",False,True,0.5461576636941765,0.22951573801053538,0.8444076926055366,0.8444076926055366,0.3444076926055366
FZ,RS,TT,SY,"['FZ', 'RS', 'TT', 'SY']",FZ + RS,TT + SY,FZ|RS|TT|SY,"FZ,RS||SY,TT",False,True,0.5461576636941765,0.22951573801053538,0.8446157327394673,0.8446157327394673,0.34461573273946733
FZ,TT,RS,NS,"['FZ', 'TT', 'RS', 'NS']",FZ + TT,RS + NS,FZ|TT|RS|NS,"FZ,TT||NS,RS",False,False,0.546166913030128,0.961563000442206,0.845351342983556,0.845351342983556,0.34535134298355596
RS,CH,NS,SY,"['RS', 'CH', 'NS', 'SY']",RS + CH,NS + SY,RS|CH|NS|SY,"CH,RS||NS,SY",False,False,0.49077199267937405,0.05632770076614127,0.8461345205913815,0.8461345205913815,0.3461345205913815
RS,CH,SY,NS,"['RS', 'CH', 'SY', 'NS']",RS + CH,SY + NS,RS|CH|SY|NS,"CH,RS||NS,SY",False,False,0.49077199267937405,0.05632770076614127,0.8461765705568237,0.8461765705568237,0.3461765705568237
TD,NS,TT,SY,"['TD', 'NS', 'TT', 'SY']",TD + NS,TT + SY,TD|NS|TT|SY,"NS,TD||SY,TT",False,False,0.4843119245772943,0.35212219976373227,0.1531183782666493,0.1531183782666493,0.3468816217333507
NS,FZ,CH,SY,"['NS', 'FZ', 'CH', 'SY']",NS + FZ,CH + SY,NS|FZ|CH|SY,"CH,SY||FZ,NS",True,True,0.5072555643091784,0.5276867388432895,0.8478163740748297,0.8478163740748297,0.3478163740748297
NS,TD,AC,TT,"['NS', 'TD', 'AC', 'TT']",NS + TD,AC + TT,NS|TD|AC|TT,"AC,TT||NS,TD",False,False,0.5351060618719292,0.6102220604828987,0.15186913603046598,0.15186913603046598,0.348130863969534
NS,TD,TT,AC,"['NS', 'TD', 'TT', 'AC']",NS + TD,TT + AC,NS|TD|TT|AC,"AC,TT||NS,TD",False,False,0.5351060618719292,0.6102220604828987,0.15174414515529525,0.15174414515529525,0.3482558548447048
CH,SY,FZ,AC,"['CH', 'SY', 'FZ', 'AC']",CH + SY,FZ + AC,CH|SY|FZ|AC,"AC,FZ||CH,SY",False,True,0.5211775515863584,0.5984726643018806,0.8486471244822728,0.8486471244822728,0.34864712448227275
RS,TD,AC,SY,"['RS', 'TD', 'AC', 'SY']",RS + TD,AC + SY,RS|TD|AC|SY,"AC,SY||RS,TD",False,False,0.4722790986668882,0.02094581190021101,0.15124003980663353,0.15124003980663353,0.34875996019336647
RS,TD,SY,AC,"['RS', 'TD', 'SY', 'AC']",RS + TD,SY + AC,RS|TD|SY|AC,"AC,SY||RS,TD",False,False,0.4722790986668882,0.02094581190021101,0.15124003980663353,0.15124003980663353,0.34875996019336647
TD,RS,AC,SY,"['TD', 'RS', 'AC', 'SY']",TD + RS,AC + SY,TD|RS|AC|SY,"AC,SY||RS,TD",False,False,0.4722790986668882,0.02094581190021101,0.15124003980663353,0.15124003980663353,0.34875996019336647
TD,RS,SY,AC,"['TD', 'RS', 'SY', 'AC']",TD + RS,SY + AC,TD|RS|SY|AC,"AC,SY||RS,TD",False,False,0.4722790986668882,0.02094581190021101,0.15124003980663353,0.15124003980663353,0.34875996019336647
TT,TD,SY,FZ,"['TT', 'TD', 'SY', 'FZ']",TT + TD,SY + FZ,TT|TD|SY|FZ,"FZ,SY||TD,TT",False,False,0.3776384702286515,0.018792491542131393,0.15117540402828974,0.15117540402828974,0.3488245959717102
TD,TT,SY,FZ,"['TD', 'TT', 'SY', 'FZ']",TD + TT,SY + FZ,TD|TT|SY|FZ,"FZ,SY||TD,TT",False,False,0.3776384702286515,0.018792491542131393,0.15112763433584245,0.15112763433584245,0.3488723656641576
AC,TD,SY,FZ,"['AC', 'TD', 'SY', 'FZ']",AC + TD,SY + FZ,AC|TD|SY|FZ,"AC,TD||FZ,SY",False,False,0.3752022740502169,0.027632748852598223,0.1507030335831851,0.1507030335831851,0.3492969664168149
FZ,RS,AC,NS,"['FZ', 'RS', 'AC', 'NS']",FZ + RS,AC + NS,FZ|RS|AC|NS,"AC,NS||FZ,RS",False,False,0.57081572043134,0.2831781331605654,0.8497435455538379,0.8497435455538379,0.3497435455538379
RS,FZ,SY,NS,"['RS', 'FZ', 'SY', 'NS']",RS + FZ,SY + NS,RS|FZ|SY|NS,"FZ,RS||NS,SY",False,False,0.5204264881448318,0.11647427878677818,0.8499171581929916,0.8499171581929916,0.34991715819299163
FZ,TT,AC,CH,"['FZ', 'TT', 'AC', 'CH']",FZ + TT,AC + CH,FZ|TT|AC|CH,"AC,CH||FZ,TT",False,True,0.5322169292426824,0.5991826513051525,0.8512031410456374,0.8512031410456374,0.35120314104563743
TD,NS,SY,TT,"['TD', 'NS', 'SY', 'TT']",TD + NS,SY + TT,TD|NS|SY|TT,"NS,TD||SY,TT",False,False,0.4843119245772943,0.35212219976373227,0.14836440149019517,0.14836440149019517,0.35163559850980486
TT,TD,FZ,NS,"['TT', 'TD', 'FZ', 'NS']",TT + TD,FZ + NS,TT|TD|FZ|NS,"FZ,NS||TD,TT",False,False,0.3989263949536284,0.04265803392056745,0.1481094841388417,0.1481094841388417,0.35189051586115827
CH,SY,RS,FZ,"['CH', 'SY', 'RS', 'FZ']",CH + SY,RS + FZ,CH|SY|RS|FZ,"CH,SY||FZ,RS",False,False,0.507394224623096,0.9322484155601013,0.8537450611022417,0.8537450611022417,0.3537450611022417
SY,CH,RS,FZ,"['SY', 'CH', 'RS', 'FZ']",SY + CH,RS + FZ,SY|CH|RS|FZ,"CH,SY||FZ,RS",False,False,0.507394224623096,0.9322484155601013,0.8537450611022417,0.8537450611022417,0.3537450611022417
RS,FZ,TT,TD,"['RS', 'FZ', 'TT', 'TD']",RS + FZ,TT + TD,RS|FZ|TT|TD,"FZ,RS||TD,TT",False,False,0.5869417900220144,0.5234884270930807,0.853827776203635,0.853827776203635,0.35382777620363504
AC,SY,FZ,CH,"['AC', 'SY', 'FZ', 'CH']",AC + SY,FZ + CH,AC|SY|FZ|CH,"AC,SY||CH,FZ",True,True,0.4096359550250317,0.15078965967611085,0.8547065663351773,0.8547065663351773,0.3547065663351773
RS,FZ,CH,SY,"['RS', 'FZ', 'CH', 'SY']",RS + FZ,CH + SY,RS|FZ|CH|SY,"CH,SY||FZ,RS",False,False,0.4926057753769039,0.06775158443989868,0.8549550647434103,0.8549550647434103,0.3549550647434103
CH,SY,FZ,RS,"['CH', 'SY', 'FZ', 'RS']",CH + SY,FZ + RS,CH|SY|FZ|RS,"CH,SY||FZ,RS",False,False,0.507394224623096,0.9322484155601013,0.8549690451278518,0.8549690451278518,0.35496904512785177
SY,CH,FZ,RS,"['SY', 'CH', 'FZ', 'RS']",SY + CH,FZ + RS,SY|CH|FZ|RS,"CH,SY||FZ,RS",False,False,0.507394224623096,0.9322484155601013,0.8549690451278518,0.8549690451278518,0.35496904512785177
AC,FZ,NS,CH,"['AC', 'FZ', 'NS', 'CH']",AC + FZ,NS + CH,AC|FZ|NS|CH,"AC,FZ||CH,NS",True,True,0.5012206133721389,0.543513820543381,0.8550292399822779,0.8550292399822779,0.35502923998227787
RS,TD,NS,FZ,"['RS', 'TD', 'NS', 'FZ']",RS + TD,NS + FZ,RS|TD|NS|FZ,"FZ,NS||RS,TD",False,False,0.40971650798124304,0.0038050668070239145,0.14447765356979522,0.14447765356979522,0.35552234643020475
TD,RS,NS,FZ,"['TD', 'RS', 'NS', 'FZ']",TD + RS,NS + FZ,TD|RS|NS|FZ,"FZ,NS||RS,TD",False,False,0.40971650798124304,0.0038050668070239145,0.14447765356979522,0.14447765356979522,0.35552234643020475
CH,SY,NS,RS,"['CH', 'SY', 'NS', 'RS']",CH + SY,NS + RS,CH|SY|NS|RS,"CH,SY||NS,RS",False,False,0.5645323644394661,0.9851621383728472,0.8556054005693737,0.8556054005693737,0.35560540056937373
SY,CH,NS,RS,"['SY', 'CH', 'NS', 'RS']",SY + CH,NS + RS,SY|CH|NS|RS,"CH,SY||NS,RS",False,False,0.5645323644394661,0.9851621383728472,0.8556054005693737,0.8556054005693737,0.35560540056937373
AC,CH,FZ,TT,"['AC', 'CH', 'FZ', 'TT']",AC + CH,FZ + TT,AC|CH|FZ|TT,"AC,CH||FZ,TT",True,True,0.4677830707573175,0.40081734869484753,0.8561942929379514,0.8561942929379514,0.35619429293795135
CH,NS,TT,FZ,"['CH', 'NS', 'TT', 'FZ']",CH + NS,TT + FZ,CH|NS|TT|FZ,"CH,NS||FZ,TT",False,True,0.4961847509071205,0.5257312737090597,0.8569435725983199,0.8569435725983199,0.3569435725983199
CH,TD,TT,NS,"['CH', 'TD', 'TT', 'NS']",CH + TD,TT + NS,CH|TD|TT|NS,"CH,TD||NS,TT",False,False,0.5344953590435617,0.612158309905706,0.8569855022798719,0.8569855022798719,0.3569855022798719
TD,CH,TT,NS,"['TD', 'CH', 'TT', 'NS']",TD + CH,TT + NS,TD|CH|TT|NS,"CH,TD||NS,TT",False,False,0.5344953590435617,0.612158309905706,0.8569855022798719,0.8569855022798719,0.3569855022798719
CH,TD,NS,TT,"['CH', 'TD', 'NS', 'TT']",CH + TD,NS + TT,CH|TD|NS|TT,"CH,TD||NS,TT",False,False,0.5344953590435617,0.612158309905706,0.8571044334597596,0.8571044334597596,0.3571044334597596
TD,CH,NS,TT,"['TD', 'CH', 'NS', 'TT']",TD + CH,NS + TT,TD|CH|NS|TT,"CH,TD||NS,TT",False,False,0.5344953590435617,0.612158309905706,0.8571044334597596,0.8571044334597596,0.3571044334597596
FZ,RS,TD,TT,"['FZ', 'RS', 'TD', 'TT']",FZ + RS,TD + TT,FZ|RS|TD|TT,"FZ,RS||TD,TT",False,False,0.5869417900220144,0.5234884270930807,0.8571506730425776,0.8571506730425776,0.35715067304257764
NS,SY,FZ,TT,"['NS', 'SY', 'FZ', 'TT']",NS + SY,FZ + TT,NS|SY|FZ|TT,"FZ,TT||NS,SY",False,True,0.49076394549743113,0.5402000296739633,0.8574045797048203,0.8574045797048203,0.3574045797048203
FZ,TT,SY,TD,"['FZ', 'TT', 'SY', 'TD']",FZ + TT,SY + TD,FZ|TT|SY|TD,"FZ,TT||SY,TD",False,True,0.5283406729282266,0.6599853484942142,0.8579489855426355,0.8579489855426355,0.35794898554263554
NS,TD,FZ,SY,"['NS', 'TD', 'FZ', 'SY']",NS + TD,FZ + SY,NS|TD|FZ|SY,"FZ,SY||NS,TD",False,False,0.4022310892873566,0.05428387985463033,0.14122957231715985,0.14122957231715985,0.3587704276828402
RS,FZ,SY,CH,"['RS', 'FZ', 'SY', 'CH']",RS + FZ,SY + CH,RS|FZ|SY|CH,"CH,SY||FZ,RS",False,False,0.4926057753769039,0.06775158443989868,0.8589120670713516,0.8589120670713516,0.3589120670713516
AC,NS,TT,CH,"['AC', 'NS', 'TT', 'CH']",AC + NS,TT + CH,AC|NS|TT|CH,"AC,NS||CH,TT",True,True,0.4696101705514696,0.44209066851421663,0.1410609063940252,0.1410609063940252,0.3589390936059748
SY,CH,FZ,AC,"['SY', 'CH', 'FZ', 'AC']",SY + CH,FZ + AC,SY|CH|FZ|AC,"AC,FZ||CH,SY",False,True,0.5211775515863584,0.5984726643018806,0.859304463498501,0.859304463498501,0.359304463498501
RS,FZ,NS,TD,"['RS', 'FZ', 'NS', 'TD']",RS + FZ,NS + TD,RS|FZ|NS|TD,"FZ,RS||NS,TD",False,False,0.5616671203252158,0.3507168427975677,0.8598348918899476,0.8598348918899476,0.35983489188994755
RS,FZ,TD,NS,"['RS', 'FZ', 'TD', 'NS']",RS + FZ,TD + NS,RS|FZ|TD|NS,"FZ,RS||NS,TD",False,False,0.5616671203252158,0.3507168427975677,0.8598348918899476,0.8598348918899476,0.35983489188994755
TT,CH,NS,RS,"['TT', 'CH', 'NS', 'RS']",TT + CH,NS + RS,TT|CH|NS|RS,"CH,TT||NS,RS",False,False,0.5166257374090256,0.9170249308319349,0.8608929678361732,0.8608929678361732,0.3608929678361732
CH,TT,NS,RS,"['CH', 'TT', 'NS', 'RS']",CH + TT,NS + RS,CH|TT|NS|RS,"CH,TT||NS,RS",False,False,0.5166257374090256,0.9170249308319349,0.8611086171195048,0.8611086171195048,0.3611086171195048
NS,TD,RS,TT,"['NS', 'TD', 'RS', 'TT']",NS + TD,RS + TT,NS|TD|RS|TT,"NS,TD||RS,TT",False,False,0.521355455761493,0.9318720470929791,0.862881073921646,0.862881073921646,0.36288107392164604
TD,AC,TT,FZ,"['TD', 'AC', 'TT', 'FZ']",TD + AC,TT + FZ,TD|AC|TT|FZ,"AC,TD||FZ,TT",False,False,0.4214282766518,0.14239276980442878,0.13693864893738159,0.13693864893738159,0.3630613510626184
CH,SY,TD,FZ,"['CH', 'SY', 'TD', 'FZ']",CH + SY,TD + FZ,CH|SY|TD|FZ,"CH,SY||FZ,TD",False,True,0.5118756695511151,0.6731648780034849,0.8631410411565138,0.8631410411565138,0.3631410411565138
TD,TT,NS,SY,"['TD', 'TT', 'NS', 'SY']",TD + TT,NS + SY,TD|TT|NS|SY,"NS,SY||TD,TT",False,False,0.4330088154057072,0.08977265646125854,0.13674461287818465,0.13674461287818465,0.3632553871218154
TD,TT,SY,NS,"['TD', 'TT', 'SY', 'NS']",TD + TT,SY + NS,TD|TT|SY|NS,"NS,SY||TD,TT",False,False,0.4330088154057072,0.08977265646125854,0.13674461287818465,0.13674461287818465,0.3632553871218154
AC,TD,FZ,NS,"['AC', 'TD', 'FZ', 'NS']",AC + TD,FZ + NS,AC|TD|FZ|NS,"AC,TD||FZ,NS",False,True,0.39644034666252925,0.05971113971797384,0.13620848762355886,0.13620848762355886,0.36379151237644114
SY,AC,FZ,TD,"['SY', 'AC', 'FZ', 'TD']",SY + AC,FZ + TD,SY|AC|FZ|TD,"AC,SY||FZ,TD",False,True,0.4557153193507704,0.4273292055255799,0.8647413014795454,0.8647413014795454,0.3647413014795454
AC,NS,CH,TT,"['AC', 'NS', 'CH', 'TT']",AC + NS,CH + TT,AC|NS|CH|TT,"AC,NS||CH,TT",False,True,0.4696101705514696,0.44209066851421663,0.13517370211128604,0.13517370211128604,0.36482629788871396
TT,TD,NS,FZ,"['TT', 'TD', 'NS', 'FZ']",TT + TD,NS + FZ,TT|TD|NS|FZ,"FZ,NS||TD,TT",False,False,0.3989263949536284,0.04265803392056745,0.13517316375178892,0.13517316375178892,0.3648268362482111
TD,TT,NS,FZ,"['TD', 'TT', 'NS', 'FZ']",TD + TT,NS + FZ,TD|TT|NS|FZ,"FZ,NS||TD,TT",False,False,0.3989263949536284,0.04265803392056745,0.1351296456041729,0.1351296456041729,0.3648703543958271
TT,CH,RS,NS,"['TT', 'CH', 'RS', 'NS']",TT + CH,RS + NS,TT|CH|RS|NS,"CH,TT||NS,RS",False,False,0.5166257374090256,0.9170249308319349,0.8648992467012345,0.8648992467012345,0.3648992467012345
CH,TT,RS,NS,"['CH', 'TT', 'RS', 'NS']",CH + TT,RS + NS,CH|TT|RS|NS,"CH,TT||NS,RS",False,False,0.5166257374090256,0.9170249308319349,0.8651096584229947,0.8651096584229947,0.3651096584229947
NS,TD,TT,RS,"['NS', 'TD', 'TT', 'RS']",NS + TD,TT + RS,NS|TD|TT|RS,"NS,TD||RS,TT",False,False,0.521355455761493,0.9318720470929791,0.8669509610244615,0.8669509610244615,0.36695096102446145
SY,NS,FZ,AC,"['SY', 'NS', 'FZ', 'AC']",SY + NS,FZ + AC,SY|NS|FZ|AC,"AC,FZ||NS,SY",False,False,0.493357992858037,0.47105217731012256,0.8672133295105178,0.8672133295105178,0.36721332951051777
FZ,RS,SY,NS,"['FZ', 'RS', 'SY', 'NS']",FZ + RS,SY + NS,FZ|RS|SY|NS,"FZ,RS||NS,SY",False,False,0.5204264881448318,0.11647427878677818,0.8680114516085876,0.8680114516085876,0.3680114516085876
RS,TD,SY,FZ,"['RS', 'TD', 'SY', 'FZ']",RS + TD,SY + FZ,RS|TD|SY|FZ,"FZ,SY||RS,TD",False,False,0.38822468648991304,0.0013401275741784303,0.13186620668362137,0.13186620668362137,0.36813379331637863
TD,RS,SY,FZ,"['TD', 'RS', 'SY', 'FZ']",TD + RS,SY + FZ,TD|RS|SY|FZ,"FZ,SY||RS,TD",False,False,0.38822468648991304,0.0013401275741784303,0.13186620668362137,0.13186620668362137,0.36813379331637863
CH,TD,FZ,TT,"['CH', 'TD', 'FZ', 'TT']",CH + TD,FZ + TT,CH|TD|FZ|TT,"CH,TD||FZ,TT",False,False,0.47706680183030875,0.3268454057567367,0.8686836930889817,0.8686836930889817,0.36868369308898175
TD,CH,FZ,TT,"['TD', 'CH', 'FZ', 'TT']",TD + CH,FZ + TT,TD|CH|FZ|TT,"CH,TD||FZ,TT",False,False,0.47706680183030875,0.3268454057567367,0.8686836930889817,0.8686836930889817,0.36868369308898175
FZ,AC,SY,NS,"['FZ', 'AC', 'SY', 'NS']",FZ + AC,SY + NS,FZ|AC|SY|NS,"AC,FZ||NS,SY",False,False,0.506642007141963,0.5289478226898774,0.8691225941667843,0.8691225941667843,0.3691225941667843
TT,TD,FZ,SY,"['TT', 'TD', 'FZ', 'SY']",TT + TD,FZ + SY,TT|TD|FZ|SY,"FZ,SY||TD,TT",False,False,0.3776384702286515,0.018792491542131393,0.1297971656689531,0.1297971656689531,0.3702028343310469
TD,TT,FZ,SY,"['TD', 'TT', 'FZ', 'SY']",TD + TT,FZ + SY,TD|TT|FZ|SY,"FZ,SY||TD,TT",False,False,0.3776384702286515,0.018792491542131393,0.1297551186124883,0.1297551186124883,0.37024488138751166
TT,FZ,CH,NS,"['TT', 'FZ', 'CH', 'NS']",TT + FZ,CH + NS,TT|FZ|CH|NS,"CH,NS||FZ,TT",False,True,0.5038152490928794,0.4742687262909403,0.12971904340502713,0.12971904340502713,0.37028095659497284
AC,TD,FZ,SY,"['AC', 'TD', 'FZ', 'SY']",AC + TD,FZ + SY,AC|TD|FZ|SY,"AC,TD||FZ,SY",False,False,0.3752022740502169,0.027632748852598223,0.12938141290009464,0.12938141290009464,0.37061858709990536
TD,FZ,RS,NS,"['TD', 'FZ', 'RS', 'NS']",TD + FZ,RS + NS,TD|FZ|RS|NS,"FZ,TD||NS,RS",False,False,0.552818608226612,0.9581503573501029,0.870855472451711,0.870855472451711,0.370855472451711
FZ,RS,TT,TD,"['FZ', 'RS', 'TT', 'TD']",FZ + RS,TT + TD,FZ|RS|TT|TD,"FZ,RS||TD,TT",False,False,0.5869417900220144,0.5234884270930807,0.8715218678401474,0.8715218678401474,0.3715218678401474
AC,SY,CH,FZ,"['AC', 'SY', 'CH', 'FZ']",AC + SY,CH + FZ,AC|SY|CH|FZ,"AC,SY||CH,FZ",True,True,0.4096359550250317,0.15078965967611085,0.8718109543469653,0.8718109543469653,0.3718109543469653
TT,FZ,SY,NS,"['TT', 'FZ', 'SY', 'NS']",TT + FZ,SY + NS,TT|FZ|SY|NS,"FZ,TT||NS,SY",False,True,0.5092360545025688,0.45979997032603676,0.12817088194728907,0.12817088194728907,0.3718291180527109
AC,CH,SY,TT,"['AC', 'CH', 'SY', 'TT']",AC + CH,SY + TT,AC|CH|SY|TT,"AC,CH||SY,TT",False,False,0.5028270446086349,0.5545252440107643,0.8718320396883688,0.8718320396883688,0.37183203968836875
CH,SY,RS,NS,"['CH', 'SY', 'RS', 'NS']",CH + SY,RS + NS,CH|SY|RS|NS,"CH,SY||NS,RS",False,False,0.5645323644394661,0.9851621383728472,0.8723257190613599,0.8723257190613599,0.3723257190613599
SY,CH,RS,NS,"['SY', 'CH', 'RS', 'NS']",SY + CH,RS + NS,SY|CH|RS|NS,"CH,SY||NS,RS",False,False,0.5645323644394661,0.9851621383728472,0.8723257190613599,0.8723257190613599,0.3723257190613599
FZ,RS,CH,SY,"['FZ', 'RS', 'CH', 'SY']",FZ + RS,CH + SY,FZ|RS|CH|SY,"CH,SY||FZ,RS",False,False,0.4926057753769039,0.06775158443989868,0.8725330701633865,0.8725330701633865,0.37253307016338655
SY,CH,TD,FZ,"['SY', 'CH', 'TD', 'FZ']",SY + CH,TD + FZ,SY|CH|TD|FZ,"CH,SY||FZ,TD",False,True,0.5118756695511151,0.6731648780034849,0.8729306197262019,0.8729306197262019,0.3729306197262019
AC,NS,TT,SY,"['AC', 'NS', 'TT', 'SY']",AC + NS,TT + SY,AC|NS|TT|SY,"AC,NS||SY,TT",True,True,0.47501527414774997,0.42782846965165655,0.1260529799751456,0.1260529799751456,0.37394702002485436
RS,TD,FZ,SY,"['RS', 'TD', 'FZ', 'SY']",RS + TD,FZ + SY,RS|TD|FZ|SY,"FZ,SY||RS,TD",False,False,0.38822468648991304,0.0013401275741784303,0.12543529972179132,0.12543529972179132,0.37456470027820865
TD,RS,FZ,SY,"['TD', 'RS', 'FZ', 'SY']",TD + RS,FZ + SY,TD|RS|FZ|SY,"FZ,SY||RS,TD",False,False,0.38822468648991304,0.0013401275741784303,0.12543529972179132,0.12543529972179132,0.37456470027820865
NS,TD,RS,AC,"['NS', 'TD', 'RS', 'AC']",NS + TD,RS + AC,NS|TD|RS|AC,"AC,RS||NS,TD",False,False,0.5239448326194609,0.9096989301983907,0.874863348884692,0.874863348884692,0.37486334888469197
NS,TD,AC,RS,"['NS', 'TD', 'AC', 'RS']",NS + TD,AC + RS,NS|TD|AC|RS,"AC,RS||NS,TD",False,False,0.5239448326194609,0.9096989301983907,0.8749695818744441,0.8749695818744441,0.37496958187444407
TT,TD,NS,SY,"['TT', 'TD', 'NS', 'SY']",TT + TD,NS + SY,TT|TD|NS|SY,"NS,SY||TD,TT",False,False,0.4330088154057072,0.08977265646125854,0.12467230411433125,0.12467230411433125,0.3753276958856687
TT,TD,SY,NS,"['TT', 'TD', 'SY', 'NS']",TT + TD,SY + NS,TT|TD|SY|NS,"NS,SY||TD,TT",False,False,0.4330088154057072,0.08977265646125854,0.12467230411433125,0.12467230411433125,0.3753276958856687
AC,SY,NS,RS,"['AC', 'SY', 'NS', 'RS']",AC + SY,NS + RS,AC|SY|NS|RS,"AC,SY||NS,RS",False,False,0.5086145269939443,0.9431735501088321,0.8754873413825779,0.8754873413825779,0.3754873413825779
AC,TD,NS,FZ,"['AC', 'TD', 'NS', 'FZ']",AC + TD,NS + FZ,AC|TD|NS|FZ,"AC,TD||FZ,NS",False,True,0.39644034666252925,0.05971113971797384,0.12416013652107359,0.12416013652107359,0.3758398634789264
AC,CH,TT,SY,"['AC', 'CH', 'TT', 'SY']",AC + CH,TT + SY,AC|CH|TT|SY,"AC,CH||SY,TT",False,False,0.5028270446086349,0.5545252440107643,0.875959958033484,0.875959958033484,0.37595995803348403
FZ,RS,SY,CH,"['FZ', 'RS', 'SY', 'CH']",FZ + RS,SY + CH,FZ|RS|SY|CH,"CH,SY||FZ,RS",False,False,0.4926057753769039,0.06775158443989868,0.8760800305615036,0.8760800305615036,0.37608003056150363
FZ,RS,NS,TD,"['FZ', 'RS', 'NS', 'TD']",FZ + RS,NS + TD,FZ|RS|NS|TD,"FZ,RS||NS,TD",False,False,0.5616671203252158,0.3507168427975677,0.8769066564356667,0.8769066564356667,0.3769066564356667
FZ,RS,TD,NS,"['FZ', 'RS', 'TD', 'NS']",FZ + RS,TD + NS,FZ|RS|TD|NS,"FZ,RS||NS,TD",False,False,0.5616671203252158,0.3507168427975677,0.8769066564356667,0.8769066564356667,0.3769066564356667
SY,AC,TD,FZ,"['SY', 'AC', 'TD', 'FZ']",SY + AC,TD + FZ,SY|AC|TD|FZ,"AC,SY||FZ,TD",False,True,0.4557153193507704,0.4273292055255799,0.8777081173064022,0.8777081173064022,0.3777081173064022
TD,NS,CH,FZ,"['TD', 'NS', 'CH', 'FZ']",TD + NS,CH + FZ,TD|NS|CH|FZ,"CH,FZ||NS,TD",False,False,0.39702784577265093,0.05826833428930312,0.12212543430531445,0.12212543430531445,0.3778745656946856
CH,RS,AC,TD,"['CH', 'RS', 'AC', 'TD']",CH + RS,AC + TD,CH|RS|AC|TD,"AC,TD||CH,RS",False,False,0.5604647120825785,0.3146680893829269,0.8779309336448787,0.8779309336448787,0.37793093364487873
CH,RS,TD,AC,"['CH', 'RS', 'TD', 'AC']",CH + RS,TD + AC,CH|RS|TD|AC,"AC,TD||CH,RS",False,False,0.5604647120825785,0.3146680893829269,0.8779309336448787,0.8779309336448787,0.37793093364487873
AC,NS,SY,TT,"['AC', 'NS', 'SY', 'TT']",AC + NS,SY + TT,AC|NS|SY|TT,"AC,NS||SY,TT",False,True,0.47501527414774997,0.42782846965165655,0.12198364827088477,0.12198364827088477,0.37801635172911524
SY,RS,AC,TD,"['SY', 'RS', 'AC', 'TD']",SY + RS,AC + TD,SY|RS|AC|TD,"AC,TD||RS,SY",False,False,0.5551154128324126,0.32657088183448313,0.8780426529852531,0.8780426529852531,0.3780426529852531
SY,RS,TD,AC,"['SY', 'RS', 'TD', 'AC']",SY + RS,TD + AC,SY|RS|TD|AC,"AC,TD||RS,SY",False,False,0.5551154128324126,0.32657088183448313,0.8780426529852531,0.8780426529852531,0.3780426529852531
NS,SY,TT,FZ,"['NS', 'SY', 'TT', 'FZ']",NS + SY,TT + FZ,NS|SY|TT|FZ,"FZ,TT||NS,SY",True,True,0.49076394549743113,0.5402000296739633,0.8786036430529703,0.8786036430529703,0.37860364305297034
AC,SY,RS,NS,"['AC', 'SY', 'RS', 'NS']",AC + SY,RS + NS,AC|SY|RS|NS,"AC,SY||NS,RS",False,False,0.5086145269939443,0.9431735501088321,0.8791323144373037,0.8791323144373037,0.37913231443730366
FZ,TT,NS,AC,"['FZ', 'TT', 'NS', 'AC']",FZ + TT,NS + AC,FZ|TT|NS|AC,"AC,NS||FZ,TT",False,False,0.559806555708552,0.7148367947263488,0.8800798803868312,0.8800798803868312,0.38007988038683116
SY,TD,AC,NS,"['SY', 'TD', 'AC', 'NS']",SY + TD,AC + NS,SY|TD|AC|NS,"AC,NS||SY,TD",False,False,0.5316806724213357,0.5599242423179406,0.8806480426727977,0.8806480426727977,0.3806480426727977
SY,TD,NS,AC,"['SY', 'TD', 'NS', 'AC']",SY + TD,NS + AC,SY|TD|NS|AC,"AC,NS||SY,TD",False,False,0.5316806724213357,0.5599242423179406,0.8806480426727977,0.8806480426727977,0.3806480426727977
TD,SY,AC,NS,"['TD', 'SY', 'AC', 'NS']",TD + SY,AC + NS,TD|SY|AC|NS,"AC,NS||SY,TD",False,False,0.5316806724213357,0.5599242423179406,0.8806480426727977,0.8806480426727977,0.3806480426727977
TD,SY,NS,AC,"['TD', 'SY', 'NS', 'AC']",TD + SY,NS + AC,TD|SY|NS|AC,"AC,NS||SY,TD",False,False,0.5316806724213357,0.5599242423179406,0.8806480426727977,0.8806480426727977,0.3806480426727977
RS,TT,AC,NS,"['RS', 'TT', 'AC', 'NS']",RS + TT,AC + NS,RS|TT|AC|NS,"AC,NS||RS,TT",False,False,0.4879462059076982,0.045462374290393924,0.11836679649501329,0.11836679649501329,0.3816332035049867
RS,TT,NS,AC,"['RS', 'TT', 'NS', 'AC']",RS + TT,NS + AC,RS|TT|NS|AC,"AC,NS||RS,TT",False,False,0.4879462059076982,0.045462374290393924,0.11836679649501329,0.11836679649501329,0.3816332035049867
TT,RS,AC,NS,"['TT', 'RS', 'AC', 'NS']",TT + RS,AC + NS,TT|RS|AC|NS,"AC,NS||RS,TT",False,False,0.4879462059076982,0.045462374290393924,0.11836679649501329,0.11836679649501329,0.3816332035049867
TT,RS,NS,AC,"['TT', 'RS', 'NS', 'AC']",TT + RS,NS + AC,TT|RS|NS|AC,"AC,NS||RS,TT",False,False,0.4879462059076982,0.045462374290393924,0.11836679649501329,0.11836679649501329,0.3816332035049867
FZ,NS,SY,CH,"['FZ', 'NS', 'SY', 'CH']",FZ + NS,SY + CH,FZ|NS|SY|CH,"CH,SY||FZ,NS",False,True,0.5072555643091784,0.5276867388432895,0.8827492844860023,0.8827492844860023,0.3827492844860023
RS,TD,FZ,AC,"['RS', 'TD', 'FZ', 'AC']",RS + TD,FZ + AC,RS|TD|FZ|AC,"AC,FZ||RS,TD",False,False,0.4374906975273661,0.008605018384879475,0.11507850699099914,0.11507850699099914,0.38492149300900086
TD,RS,FZ,AC,"['TD', 'RS', 'FZ', 'AC']",TD + RS,FZ + AC,TD|RS|FZ|AC,"AC,FZ||RS,TD",False,False,0.4374906975273661,0.008605018384879475,0.11507850699099914,0.11507850699099914,0.38492149300900086
CH,NS,FZ,SY,"['CH', 'NS', 'FZ', 'SY']",CH + NS,FZ + SY,CH|NS|FZ|SY,"CH,NS||FZ,SY",False,True,0.448109742643452,0.21528484150658272,0.8856179619409397,0.8856179619409397,0.38561796194093967
NS,RS,SY,TD,"['NS', 'RS', 'SY', 'TD']",NS + RS,SY + TD,NS|RS|SY|TD,"NS,RS||SY,TD",False,False,0.4820799735485796,0.08367435664039707,0.11358403493091038,0.11358403493091038,0.3864159650690896
RS,NS,SY,TD,"['RS', 'NS', 'SY', 'TD']",RS + NS,SY + TD,RS|NS|SY|TD,"NS,RS||SY,TD",False,False,0.4820799735485796,0.08367435664039707,0.11358403493091038,0.11358403493091038,0.3864159650690896
NS,RS,TD,SY,"['NS', 'RS', 'TD', 'SY']",NS + RS,TD + SY,NS|RS|TD|SY,"NS,RS||SY,TD",False,False,0.4820799735485796,0.08367435664039707,0.11355151615070269,0.11355151615070269,0.3864484838492973
RS,NS,TD,SY,"['RS', 'NS', 'TD', 'SY']",RS + NS,TD + SY,RS|NS|TD|SY,"NS,RS||SY,TD",False,False,0.4820799735485796,0.08367435664039707,0.11355151615070269,0.11355151615070269,0.3864484838492973
FZ,NS,CH,SY,"['FZ', 'NS', 'CH', 'SY']",FZ + NS,CH + SY,FZ|NS|CH|SY,"CH,SY||FZ,NS",True,True,0.5072555643091784,0.5276867388432895,0.8870750516690753,0.8870750516690753,0.3870750516690753
RS,CH,AC,TD,"['RS', 'CH', 'AC', 'TD']",RS + CH,AC + TD,RS|CH|AC|TD,"AC,TD||CH,RS",False,False,0.5604647120825785,0.3146680893829269,0.8888914253435767,0.8888914253435767,0.3888914253435767
RS,CH,TD,AC,"['RS', 'CH', 'TD', 'AC']",RS + CH,TD + AC,RS|CH|TD|AC,"AC,TD||CH,RS",False,False,0.5604647120825785,0.3146680893829269,0.8888914253435767,0.8888914253435767,0.3888914253435767
AC,FZ,SY,TT,"['AC', 'FZ', 'SY', 'TT']",AC + FZ,SY + TT,AC|FZ|SY|TT,"AC,FZ||SY,TT",True,True,0.5324483249614835,0.7125898529628892,0.8889547001648844,0.8889547001648844,0.3889547001648844
RS,SY,AC,TD,"['RS', 'SY', 'AC', 'TD']",RS + SY,AC + TD,RS|SY|AC|TD,"AC,TD||RS,SY",False,False,0.5551154128324126,0.32657088183448313,0.8889943818314913,0.8889943818314913,0.38899438183149126
RS,SY,TD,AC,"['RS', 'SY', 'TD', 'AC']",RS + SY,TD + AC,RS|SY|TD|AC,"AC,TD||RS,SY",False,False,0.5551154128324126,0.32657088183448313,0.8889943818314913,0.8889943818314913,0.38899438183149126
AC,FZ,TT,CH,"['AC', 'FZ', 'TT', 'CH']",AC + FZ,TT + CH,AC|FZ|TT|CH,"AC,FZ||CH,TT",False,True,0.5270457870455779,0.7249952974771543,0.8906673182618304,0.8906673182618304,0.39066731826183043
FZ,TT,AC,NS,"['FZ', 'TT', 'AC', 'NS']",FZ + TT,AC + NS,FZ|TT|AC|NS,"AC,NS||FZ,TT",False,False,0.559806555708552,0.7148367947263488,0.8907627898491053,0.8907627898491053,0.3907627898491053
FZ,AC,NS,CH,"['FZ', 'AC', 'NS', 'CH']",FZ + AC,NS + CH,FZ|AC|NS|CH,"AC,FZ||CH,NS",False,True,0.5012206133721389,0.543513820543381,0.8908062075048383,0.8908062075048383,0.3908062075048383
TD,NS,FZ,CH,"['TD', 'NS', 'FZ', 'CH']",TD + NS,FZ + CH,TD|NS|FZ|CH,"CH,FZ||NS,TD",False,False,0.39702784577265093,0.05826833428930312,0.1074057175669543,0.1074057175669543,0.3925942824330457
AC,FZ,TT,SY,"['AC', 'FZ', 'TT', 'SY']",AC + FZ,TT + SY,AC|FZ|TT|SY,"AC,FZ||SY,TT",True,True,0.5324483249614835,0.7125898529628892,0.8925990829645232,0.8925990829645232,0.39259908296452317
CH,TT,AC,NS,"['CH', 'TT', 'AC', 'NS']",CH + TT,AC + NS,CH|TT|AC|NS,"AC,NS||CH,TT",False,True,0.5303898294485305,0.5579093314857834,0.8929058252645994,0.8929058252645994,0.3929058252645994
CH,TT,NS,AC,"['CH', 'TT', 'NS', 'AC']",CH + TT,NS + AC,CH|TT|NS|AC,"AC,NS||CH,TT",False,True,0.5303898294485305,0.5579093314857834,0.8929058252645994,0.8929058252645994,0.3929058252645994
TT,CH,AC,NS,"['TT', 'CH', 'AC', 'NS']",TT + CH,AC + NS,TT|CH|AC|NS,"AC,NS||CH,TT",True,True,0.5303898294485305,0.5579093314857834,0.8929058252645994,0.8929058252645994,0.3929058252645994
TT,CH,NS,AC,"['TT', 'CH', 'NS', 'AC']",TT + CH,NS + AC,TT|CH|NS|AC,"AC,NS||CH,TT",False,True,0.5303898294485305,0.5579093314857834,0.8929058252645994,0.8929058252645994,0.3929058252645994
AC,FZ,CH,TT,"['AC', 'FZ', 'CH', 'TT']",AC + FZ,CH + TT,AC|FZ|CH|TT,"AC,FZ||CH,TT",False,True,0.5270457870455779,0.7249952974771543,0.8931063436274109,0.8931063436274109,0.3931063436274109
RS,TD,AC,FZ,"['RS', 'TD', 'AC', 'FZ']",RS + TD,AC + FZ,RS|TD|AC|FZ,"AC,FZ||RS,TD",False,False,0.4374906975273661,0.008605018384879475,0.10629410941860638,0.10629410941860638,0.3937058905813936
TD,RS,AC,FZ,"['TD', 'RS', 'AC', 'FZ']",TD + RS,AC + FZ,TD|RS|AC|FZ,"AC,FZ||RS,TD",False,False,0.4374906975273661,0.008605018384879475,0.10629410941860638,0.10629410941860638,0.3937058905813936
AC,SY,NS,FZ,"['AC', 'SY', 'NS', 'FZ']",AC + SY,NS + FZ,AC|SY|NS|FZ,"AC,SY||FZ,NS",False,True,0.4368047643955912,0.23981862378499225,0.8937132106412251,0.8937132106412251,0.3937132106412251
FZ,TT,CH,AC,"['FZ', 'TT', 'CH', 'AC']",FZ + TT,CH + AC,FZ|TT|CH|AC,"AC,CH||FZ,TT",False,True,0.5322169292426824,0.5991826513051525,0.8940617032949912,0.8940617032949912,0.39406170329499124
CH,TD,FZ,SY,"['CH', 'TD', 'FZ', 'SY']",CH + TD,FZ + SY,CH|TD|FZ|SY,"CH,TD||FZ,SY",True,True,0.42926588149626493,0.09770098219387602,0.8949327681143286,0.8949327681143286,0.39493276811432865
CH,SY,FZ,NS,"['CH', 'SY', 'FZ', 'NS']",CH + SY,FZ + NS,CH|SY|FZ|NS,"CH,SY||FZ,NS",True,True,0.49274443569082166,0.47231326115671046,0.8952951707046074,0.8952951707046074,0.3952951707046074
CH,NS,SY,FZ,"['CH', 'NS', 'SY', 'FZ']",CH + NS,SY + FZ,CH|NS|SY|FZ,"CH,NS||FZ,SY",False,True,0.448109742643452,0.21528484150658272,0.8956057614578725,0.8956057614578725,0.3956057614578725
AC,NS,TT,TD,"['AC', 'NS', 'TT', 'TD']",AC + NS,TT + TD,AC|NS|TT|TD,"AC,NS||TD,TT",False,False,0.516533240007779,0.7510912852777167,0.8960316028637921,0.8960316028637921,0.39603160286379213
AC,NS,TD,TT,"['AC', 'NS', 'TD', 'TT']",AC + NS,TD + TT,AC|NS|TD|TT,"AC,NS||TD,TT",False,False,0.516533240007779,0.7510912852777167,0.8961219991125008,0.8961219991125008,0.3961219991125008
NS,AC,RS,CH,"['NS', 'AC', 'RS', 'CH']",NS + AC,RS + CH,NS|AC|RS|CH,"AC,NS||CH,RS",False,False,0.4584678247217887,0.8324519077309096,0.10357496797253389,0.10357496797253389,0.3964250320274661
AC,NS,RS,SY,"['AC', 'NS', 'RS', 'SY']",AC + NS,RS + SY,AC|NS|RS|SY,"AC,NS||RS,SY",False,False,0.4638568409497304,0.823818659186548,0.10270937075433205,0.10270937075433205,0.39729062924566794
CH,TD,TT,AC,"['CH', 'TD', 'TT', 'AC']",CH + TD,TT + AC,CH|TD|TT|AC,"AC,TT||CH,TD",False,False,0.5626653099277676,0.724280586054578,0.8974769075200854,0.8974769075200854,0.39747690752008535
TD,CH,TT,AC,"['TD', 'CH', 'TT', 'AC']",TD + CH,TT + AC,TD|CH|TT|AC,"AC,TT||CH,TD",False,False,0.5626653099277676,0.724280586054578,0.8974769075200854,0.8974769075200854,0.39747690752008535
CH,TD,AC,TT,"['CH', 'TD', 'AC', 'TT']",CH + TD,AC + TT,CH|TD|AC|TT,"AC,TT||CH,TD",False,False,0.5626653099277676,0.724280586054578,0.8975661907933412,0.8975661907933412,0.3975661907933412
TD,CH,AC,TT,"['TD', 'CH', 'AC', 'TT']",TD + CH,AC + TT,TD|CH|AC|TT,"AC,TT||CH,TD",False,False,0.5626653099277676,0.724280586054578,0.8975661907933412,0.8975661907933412,0.3975661907933412
RS,TD,TT,SY,"['RS', 'TD', 'TT', 'SY']",RS + TD,TT + SY,RS|TD|TT|SY,"RS,TD||SY,TT",False,True,0.4696931341383711,0.030691150727039075,0.10136603281106871,0.10136603281106871,0.3986339671889313
TD,RS,TT,SY,"['TD', 'RS', 'TT', 'SY']",TD + RS,TT + SY,TD|RS|TT|SY,"RS,TD||SY,TT",False,True,0.4696931341383711,0.030691150727039075,0.10136603281106871,0.10136603281106871,0.3986339671889313
AC,NS,SY,RS,"['AC', 'NS', 'SY', 'RS']",AC + NS,SY + RS,AC|NS|SY|RS,"AC,NS||RS,SY",False,False,0.4638568409497304,0.823818659186548,0.10113647800254669,0.10113647800254669,0.39886352199745334
RS,FZ,TD,SY,"['RS', 'FZ', 'TD', 'SY']",RS + FZ,TD + SY,RS|FZ|TD|SY,"FZ,RS||SY,TD",False,False,0.5394894244689469,0.23947101171998708,0.8989781330586547,0.8989781330586547,0.3989781330586547
SY,AC,FZ,CH,"['SY', 'AC', 'FZ', 'CH']",SY + AC,FZ + CH,SY|AC|FZ|CH,"AC,SY||CH,FZ",False,True,0.4096359550250317,0.15078965967611085,0.8992609976195739,0.8992609976195739,0.3992609976195739
NS,AC,CH,RS,"['NS', 'AC', 'CH', 'RS']",NS + AC,CH + RS,NS|AC|CH|RS,"AC,NS||CH,RS",False,False,0.4584678247217887,0.8324519077309096,0.1006161727114122,0.1006161727114122,0.3993838272885878
SY,TD,FZ,CH,"['SY', 'TD', 'FZ', 'CH']",SY + TD,FZ + CH,SY|TD|FZ|CH,"CH,FZ||SY,TD",False,True,0.4186734908959752,0.11082823183106677,0.8996702613978801,0.8996702613978801,0.3996702613978801
TD,AC,CH,FZ,"['TD', 'AC', 'CH', 'FZ']",TD + AC,CH + FZ,TD|AC|CH|FZ,"AC,TD||CH,FZ",False,False,0.3701321785039768,0.029931567519143037,0.09969185013742528,0.09969185013742528,0.40030814986257474
RS,TD,TT,FZ,"['RS', 'TD', 'TT', 'FZ']",RS + TD,TT + FZ,RS|TD|TT|FZ,"FZ,TT||RS,TD",False,False,0.4349382234435479,0.013299706071794974,0.09892928880779751,0.09892928880779751,0.4010707111922025
TD,RS,TT,FZ,"['TD', 'RS', 'TT', 'FZ']",TD + RS,TT + FZ,TD|RS|TT|FZ,"FZ,TT||RS,TD",False,False,0.4349382234435479,0.013299706071794974,0.09892928880779751,0.09892928880779751,0.4010707111922025
NS,TT,SY,TD,"['NS', 'TT', 'SY', 'TD']",NS + TT,SY + TD,NS|TT|SY|TD,"NS,TT||SY,TD",False,False,0.4709044448586343,0.37424051563008015,0.09805501060926095,0.09805501060926095,0.4019449893907391
NS,TT,TD,SY,"['NS', 'TT', 'TD', 'SY']",NS + TT,TD + SY,NS|TT|TD|SY,"NS,TT||SY,TD",False,False,0.4709044448586343,0.37424051563008015,0.09805501060926095,0.09805501060926095,0.4019449893907391
TT,NS,SY,TD,"['TT', 'NS', 'SY', 'TD']",TT + NS,SY + TD,TT|NS|SY|TD,"NS,TT||SY,TD",False,False,0.4709044448586343,0.37424051563008015,0.09805501060926095,0.09805501060926095,0.4019449893907391
TT,NS,TD,SY,"['TT', 'NS', 'TD', 'SY']",TT + NS,TD + SY,TT|NS|TD|SY,"NS,TT||SY,TD",False,False,0.4709044448586343,0.37424051563008015,0.09805501060926095,0.09805501060926095,0.4019449893907391
RS,TD,SY,TT,"['RS', 'TD', 'SY', 'TT']",RS + TD,SY + TT,RS|TD|SY|TT,"RS,TD||SY,TT",True,True,0.4696931341383711,0.030691150727039075,0.09800429149395098,0.09800429149395098,0.40199570850604904
TD,RS,SY,TT,"['TD', 'RS', 'SY', 'TT']",TD + RS,SY + TT,TD|RS|SY|TT,"RS,TD||SY,TT",False,True,0.4696931341383711,0.030691150727039075,0.09800429149395098,0.09800429149395098,0.40199570850604904
CH,TD,TT,FZ,"['CH', 'TD', 'TT', 'FZ']",CH + TD,TT + FZ,CH|TD|TT|FZ,"CH,TD||FZ,TT",False,False,0.47706680183030875,0.3268454057567367,0.9022627705347758,0.9022627705347758,0.40226277053477577
TD,CH,TT,FZ,"['TD', 'CH', 'TT', 'FZ']",TD + CH,TT + FZ,TD|CH|TT|FZ,"CH,TD||FZ,TT",False,False,0.47706680183030875,0.3268454057567367,0.9022627705347758,0.9022627705347758,0.40226277053477577
TT,AC,NS,SY,"['TT', 'AC', 'NS', 'SY']",TT + AC,NS + SY,TT|AC|NS|SY,"AC,TT||NS,SY",False,False,0.423887473673879,0.12367149363106261,0.09749101237108364,0.09749101237108364,0.40250898762891635
TT,AC,SY,NS,"['TT', 'AC', 'SY', 'NS']",TT + AC,SY + NS,TT|AC|SY|NS,"AC,TT||NS,SY",False,False,0.423887473673879,0.12367149363106261,0.09749101237108364,0.09749101237108364,0.40250898762891635
SY,CH,FZ,NS,"['SY', 'CH', 'FZ', 'NS']",SY + CH,FZ + NS,SY|CH|FZ|NS,"CH,SY||FZ,NS",False,True,0.49274443569082166,0.47231326115671046,0.9030431104349966,0.9030431104349966,0.40304311043499663
AC,SY,FZ,NS,"['AC', 'SY', 'FZ', 'NS']",AC + SY,FZ + NS,AC|SY|FZ|NS,"AC,SY||FZ,NS",True,True,0.4368047643955912,0.23981862378499225,0.9034107889937822,0.9034107889937822,0.40341078899378224
CH,AC,FZ,TD,"['CH', 'AC', 'FZ', 'TD']",CH + AC,FZ + TD,CH|AC|FZ|TD,"AC,CH||FZ,TD",False,False,0.46109953009742616,0.41316203809827945,0.9035727036930783,0.9035727036930783,0.4035727036930783
TD,AC,FZ,TT,"['TD', 'AC', 'FZ', 'TT']",TD + AC,FZ + TT,TD|AC|FZ|TT,"AC,TD||FZ,TT",False,False,0.4214282766518,0.14239276980442878,0.09617876429191251,0.09617876429191251,0.4038212357080875
CH,RS,TD,SY,"['CH', 'RS', 'TD', 'SY']",CH + RS,TD + SY,CH|RS|TD|SY,"CH,RS||SY,TD",True,True,0.5099036263251765,0.13652976564813335,0.9039755175627096,0.9039755175627096,0.40397551756270955
CH,RS,SY,TD,"['CH', 'RS', 'SY', 'TD']",CH + RS,SY + TD,CH|RS|SY|TD,"CH,RS||SY,TD",False,True,0.5099036263251765,0.13652976564813335,0.9040035535313418,0.9040035535313418,0.40400355353134176
CH,TD,SY,FZ,"['CH', 'TD', 'SY', 'FZ']",CH + TD,SY + FZ,CH|TD|SY|FZ,"CH,TD||FZ,SY",False,True,0.42926588149626493,0.09770098219387602,0.9041951906771908,0.9041951906771908,0.4041951906771908
TT,NS,FZ,SY,"['TT', 'NS', 'FZ', 'SY']",TT + NS,FZ + SY,TT|NS|FZ|SY,"FZ,SY||NS,TT",False,True,0.3957876346443641,0.05610445297043876,0.095775227730079,0.095775227730079,0.404224772269921
SY,AC,NS,RS,"['SY', 'AC', 'NS', 'RS']",SY + AC,NS + RS,SY|AC|NS|RS,"AC,SY||NS,RS",False,False,0.5086145269939443,0.9431735501088321,0.9042381469426586,0.9042381469426586,0.4042381469426586
CH,NS,SY,TT,"['CH', 'NS', 'SY', 'TT']",CH + NS,SY + TT,CH|NS|SY|TT,"CH,NS||SY,TT",False,True,0.5312326596995843,0.6749869358447165,0.9044004223942047,0.9044004223942047,0.4044004223942047
TD,CH,FZ,SY,"['TD', 'CH', 'FZ', 'SY']",TD + CH,FZ + SY,TD|CH|FZ|SY,"CH,TD||FZ,SY",False,True,0.42926588149626493,0.09770098219387602,0.9045178063494919,0.9045178063494919,0.40451780634949186
FZ,TD,NS,AC,"['FZ', 'TD', 'NS', 'AC']",FZ + TD,NS + AC,FZ|TD|NS|AC,"AC,NS||FZ,TD",False,False,0.5664170420742366,0.703084839941897,0.9046924091701075,0.9046924091701075,0.4046924091701075
TD,NS,RS,TT,"['TD', 'NS', 'RS', 'TT']",TD + NS,RS + TT,TD|NS|RS|TT,"NS,TD||RS,TT",False,False,0.521355455761493,0.9318720470929791,0.9061564398166531,0.9061564398166531,0.40615643981665306
AC,CH,SY,RS,"['AC', 'CH', 'SY', 'RS']",AC + CH,SY + RS,AC|CH|SY|RS,"AC,CH||RS,SY",False,False,0.49162709949725536,0.8902794218830745,0.9062246701566804,0.9062246701566804,0.4062246701566804
NS,TD,TT,SY,"['NS', 'TD', 'TT', 'SY']",NS + TD,TT + SY,NS|TD|TT|SY,"NS,TD||SY,TT",False,False,0.4843119245772943,0.35212219976373227,0.09320836028326666,0.09320836028326666,0.4067916397167333
CH,AC,TD,FZ,"['CH', 'AC', 'TD', 'FZ']",CH + AC,TD + FZ,CH|AC|TD|FZ,"AC,CH||FZ,TD",False,False,0.46109953009742616,0.41316203809827945,0.9070783510656196,0.9070783510656196,0.4070783510656196
SY,AC,RS,NS,"['SY', 'AC', 'RS', 'NS']",SY + AC,RS + NS,SY|AC|RS|NS,"AC,SY||NS,RS",False,False,0.5086145269939443,0.9431735501088321,0.9071307510787118,0.9071307510787118,0.4071307510787118
RS,TD,FZ,TT,"['RS', 'TD', 'FZ', 'TT']",RS + TD,FZ + TT,RS|TD|FZ|TT,"FZ,TT||RS,TD",False,False,0.4349382234435479,0.013299706071794974,0.09247855201414688,0.09247855201414688,0.4075214479858531
TD,RS,FZ,TT,"['TD', 'RS', 'FZ', 'TT']",TD + RS,FZ + TT,TD|RS|FZ|TT,"FZ,TT||RS,TD",False,False,0.4349382234435479,0.013299706071794974,0.09247855201414688,0.09247855201414688,0.4075214479858531
CH,NS,TT,SY,"['CH', 'NS', 'TT', 'SY']",CH + NS,TT + SY,CH|NS|TT|SY,"CH,NS||SY,TT",False,True,0.5312326596995843,0.6749869358447165,0.907590588731613,0.907590588731613,0.407590588731613
AC,TD,TT,FZ,"['AC', 'TD', 'TT', 'FZ']",AC + TD,TT + FZ,AC|TD|TT|FZ,"AC,TD||FZ,TT",False,False,0.4214282766518,0.14239276980442878,0.09213773398694212,0.09213773398694212,0.40786226601305786
AC,CH,TT,FZ,"['AC', 'CH', 'TT', 'FZ']",AC + CH,TT + FZ,AC|CH|TT|FZ,"AC,CH||FZ,TT",False,True,0.4677830707573175,0.40081734869484753,0.9084052701791201,0.9084052701791201,0.4084052701791201
RS,FZ,AC,CH,"['RS', 'FZ', 'AC', 'CH']",RS + FZ,AC + CH,RS|FZ|AC|CH,"AC,CH||FZ,RS",False,False,0.5433532477075745,0.19233413282324885,0.9088872771204756,0.9088872771204756,0.40888727712047557
TD,NS,TT,RS,"['TD', 'NS', 'TT', 'RS']",TD + NS,TT + RS,TD|NS|TT|RS,"NS,TD||RS,TT",False,False,0.521355455761493,0.9318720470929791,0.9090771984360586,0.9090771984360586,0.4090771984360586
NS,AC,RS,FZ,"['NS', 'AC', 'RS', 'FZ']",NS + AC,RS + FZ,NS|AC|RS|FZ,"AC,NS||FZ,RS",False,False,0.42918427956866007,0.7168218668394346,0.09075830351467007,0.09075830351467007,0.40924169648532993
AC,CH,RS,SY,"['AC', 'CH', 'RS', 'SY']",AC + CH,RS + SY,AC|CH|RS|SY,"AC,CH||RS,SY",False,False,0.49162709949725536,0.8902794218830745,0.9093334336837828,0.9093334336837828,0.40933343368378283
NS,RS,SY,AC,"['NS', 'RS', 'SY', 'AC']",NS + RS,SY + AC,NS|RS|SY|AC,"AC,SY||NS,RS",False,False,0.4913854730060557,0.05682644989116793,0.09064164190992505,0.09064164190992505,0.4093583580900749
RS,NS,SY,AC,"['RS', 'NS', 'SY', 'AC']",RS + NS,SY + AC,RS|NS|SY|AC,"AC,SY||NS,RS",False,False,0.4913854730060557,0.05682644989116793,0.09064164190992505,0.09064164190992505,0.4093583580900749
NS,RS,AC,SY,"['NS', 'RS', 'AC', 'SY']",NS + RS,AC + SY,NS|RS|AC|SY,"AC,SY||NS,RS",False,False,0.4913854730060557,0.05682644989116793,0.09061502001325573,0.09061502001325573,0.4093849799867443
RS,NS,AC,SY,"['RS', 'NS', 'AC', 'SY']",RS + NS,AC + SY,RS|NS|AC|SY,"AC,SY||NS,RS",False,False,0.4913854730060557,0.05682644989116793,0.09061502001325573,0.09061502001325573,0.4093849799867443
AC,TD,TT,SY,"['AC', 'TD', 'TT', 'SY']",AC + TD,TT + SY,AC|TD|TT|SY,"AC,TD||SY,TT",True,True,0.4559747769858543,0.24508906779098744,0.09027881633818116,0.09027881633818116,0.40972118366181887
SY,NS,FZ,TT,"['SY', 'NS', 'FZ', 'TT']",SY + NS,FZ + TT,SY|NS|FZ|TT,"FZ,TT||NS,SY",False,True,0.49076394549743113,0.5402000296739633,0.9097458279530187,0.9097458279530187,0.4097458279530187
AC,RS,NS,TD,"['AC', 'RS', 'NS', 'TD']",AC + RS,NS + TD,AC|RS|NS|TD,"AC,RS||NS,TD",False,False,0.4760551673805391,0.09030106980160935,0.09013879214756329,0.09013879214756329,0.40986120785243674
AC,RS,TD,NS,"['AC', 'RS', 'TD', 'NS']",AC + RS,TD + NS,AC|RS|TD|NS,"AC,RS||NS,TD",False,False,0.4760551673805391,0.09030106980160935,0.09013879214756329,0.09013879214756329,0.40986120785243674
TT,RS,NS,TD,"['TT', 'RS', 'NS', 'TD']",TT + RS,NS + TD,TT|RS|NS|TD,"NS,TD||RS,TT",False,False,0.47864454423850694,0.06812795290702092,0.09013879214756329,0.09013879214756329,0.40986120785243674
TT,RS,TD,NS,"['TT', 'RS', 'TD', 'NS']",TT + RS,TD + NS,TT|RS|TD|NS,"NS,TD||RS,TT",False,False,0.47864454423850694,0.06812795290702092,0.09013879214756329,0.09013879214756329,0.40986120785243674
NS,TD,SY,TT,"['NS', 'TD', 'SY', 'TT']",NS + TD,SY + TT,NS|TD|SY|TT,"NS,TD||SY,TT",False,False,0.4843119245772943,0.35212219976373227,0.09011652339246697,0.09011652339246697,0.40988347660753305
RS,AC,NS,TD,"['RS', 'AC', 'NS', 'TD']",RS + AC,NS + TD,RS|AC|NS|TD,"AC,RS||NS,TD",False,False,0.4760551673805391,0.09030106980160935,0.09010826189708371,0.09010826189708371,0.4098917381029163
RS,AC,TD,NS,"['RS', 'AC', 'TD', 'NS']",RS + AC,TD + NS,RS|AC|TD|NS,"AC,RS||NS,TD",False,False,0.4760551673805391,0.09030106980160935,0.09010826189708371,0.09010826189708371,0.4098917381029163
RS,TT,NS,TD,"['RS', 'TT', 'NS', 'TD']",RS + TT,NS + TD,RS|TT|NS|TD,"NS,TD||RS,TT",False,False,0.47864454423850694,0.06812795290702092,0.09010826189708371,0.09010826189708371,0.4098917381029163
RS,TT,TD,NS,"['RS', 'TT', 'TD', 'NS']",RS + TT,TD + NS,RS|TT|TD|NS,"NS,TD||RS,TT",False,False,0.47864454423850694,0.06812795290702092,0.09010826189708371,0.09010826189708371,0.4098917381029163
SY,NS,FZ,TD,"['SY', 'NS', 'FZ', 'TD']",SY + NS,FZ + TD,SY|NS|FZ|TD,"FZ,TD||NS,SY",False,True,0.48405068936034146,0.5516306731032877,0.9102024145522337,0.9102024145522337,0.4102024145522337
TD,SY,NS,RS,"['TD', 'SY', 'NS', 'RS']",TD + SY,NS + RS,TD|SY|NS|RS,"NS,RS||SY,TD",False,False,0.5179200264514203,0.916325643359603,0.9102312752049372,0.9102312752049372,0.4102312752049372
SY,TD,NS,RS,"['SY', 'TD', 'NS', 'RS']",SY + TD,NS + RS,SY|TD|NS|RS,"NS,RS||SY,TD",False,False,0.5179200264514203,0.916325643359603,0.9103784007212788,0.9103784007212788,0.41037840072127885
TT,TD,AC,FZ,"['TT', 'TD', 'AC', 'FZ']",TT + TD,AC + FZ,TT|TD|AC|FZ,"AC,FZ||TD,TT",False,False,0.4264976295251695,0.07929480719915677,0.0892261661383209,0.0892261661383209,0.4107738338616791
TD,TT,AC,FZ,"['TD', 'TT', 'AC', 'FZ']",TD + TT,AC + FZ,TD|TT|AC|FZ,"AC,FZ||TD,TT",False,False,0.4264976295251695,0.07929480719915677,0.08919591469401916,0.08919591469401916,0.41080408530598084
TD,TT,FZ,AC,"['TD', 'TT', 'FZ', 'AC']",TD + TT,FZ + AC,TD|TT|FZ|AC,"AC,FZ||TD,TT",False,False,0.4264976295251695,0.07929480719915677,0.08846939725142271,0.08846939725142271,0.4115306027485773
SY,AC,CH,FZ,"['SY', 'AC', 'CH', 'FZ']",SY + AC,CH + FZ,SY|AC|CH|FZ,"AC,SY||CH,FZ",False,True,0.4096359550250317,0.15078965967611085,0.9116624035026348,0.9116624035026348,0.41166240350263483
FZ,RS,TD,SY,"['FZ', 'RS', 'TD', 'SY']",FZ + RS,TD + SY,FZ|RS|TD|SY,"FZ,RS||SY,TD",False,False,0.5394894244689469,0.23947101171998708,0.9117715500714357,0.9117715500714357,0.41177155007143573
SY,TD,CH,FZ,"['SY', 'TD', 'CH', 'FZ']",SY + TD,CH + FZ,SY|TD|CH|FZ,"CH,FZ||SY,TD",False,True,0.4186734908959752,0.11082823183106677,0.9120262139769278,0.9120262139769278,0.41202621397692785
TD,AC,FZ,CH,"['TD', 'AC', 'FZ', 'CH']",TD + AC,FZ + CH,TD|AC|FZ|CH,"AC,TD||CH,FZ",False,False,0.3701321785039768,0.029931567519143037,0.08740682345595953,0.08740682345595953,0.4125931765440405
AC,TD,SY,TT,"['AC', 'TD', 'SY', 'TT']",AC + TD,SY + TT,AC|TD|SY|TT,"AC,TD||SY,TT",False,True,0.4559747769858543,0.24508906779098744,0.08724907530535884,0.08724907530535884,0.41275092469464114
RS,CH,TD,SY,"['RS', 'CH', 'TD', 'SY']",RS + CH,TD + SY,RS|CH|TD|SY,"CH,RS||SY,TD",False,True,0.5099036263251765,0.13652976564813335,0.9128296787647274,0.9128296787647274,0.4128296787647274
RS,CH,SY,TD,"['RS', 'CH', 'SY', 'TD']",RS + CH,SY + TD,RS|CH|SY|TD,"CH,RS||SY,TD",False,True,0.5099036263251765,0.13652976564813335,0.9128553788212246,0.9128553788212246,0.4128553788212246
TD,SY,RS,NS,"['TD', 'SY', 'RS', 'NS']",TD + SY,RS + NS,TD|SY|RS|NS,"NS,RS||SY,TD",False,False,0.5179200264514203,0.916325643359603,0.9129602750354996,0.9129602750354996,0.4129602750354996
TD,CH,SY,FZ,"['TD', 'CH', 'SY', 'FZ']",TD + CH,SY + FZ,TD|CH|SY|FZ,"CH,TD||FZ,SY",False,True,0.42926588149626493,0.09770098219387602,0.9130173681146279,0.9130173681146279,0.41301736811462786
NS,TT,FZ,SY,"['NS', 'TT', 'FZ', 'SY']",NS + TT,FZ + SY,NS|TT|FZ|SY,"FZ,SY||NS,TT",False,True,0.3957876346443641,0.05610445297043876,0.08692595727266299,0.08692595727266299,0.413074042727337
SY,TD,RS,NS,"['SY', 'TD', 'RS', 'NS']",SY + TD,RS + NS,SY|TD|RS|NS,"NS,RS||SY,TD",False,False,0.5179200264514203,0.916325643359603,0.913103354876003,0.913103354876003,0.413103354876003
FZ,TD,AC,NS,"['FZ', 'TD', 'AC', 'NS']",FZ + TD,AC + NS,FZ|TD|AC|NS,"AC,NS||FZ,TD",False,False,0.5664170420742366,0.703084839941897,0.9133985004018903,0.9133985004018903,0.4133985004018903
NS,TT,SY,FZ,"['NS', 'TT', 'SY', 'FZ']",NS + TT,SY + FZ,NS|TT|SY|FZ,"FZ,SY||NS,TT",False,True,0.3957876346443641,0.05610445297043876,0.08555644080047524,0.08555644080047524,0.41444355919952475
TT,NS,SY,FZ,"['TT', 'NS', 'SY', 'FZ']",TT + NS,SY + FZ,TT|NS|SY|FZ,"FZ,SY||NS,TT",False,True,0.3957876346443641,0.05610445297043876,0.08555644080047524,0.08555644080047524,0.41444355919952475
TD,NS,RS,AC,"['TD', 'NS', 'RS', 'AC']",TD + NS,RS + AC,TD|NS|RS|AC,"AC,RS||NS,TD",False,False,0.5239448326194609,0.9096989301983907,0.9147307543671852,0.9147307543671852,0.4147307543671852
TD,NS,AC,RS,"['TD', 'NS', 'AC', 'RS']",TD + NS,AC + RS,TD|NS|AC|RS,"AC,RS||NS,TD",False,False,0.5239448326194609,0.9096989301983907,0.9148064382760405,0.9148064382760405,0.41480643827604047
SY,FZ,RS,CH,"['SY', 'FZ', 'RS', 'CH']",SY + FZ,RS + CH,SY|FZ|RS|CH,"CH,RS||FZ,SY",False,False,0.5663352391995313,0.9885825562349225,0.9159051098817605,0.9159051098817605,0.41590510988176055
FZ,SY,RS,CH,"['FZ', 'SY', 'RS', 'CH']",FZ + SY,RS + CH,FZ|SY|RS|CH,"CH,RS||FZ,SY",False,False,0.5663352391995313,0.9885825562349225,0.9159202704625352,0.9159202704625352,0.4159202704625352
TD,SY,FZ,CH,"['TD', 'SY', 'FZ', 'CH']",TD + SY,FZ + CH,TD|SY|FZ|CH,"CH,FZ||SY,TD",False,True,0.4186734908959752,0.11082823183106677,0.9161735101329884,0.9161735101329884,0.4161735101329884
CH,TD,NS,FZ,"['CH', 'TD', 'NS', 'FZ']",CH + TD,NS + FZ,CH|TD|NS|FZ,"CH,TD||FZ,NS",False,False,0.4513534770747697,0.17464965781658576,0.9162682336337132,0.9162682336337132,0.41626823363371324
TD,CH,NS,FZ,"['TD', 'CH', 'NS', 'FZ']",TD + CH,NS + FZ,TD|CH|NS|FZ,"CH,TD||FZ,NS",False,False,0.4513534770747697,0.17464965781658576,0.9162682336337132,0.9162682336337132,0.41626823363371324
SY,AC,NS,FZ,"['SY', 'AC', 'NS', 'FZ']",SY + AC,NS + FZ,SY|AC|NS|FZ,"AC,SY||FZ,NS",False,True,0.4368047643955912,0.23981862378499225,0.9168733443127536,0.9168733443127536,0.4168733443127536
FZ,TD,NS,CH,"['FZ', 'TD', 'NS', 'CH']",FZ + TD,NS + CH,FZ|TD|NS|CH,"CH,NS||FZ,TD",False,True,0.5105313836596895,0.46266907248050027,0.9169955697858335,0.9169955697858335,0.4169955697858335
SY,TT,NS,RS,"['SY', 'TT', 'NS', 'RS']",SY + TT,NS + RS,SY|TT|NS|RS,"NS,RS||SY,TT",False,False,0.5112082089454175,0.9218894771844107,0.9173952320813294,0.9173952320813294,0.41739523208132945
TT,SY,NS,RS,"['TT', 'SY', 'NS', 'RS']",TT + SY,NS + RS,TT|SY|NS|RS,"NS,RS||SY,TT",False,False,0.5112082089454175,0.9218894771844107,0.9174571742728419,0.9174571742728419,0.4174571742728419
TD,CH,NS,RS,"['TD', 'CH', 'NS', 'RS']",TD + CH,NS + RS,TD|CH|NS|RS,"CH,TD||NS,RS",False,False,0.5233325285824049,0.91123788800345,0.9176399103403089,0.9176399103403089,0.4176399103403089
CH,TD,NS,RS,"['CH', 'TD', 'NS', 'RS']",CH + TD,NS + RS,CH|TD|NS|RS,"CH,TD||NS,RS",False,False,0.5233325285824049,0.91123788800345,0.9177759904033175,0.9177759904033175,0.4177759904033175
CH,FZ,SY,RS,"['CH', 'FZ', 'SY', 'RS']",CH + FZ,SY + RS,CH|FZ|SY|RS,"CH,FZ||RS,SY",False,False,0.5769557181632894,0.9864104671323024,0.9183079928358868,0.9183079928358868,0.4183079928358868
FZ,CH,SY,RS,"['FZ', 'CH', 'SY', 'RS']",FZ + CH,SY + RS,FZ|CH|SY|RS,"CH,FZ||RS,SY",False,False,0.5769557181632894,0.9864104671323024,0.9183079928358868,0.9183079928358868,0.4183079928358868
CH,AC,FZ,TT,"['CH', 'AC', 'FZ', 'TT']",CH + AC,FZ + TT,CH|AC|FZ|TT,"AC,CH||FZ,TT",False,True,0.4677830707573175,0.40081734869484753,0.9185396251983622,0.9185396251983622,0.4185396251983622
AC,FZ,CH,NS,"['AC', 'FZ', 'CH', 'NS']",AC + FZ,CH + NS,AC|FZ|CH|NS,"AC,FZ||CH,NS",True,True,0.5012206133721389,0.543513820543381,0.9190276791690078,0.9190276791690078,0.41902767916900785
SY,FZ,CH,RS,"['SY', 'FZ', 'CH', 'RS']",SY + FZ,CH + RS,SY|FZ|CH|RS,"CH,RS||FZ,SY",False,False,0.5663352391995313,0.9885825562349225,0.9191197248946472,0.9191197248946472,0.4191197248946472
FZ,SY,CH,RS,"['FZ', 'SY', 'CH', 'RS']",FZ + SY,CH + RS,FZ|SY|CH|RS,"CH,RS||FZ,SY",False,False,0.5663352391995313,0.9885825562349225,0.9191343571132458,0.9191343571132458,0.41913435711324576
TT,TD,FZ,AC,"['TT', 'TD', 'FZ', 'AC']",TT + TD,FZ + AC,TT|TD|FZ|AC,"AC,FZ||TD,TT",False,False,0.4264976295251695,0.07929480719915677,0.08026274015311284,0.08026274015311284,0.41973725984688715
AC,TT,RS,TD,"['AC', 'TT', 'RS', 'TD']",AC + TT,RS + TD,AC|TT|RS|TD,"AC,TT||RS,TD",False,False,0.4794984174214169,0.8960313268838989,0.9199211938965168,0.9199211938965168,0.41992119389651683
SY,TT,RS,NS,"['SY', 'TT', 'RS', 'NS']",SY + TT,RS + NS,SY|TT|RS|NS,"NS,RS||SY,TT",False,False,0.5112082089454175,0.9218894771844107,0.9199256042029258,0.9199256042029258,0.4199256042029258
TT,SY,RS,NS,"['TT', 'SY', 'RS', 'NS']",TT + SY,RS + NS,TT|SY|RS|NS,"NS,RS||SY,TT",False,False,0.5112082089454175,0.9218894771844107,0.9199858144558307,0.9199858144558307,0.4199858144558307
AC,TT,TD,RS,"['AC', 'TT', 'TD', 'RS']",AC + TT,TD + RS,AC|TT|TD|RS,"AC,TT||RS,TD",False,False,0.4794984174214169,0.8960313268838989,0.9199926737871378,0.9199926737871378,0.4199926737871378
CH,SY,FZ,TD,"['CH', 'SY', 'FZ', 'TD']",CH + SY,FZ + TD,CH|SY|FZ|TD,"CH,SY||FZ,TD",False,True,0.5118756695511151,0.6731648780034849,0.9201152204433942,0.9201152204433942,0.4201152204433942
TD,CH,RS,NS,"['TD', 'CH', 'RS', 'NS']",TD + CH,RS + NS,TD|CH|RS|NS,"CH,TD||NS,RS",False,False,0.5233325285824049,0.91123788800345,0.9201634396686106,0.9201634396686106,0.4201634396686106
CH,TD,RS,NS,"['CH', 'TD', 'RS', 'NS']",CH + TD,RS + NS,CH|TD|RS|NS,"CH,TD||NS,RS",False,False,0.5233325285824049,0.91123788800345,0.9202957123675477,0.9202957123675477,0.4202957123675477
FZ,RS,AC,CH,"['FZ', 'RS', 'AC', 'CH']",FZ + RS,AC + CH,FZ|RS|AC|CH,"AC,CH||FZ,RS",False,False,0.5433532477075745,0.19233413282324885,0.9205367231432223,0.9205367231432223,0.4205367231432223
CH,FZ,RS,SY,"['CH', 'FZ', 'RS', 'SY']",CH + FZ,RS + SY,CH|FZ|RS|SY,"CH,FZ||RS,SY",False,False,0.5769557181632894,0.9864104671323024,0.921074563238258,0.921074563238258,0.421074563238258
FZ,CH,RS,SY,"['FZ', 'CH', 'RS', 'SY']",FZ + CH,RS + SY,FZ|CH|RS|SY,"CH,FZ||RS,SY",False,False,0.5769557181632894,0.9864104671323024,0.921074563238258,0.921074563238258,0.421074563238258
AC,CH,NS,SY,"['AC', 'CH', 'NS', 'SY']",AC + CH,NS + SY,AC|CH|NS|SY,"AC,CH||NS,SY",False,True,0.47699174015585427,0.3614121530634197,0.9212829011755479,0.9212829011755479,0.4212829011755479
AC,CH,SY,NS,"['AC', 'CH', 'SY', 'NS']",AC + CH,SY + NS,AC|CH|SY|NS,"AC,CH||NS,SY",False,True,0.47699174015585427,0.3614121530634197,0.9212829011755479,0.9212829011755479,0.4212829011755479
NS,CH,AC,TT,"['NS', 'CH', 'AC', 'TT']",NS + CH,AC + TT,NS|CH|AC|TT,"AC,TT||CH,NS",True,True,0.5813997377155782,0.8688950790625452,0.9221292608372244,0.9221292608372244,0.42212926083722435
NS,CH,TT,AC,"['NS', 'CH', 'TT', 'AC']",NS + CH,TT + AC,NS|CH|TT|AC,"AC,TT||CH,NS",False,True,0.5813997377155782,0.8688950790625452,0.9222881727115904,0.9222881727115904,0.42228817271159036
SY,NS,TT,FZ,"['SY', 'NS', 'TT', 'FZ']",SY + NS,TT + FZ,SY|NS|TT|FZ,"FZ,TT||NS,SY",False,True,0.49076394549743113,0.5402000296739633,0.9238545930963646,0.9238545930963646,0.42385459309636464
SY,AC,FZ,NS,"['SY', 'AC', 'FZ', 'NS']",SY + AC,FZ + NS,SY|AC|FZ|NS,"AC,SY||FZ,NS",False,True,0.4368047643955912,0.23981862378499225,0.9246359913377923,0.9246359913377923,0.4246359913377923
TD,AC,NS,TT,"['TD', 'AC', 'NS', 'TT']",TD + AC,NS + TT,TD|AC|NS|TT,"AC,TD||NS,TT",False,False,0.47828498376614276,0.3674697417205093,0.0748839327187641,0.0748839327187641,0.4251160672812359
NS,AC,FZ,RS,"['NS', 'AC', 'FZ', 'RS']",NS + AC,FZ + RS,NS|AC|FZ|RS,"AC,NS||FZ,RS",False,False,0.42918427956866007,0.7168218668394346,0.07482719314535999,0.07482719314535999,0.42517280685464
TD,AC,TT,NS,"['TD', 'AC', 'TT', 'NS']",TD + AC,TT + NS,TD|AC|TT|NS,"AC,TD||NS,TT",False,False,0.47828498376614276,0.3674697417205093,0.0748167127441535,0.0748167127441535,0.42518328725584653
NS,TD,CH,FZ,"['NS', 'TD', 'CH', 'FZ']",NS + TD,CH + FZ,NS|TD|CH|FZ,"CH,FZ||NS,TD",False,False,0.39702784577265093,0.05826833428930312,0.07442093498508325,0.07442093498508325,0.42557906501491677
SY,CH,FZ,TD,"['SY', 'CH', 'FZ', 'TD']",SY + CH,FZ + TD,SY|CH|FZ|TD,"CH,SY||FZ,TD",False,True,0.5118756695511151,0.6731648780034849,0.9261779685429823,0.9261779685429823,0.4261779685429823
CH,TT,AC,FZ,"['CH', 'TT', 'AC', 'FZ']",CH + TT,AC + FZ,CH|TT|AC|FZ,"AC,FZ||CH,TT",False,True,0.4729542129544221,0.2750047025228457,0.9264537246952181,0.9264537246952181,0.42645372469521814
TT,CH,AC,FZ,"['TT', 'CH', 'AC', 'FZ']",TT + CH,AC + FZ,TT|CH|AC|FZ,"AC,FZ||CH,TT",False,True,0.4729542129544221,0.2750047025228457,0.9264537246952181,0.9264537246952181,0.42645372469521814
RS,FZ,TD,AC,"['RS', 'FZ', 'TD', 'AC']",RS + FZ,TD + AC,RS|FZ|TD|AC,"AC,TD||FZ,RS",False,False,0.5894557540426312,0.4611231776024727,0.9265090759193791,0.9265090759193791,0.42650907591937914
SY,TD,TT,NS,"['SY', 'TD', 'TT', 'NS']",SY + TD,TT + NS,SY|TD|TT|NS,"NS,TT||SY,TD",False,False,0.5290955551413657,0.6257594843699199,0.9265680993541603,0.9265680993541603,0.4265680993541603
TD,SY,TT,NS,"['TD', 'SY', 'TT', 'NS']",TD + SY,TT + NS,TD|SY|TT|NS,"NS,TT||SY,TD",False,False,0.5290955551413657,0.6257594843699199,0.9265680993541603,0.9265680993541603,0.4265680993541603
SY,TD,NS,TT,"['SY', 'TD', 'NS', 'TT']",SY + TD,NS + TT,SY|TD|NS|TT,"NS,TT||SY,TD",False,False,0.5290955551413657,0.6257594843699199,0.9266341192716383,0.9266341192716383,0.4266341192716383
TD,SY,NS,TT,"['TD', 'SY', 'NS', 'TT']",TD + SY,NS + TT,TD|SY|NS|TT,"NS,TT||SY,TD",False,False,0.5290955551413657,0.6257594843699199,0.9266341192716383,0.9266341192716383,0.4266341192716383
TD,SY,CH,FZ,"['TD', 'SY', 'CH', 'FZ']",TD + SY,CH + FZ,TD|SY|CH|FZ,"CH,FZ||SY,TD",False,True,0.4186734908959752,0.11082823183106677,0.9266627060405543,0.9266627060405543,0.42666270604055434
CH,SY,FZ,TT,"['CH', 'SY', 'FZ', 'TT']",CH + SY,FZ + TT,CH|SY|FZ|TT,"CH,SY||FZ,TT",True,True,0.5185869528744368,0.6636387733854515,0.9286025755216785,0.9286025755216785,0.42860257552167846
TT,FZ,NS,SY,"['TT', 'FZ', 'NS', 'SY']",TT + FZ,NS + SY,TT|FZ|NS|SY,"FZ,TT||NS,SY",False,True,0.5092360545025688,0.45979997032603676,0.07097326150648749,0.07097326150648749,0.4290267384935125
CH,TD,FZ,NS,"['CH', 'TD', 'FZ', 'NS']",CH + TD,FZ + NS,CH|TD|FZ|NS,"CH,TD||FZ,NS",False,False,0.4513534770747697,0.17464965781658576,0.92916377288192,0.92916377288192,0.42916377288192
TD,CH,FZ,NS,"['TD', 'CH', 'FZ', 'NS']",TD + CH,FZ + NS,TD|CH|FZ|NS,"CH,TD||FZ,NS",False,False,0.4513534770747697,0.17464965781658576,0.92916377288192,0.92916377288192,0.42916377288192
TD,AC,RS,NS,"['TD', 'AC', 'RS', 'NS']",TD + AC,RS + NS,TD|AC|RS|NS,"AC,TD||NS,RS",False,False,0.46711808440880564,0.7790061274211098,0.06982603981131158,0.06982603981131158,0.4301739601886884
RS,FZ,NS,TT,"['RS', 'FZ', 'NS', 'TT']",RS + FZ,NS + TT,RS|FZ|NS|TT,"FZ,RS||NS,TT",False,False,0.568271214196182,0.3396612457048158,0.930246188962505,0.930246188962505,0.430246188962505
TT,CH,NS,FZ,"['TT', 'CH', 'NS', 'FZ']",TT + CH,NS + FZ,TT|CH|NS|FZ,"CH,TT||FZ,NS",False,True,0.4447085330955135,0.18037389363037593,0.9304913038816495,0.9304913038816495,0.43049130388164947
NS,SY,CH,FZ,"['NS', 'SY', 'CH', 'FZ']",NS + SY,CH + FZ,NS|SY|CH|FZ,"CH,FZ||NS,SY",False,True,0.43740873035898276,0.23742954160369495,0.9308452947401202,0.9308452947401202,0.43084529474012023
AC,CH,NS,FZ,"['AC', 'CH', 'NS', 'FZ']",AC + CH,NS + FZ,AC|CH|NS|FZ,"AC,CH||FZ,NS",True,True,0.44214704827900686,0.22845599254865095,0.9308623786246882,0.9308623786246882,0.43086237862468824
TT,FZ,NS,CH,"['TT', 'FZ', 'NS', 'CH']",TT + FZ,NS + CH,TT|FZ|NS|CH,"CH,NS||FZ,TT",False,True,0.5038152490928794,0.4742687262909403,0.06910432423872434,0.06910432423872434,0.43089567576127563
RS,FZ,CH,AC,"['RS', 'FZ', 'CH', 'AC']",RS + FZ,CH + AC,RS|FZ|CH|AC,"AC,CH||FZ,RS",False,False,0.5433532477075745,0.19233413282324885,0.9310209175072202,0.9310209175072202,0.43102091750722016
RS,FZ,SY,TD,"['RS', 'FZ', 'SY', 'TD']",RS + FZ,SY + TD,RS|FZ|SY|TD,"FZ,RS||SY,TD",False,False,0.5394894244689469,0.23947101171998708,0.9317136521314074,0.9317136521314074,0.43171365213140744
NS,TT,CH,SY,"['NS', 'TT', 'CH', 'SY']",NS + TT,CH + SY,NS|TT|CH|SY,"CH,SY||NS,TT",False,True,0.4244870407819366,0.1215995012239674,0.06811395092036991,0.06811395092036991,0.4318860490796301
TT,NS,CH,SY,"['TT', 'NS', 'CH', 'SY']",TT + NS,CH + SY,TT|NS|CH|SY,"CH,SY||NS,TT",False,True,0.4244870407819366,0.1215995012239674,0.06801345566668174,0.06801345566668174,0.4319865443333183
TD,AC,NS,RS,"['TD', 'AC', 'NS', 'RS']",TD + AC,NS + RS,TD|AC|NS|RS,"AC,TD||NS,RS",False,False,0.46711808440880564,0.7790061274211098,0.06765824026786517,0.06765824026786517,0.43234175973213484
FZ,NS,RS,CH,"['FZ', 'NS', 'RS', 'CH']",FZ + NS,RS + CH,FZ|NS|RS|CH,"CH,RS||FZ,NS",False,False,0.5442020622858355,0.9738278947399466,0.9327108003759162,0.9327108003759162,0.43271080037591625
NS,FZ,RS,CH,"['NS', 'FZ', 'RS', 'CH']",NS + FZ,RS + CH,NS|FZ|RS|CH,"CH,RS||FZ,NS",False,False,0.5442020622858355,0.9738278947399466,0.9327108003759162,0.9327108003759162,0.43271080037591625
CH,TT,FZ,AC,"['CH', 'TT', 'FZ', 'AC']",CH + TT,FZ + AC,CH|TT|FZ|AC,"AC,FZ||CH,TT",False,True,0.4729542129544221,0.2750047025228457,0.933158692821908,0.933158692821908,0.433158692821908
TT,CH,FZ,AC,"['TT', 'CH', 'FZ', 'AC']",TT + CH,FZ + AC,TT|CH|FZ|AC,"AC,FZ||CH,TT",False,True,0.4729542129544221,0.2750047025228457,0.933158692821908,0.933158692821908,0.433158692821908
RS,FZ,AC,TD,"['RS', 'FZ', 'AC', 'TD']",RS + FZ,AC + TD,RS|FZ|AC|TD,"AC,TD||FZ,RS",False,False,0.5894557540426312,0.4611231776024727,0.9333690509107055,0.9333690509107055,0.43336905091070554
TD,TT,CH,FZ,"['TD', 'TT', 'CH', 'FZ']",TD + TT,CH + FZ,TD|TT|CH|FZ,"CH,FZ||TD,TT",False,False,0.37255508416142896,0.02044645975509883,0.06625683487974328,0.06625683487974328,0.43374316512025674
TT,TD,CH,FZ,"['TT', 'TD', 'CH', 'FZ']",TT + TD,CH + FZ,TT|TD|CH|FZ,"CH,FZ||TD,TT",False,False,0.37255508416142896,0.02044645975509883,0.06625683487974328,0.06625683487974328,0.43374316512025674
CH,AC,SY,RS,"['CH', 'AC', 'SY', 'RS']",CH + AC,SY + RS,CH|AC|SY|RS,"AC,CH||RS,SY",False,False,0.49162709949725536,0.8902794218830745,0.9338244889431438,0.9338244889431438,0.43382448894314385
NS,SY,FZ,CH,"['NS', 'SY', 'FZ', 'CH']",NS + SY,FZ + CH,NS|SY|FZ|CH,"CH,FZ||NS,SY",True,True,0.43740873035898276,0.23742954160369495,0.9339031567993568,0.9339031567993568,0.43390315679935676
AC,TD,CH,FZ,"['AC', 'TD', 'CH', 'FZ']",AC + TD,CH + FZ,AC|TD|CH|FZ,"AC,TD||CH,FZ",False,False,0.3701321785039768,0.029931567519143037,0.06602916477525363,0.06602916477525363,0.4339708352247464
SY,CH,FZ,TT,"['SY', 'CH', 'FZ', 'TT']",SY + CH,FZ + TT,SY|CH|FZ|TT,"CH,SY||FZ,TT",False,True,0.5185869528744368,0.6636387733854515,0.9340673440569455,0.9340673440569455,0.43406734405694547
NS,TT,SY,CH,"['NS', 'TT', 'SY', 'CH']",NS + TT,SY + CH,NS|TT|SY|CH,"CH,SY||NS,TT",False,True,0.4244870407819366,0.1215995012239674,0.06546655927908433,0.06546655927908433,0.43453344072091565
TT,NS,SY,CH,"['TT', 'NS', 'SY', 'CH']",TT + NS,SY + CH,TT|NS|SY|CH,"CH,SY||NS,TT",True,True,0.4244870407819366,0.1215995012239674,0.06536969599014923,0.06536969599014923,0.43463030400985075
TD,NS,TT,CH,"['TD', 'NS', 'TT', 'CH']",TD + NS,TT + CH,TD|NS|TT|CH,"CH,TT||NS,TD",False,True,0.4788975343856291,0.3654464648484259,0.06511116853954682,0.06511116853954682,0.4348888314604532
NS,TD,FZ,CH,"['NS', 'TD', 'FZ', 'CH']",NS + TD,FZ + CH,NS|TD|FZ|CH,"CH,FZ||NS,TD",False,False,0.39702784577265093,0.05826833428930312,0.06502512351318297,0.06502512351318297,0.43497487648681704
TD,FZ,NS,AC,"['TD', 'FZ', 'NS', 'AC']",TD + FZ,NS + AC,TD|FZ|NS|AC,"AC,NS||FZ,TD",False,False,0.5664170420742366,0.703084839941897,0.936049046464297,0.936049046464297,0.436049046464297
FZ,RS,TD,AC,"['FZ', 'RS', 'TD', 'AC']",FZ + RS,TD + AC,FZ|RS|TD|AC,"AC,TD||FZ,RS",False,False,0.5894557540426312,0.4611231776024727,0.9360639364262014,0.9360639364262014,0.43606393642620145
CH,AC,RS,SY,"['CH', 'AC', 'RS', 'SY']",CH + AC,RS + SY,CH|AC|RS|SY,"AC,CH||RS,SY",False,False,0.49162709949725536,0.8902794218830745,0.9360828194786937,0.9360828194786937,0.43608281947869365
FZ,NS,CH,RS,"['FZ', 'NS', 'CH', 'RS']",FZ + NS,CH + RS,FZ|NS|CH|RS,"CH,RS||FZ,NS",False,False,0.5442020622858355,0.9738278947399466,0.9360868561542849,0.9360868561542849,0.4360868561542849
NS,FZ,CH,RS,"['NS', 'FZ', 'CH', 'RS']",NS + FZ,CH + RS,NS|FZ|CH|RS,"CH,RS||FZ,NS",False,False,0.5442020622858355,0.9738278947399466,0.9360868561542849,0.9360868561542849,0.4360868561542849
AC,TD,FZ,TT,"['AC', 'TD', 'FZ', 'TT']",AC + TD,FZ + TT,AC|TD|FZ|TT,"AC,TD||FZ,TT",False,False,0.4214282766518,0.14239276980442878,0.06372821844708071,0.06372821844708071,0.4362717815529193
CH,TT,NS,FZ,"['CH', 'TT', 'NS', 'FZ']",CH + TT,NS + FZ,CH|TT|NS|FZ,"CH,TT||FZ,NS",False,True,0.4447085330955135,0.18037389363037593,0.93708251549594,0.93708251549594,0.43708251549594
RS,FZ,TT,NS,"['RS', 'FZ', 'TT', 'NS']",RS + FZ,TT + NS,RS|FZ|TT|NS,"FZ,RS||NS,TT",False,False,0.568271214196182,0.3396612457048158,0.9377973429610198,0.9377973429610198,0.4377973429610198
TT,CH,FZ,SY,"['TT', 'CH', 'FZ', 'SY']",TT + CH,FZ + SY,TT|CH|FZ|SY,"CH,TT||FZ,SY",False,True,0.42269558784809264,0.10101875285418832,0.9381893414235161,0.9381893414235161,0.43818934142351607
AC,NS,RS,CH,"['AC', 'NS', 'RS', 'CH']",AC + NS,RS + CH,AC|NS|RS|CH,"AC,NS||CH,RS",False,False,0.4584678247217887,0.8324519077309096,0.06154395413332814,0.06154395413332814,0.43845604586667186
AC,CH,FZ,SY,"['AC', 'CH', 'FZ', 'SY']",AC + CH,FZ + SY,AC|CH|FZ|SY,"AC,CH||FZ,SY",True,True,0.4201649572135027,0.13422540368188468,0.9389821110430533,0.9389821110430533,0.4389821110430533
FZ,RS,NS,TT,"['FZ', 'RS', 'NS', 'TT']",FZ + RS,NS + TT,FZ|RS|NS|TT,"FZ,RS||NS,TT",False,False,0.568271214196182,0.3396612457048158,0.939346979376374,0.939346979376374,0.439346979376374
AC,CH,NS,TD,"['AC', 'CH', 'NS', 'TD']",AC + CH,NS + TD,AC|CH|NS|TD,"AC,CH||NS,TD",False,False,0.5185118359658091,0.6973555176540661,0.9393799404608866,0.9393799404608866,0.4393799404608866
AC,CH,TD,NS,"['AC', 'CH', 'TD', 'NS']",AC + CH,TD + NS,AC|CH|TD|NS,"AC,CH||NS,TD",False,False,0.5185118359658091,0.6973555176540661,0.9393799404608866,0.9393799404608866,0.4393799404608866
CH,AC,SY,TT,"['CH', 'AC', 'SY', 'TT']",CH + AC,SY + TT,CH|AC|SY|TT,"AC,CH||SY,TT",False,False,0.5028270446086349,0.5545252440107643,0.9395506967795002,0.9395506967795002,0.4395506967795002
FZ,RS,CH,AC,"['FZ', 'RS', 'CH', 'AC']",FZ + RS,CH + AC,FZ|RS|CH|AC,"AC,CH||FZ,RS",False,False,0.5433532477075745,0.19233413282324885,0.9399377652348002,0.9399377652348002,0.4399377652348002
FZ,TD,AC,CH,"['FZ', 'TD', 'AC', 'CH']",FZ + TD,AC + CH,FZ|TD|AC|CH,"AC,CH||FZ,TD",False,False,0.5389004699025738,0.5868379619017206,0.9399924705470182,0.9399924705470182,0.4399924705470182
FZ,AC,CH,NS,"['FZ', 'AC', 'CH', 'NS']",FZ + AC,CH + NS,FZ|AC|CH|NS,"AC,FZ||CH,NS",True,True,0.5012206133721389,0.543513820543381,0.9401167901654078,0.9401167901654078,0.44011679016540783
AC,NS,CH,RS,"['AC', 'NS', 'CH', 'RS']",AC + NS,CH + RS,AC|NS|CH|RS,"AC,NS||CH,RS",False,False,0.4584678247217887,0.8324519077309096,0.05970587522660596,0.05970587522660596,0.440294124773394
FZ,RS,SY,TD,"['FZ', 'RS', 'SY', 'TD']",FZ + RS,SY + TD,FZ|RS|SY|TD,"FZ,RS||SY,TD",False,False,0.5394894244689469,0.23947101171998708,0.9406352006642846,0.9406352006642846,0.44063520066428463
CH,RS,NS,TD,"['CH', 'RS', 'NS', 'TD']",CH + RS,NS + TD,CH|RS|NS|TD,"CH,RS||NS,TD",False,False,0.5322708448790866,0.22087915375430195,0.9410324970721669,0.9410324970721669,0.44103249707216685
CH,RS,TD,NS,"['CH', 'RS', 'TD', 'NS']",CH + RS,TD + NS,CH|RS|TD|NS,"CH,RS||NS,TD",False,False,0.5322708448790866,0.22087915375430195,0.9410324970721669,0.9410324970721669,0.44103249707216685
TT,AC,SY,FZ,"['TT', 'AC', 'SY', 'FZ']",TT + AC,SY + FZ,TT|AC|SY|FZ,"AC,TT||FZ,SY",False,True,0.3689245783572441,0.028513062760735737,0.05882982461760021,0.05882982461760021,0.4411701753823998
RS,TT,AC,SY,"['RS', 'TT', 'AC', 'SY']",RS + TT,AC + SY,RS|TT|AC|SY,"AC,SY||RS,TT",False,False,0.4655875159268515,0.02160554104629154,0.058442908464084245,0.058442908464084245,0.44155709153591577
RS,TT,SY,AC,"['RS', 'TT', 'SY', 'AC']",RS + TT,SY + AC,RS|TT|SY|AC,"AC,SY||RS,TT",False,False,0.4655875159268515,0.02160554104629154,0.058442908464084245,0.058442908464084245,0.44155709153591577
TT,RS,AC,SY,"['TT', 'RS', 'AC', 'SY']",TT + RS,AC + SY,TT|RS|AC|SY,"AC,SY||RS,TT",False,False,0.4655875159268515,0.02160554104629154,0.058442908464084245,0.058442908464084245,0.44155709153591577
TT,RS,SY,AC,"['TT', 'RS', 'SY', 'AC']",TT + RS,SY + AC,TT|RS|SY|AC,"AC,SY||RS,TT",False,False,0.4655875159268515,0.02160554104629154,0.058442908464084245,0.058442908464084245,0.44155709153591577
CH,AC,TT,SY,"['CH', 'AC', 'TT', 'SY']",CH + AC,TT + SY,CH|AC|TT|SY,"AC,CH||SY,TT",False,False,0.5028270446086349,0.5545252440107643,0.9416435810808417,0.9416435810808417,0.4416435810808417
CH,TT,SY,FZ,"['CH', 'TT', 'SY', 'FZ']",CH + TT,SY + FZ,CH|TT|SY|FZ,"CH,TT||FZ,SY",False,True,0.42269558784809264,0.10101875285418832,0.9417841949218709,0.9417841949218709,0.44178419492187093
TT,CH,SY,FZ,"['TT', 'CH', 'SY', 'FZ']",TT + CH,SY + FZ,TT|CH|SY|FZ,"CH,TT||FZ,SY",False,True,0.42269558784809264,0.10101875285418832,0.9417841949218709,0.9417841949218709,0.44178419492187093
TD,FZ,AC,NS,"['TD', 'FZ', 'AC', 'NS']",TD + FZ,AC + NS,TD|FZ|AC|NS,"AC,NS||FZ,TD",False,False,0.5664170420742366,0.703084839941897,0.9420741922400562,0.9420741922400562,0.4420741922400562
FZ,RS,AC,TD,"['FZ', 'RS', 'AC', 'TD']",FZ + RS,AC + TD,FZ|RS|AC|TD,"AC,TD||FZ,RS",False,False,0.5894557540426312,0.4611231776024727,0.9420877661358693,0.9420877661358693,0.4420877661358693
TD,TT,FZ,CH,"['TD', 'TT', 'FZ', 'CH']",TD + TT,FZ + CH,TD|TT|FZ|CH,"CH,FZ||TD,TT",False,False,0.37255508416142896,0.02044645975509883,0.05782736226854933,0.05782736226854933,0.44217263773145066
TT,TD,FZ,CH,"['TT', 'TD', 'FZ', 'CH']",TT + TD,FZ + CH,TT|TD|FZ|CH,"CH,FZ||TD,TT",False,False,0.37255508416142896,0.02044645975509883,0.05782736226854933,0.05782736226854933,0.44217263773145066
AC,TD,FZ,CH,"['AC', 'TD', 'FZ', 'CH']",AC + TD,FZ + CH,AC|TD|FZ|CH,"AC,TD||CH,FZ",False,False,0.3701321785039768,0.029931567519143037,0.05762686969804136,0.05762686969804136,0.44237313030195863
SY,RS,TT,NS,"['SY', 'RS', 'TT', 'NS']",SY + RS,TT + NS,SY|RS|TT|NS,"NS,TT||RS,SY",False,False,0.5335610644333562,0.22113506745380845,0.9426469107999653,0.9426469107999653,0.4426469107999653
SY,RS,NS,TT,"['SY', 'RS', 'NS', 'TT']",SY + RS,NS + TT,SY|RS|NS|TT,"NS,TT||RS,SY",False,False,0.5335610644333562,0.22113506745380845,0.9426993688269576,0.9426993688269576,0.4426993688269576
RS,TD,CH,FZ,"['RS', 'TD', 'CH', 'FZ']",RS + TD,CH + FZ,RS|TD|CH|FZ,"CH,FZ||RS,TD",False,False,0.38308651408878375,0.0014860678817578941,0.057064857892117085,0.057064857892117085,0.44293514210788293
TD,RS,CH,FZ,"['TD', 'RS', 'CH', 'FZ']",TD + RS,CH + FZ,TD|RS|CH|FZ,"CH,FZ||RS,TD",False,False,0.38308651408878375,0.0014860678817578941,0.057064857892117085,0.057064857892117085,0.44293514210788293
SY,NS,CH,FZ,"['SY', 'NS', 'CH', 'FZ']",SY + NS,CH + FZ,SY|NS|CH|FZ,"CH,FZ||NS,SY",False,True,0.43740873035898276,0.23742954160369495,0.9435760982516274,0.9435760982516274,0.44357609825162736
TT,AC,RS,NS,"['TT', 'AC', 'RS', 'NS']",TT + AC,RS + NS,TT|AC|RS|NS,"AC,TT||NS,RS",False,False,0.4604358251830023,0.7885695615291729,0.05623368911527435,0.05623368911527435,0.4437663108847256
FZ,AC,SY,TT,"['FZ', 'AC', 'SY', 'TT']",FZ + AC,SY + TT,FZ|AC|SY|TT,"AC,FZ||SY,TT",False,True,0.5324483249614835,0.7125898529628892,0.94379768910712,0.94379768910712,0.44379768910712003
CH,TT,FZ,SY,"['CH', 'TT', 'FZ', 'SY']",CH + TT,FZ + SY,CH|TT|FZ|SY,"CH,TT||FZ,SY",False,True,0.42269558784809264,0.10101875285418832,0.9440944391457591,0.9440944391457591,0.4440944391457591
TT,AC,FZ,SY,"['TT', 'AC', 'FZ', 'SY']",TT + AC,FZ + SY,TT|AC|FZ|SY,"AC,TT||FZ,SY",False,True,0.3689245783572441,0.028513062760735737,0.05573212331491756,0.05573212331491756,0.44426787668508244
RS,TD,FZ,CH,"['RS', 'TD', 'FZ', 'CH']",RS + TD,FZ + CH,RS|TD|FZ|CH,"CH,FZ||RS,TD",False,False,0.38308651408878375,0.0014860678817578941,0.05572917079642805,0.05572917079642805,0.44427082920357197
TD,RS,FZ,CH,"['TD', 'RS', 'FZ', 'CH']",TD + RS,FZ + CH,TD|RS|FZ|CH,"CH,FZ||RS,TD",False,False,0.38308651408878375,0.0014860678817578941,0.05572917079642805,0.05572917079642805,0.44427082920357197
AC,CH,SY,FZ,"['AC', 'CH', 'SY', 'FZ']",AC + CH,SY + FZ,AC|CH|SY|FZ,"AC,CH||FZ,SY",False,True,0.4201649572135027,0.13422540368188468,0.9446016538893518,0.9446016538893518,0.4446016538893518
FZ,AC,TT,CH,"['FZ', 'AC', 'TT', 'CH']",FZ + AC,TT + CH,FZ|AC|TT|CH,"AC,FZ||CH,TT",False,True,0.5270457870455779,0.7249952974771543,0.9447170812156788,0.9447170812156788,0.44471708121567877
TT,AC,NS,RS,"['TT', 'AC', 'NS', 'RS']",TT + AC,NS + RS,TT|AC|NS|RS,"AC,TT||NS,RS",False,False,0.4604358251830023,0.7885695615291729,0.054463166007242346,0.054463166007242346,0.4455368339927577
FZ,AC,TT,SY,"['FZ', 'AC', 'TT', 'SY']",FZ + AC,TT + SY,FZ|AC|TT|SY,"AC,FZ||SY,TT",False,True,0.5324483249614835,0.7125898529628892,0.9457520232658508,0.9457520232658508,0.44575202326585084
FZ,RS,TT,NS,"['FZ', 'RS', 'TT', 'NS']",FZ + RS,TT + NS,FZ|RS|TT|NS,"FZ,RS||NS,TT",False,False,0.568271214196182,0.3396612457048158,0.9459701547987098,0.9459701547987098,0.44597015479870983
FZ,AC,CH,TT,"['FZ', 'AC', 'CH', 'TT']",FZ + AC,CH + TT,FZ|AC|CH|TT,"AC,FZ||CH,TT",True,True,0.5270457870455779,0.7249952974771543,0.9460234205232559,0.9460234205232559,0.44602342052325594
SY,NS,FZ,CH,"['SY', 'NS', 'FZ', 'CH']",SY + NS,FZ + CH,SY|NS|FZ|CH,"CH,FZ||NS,SY",True,True,0.43740873035898276,0.23742954160369495,0.9461036271768648,0.9461036271768648,0.4461036271768648
CH,TT,SY,TD,"['CH', 'TT', 'SY', 'TD']",CH + TT,SY + TD,CH|TT|SY|TD,"CH,TT||SY,TD",False,True,0.4987041666681663,0.49743970044073643,0.9465118444469266,0.9465118444469266,0.4465118444469266
CH,TT,TD,SY,"['CH', 'TT', 'TD', 'SY']",CH + TT,TD + SY,CH|TT|TD|SY,"CH,TT||SY,TD",False,True,0.4987041666681663,0.49743970044073643,0.9465118444469266,0.9465118444469266,0.4465118444469266
TT,CH,SY,TD,"['TT', 'CH', 'SY', 'TD']",TT + CH,SY + TD,TT|CH|SY|TD,"CH,TT||SY,TD",False,True,0.4987041666681663,0.49743970044073643,0.9465118444469266,0.9465118444469266,0.4465118444469266
TT,CH,TD,SY,"['TT', 'CH', 'TD', 'SY']",TT + CH,TD + SY,TT|CH|TD|SY,"CH,TT||SY,TD",False,True,0.4987041666681663,0.49743970044073643,0.9465118444469266,0.9465118444469266,0.4465118444469266
RS,CH,NS,TD,"['RS', 'CH', 'NS', 'TD']",RS + CH,NS + TD,RS|CH|NS|TD,"CH,RS||NS,TD",False,False,0.5322708448790866,0.22087915375430195,0.9466713095271865,0.9466713095271865,0.4466713095271865
RS,CH,TD,NS,"['RS', 'CH', 'TD', 'NS']",RS + CH,TD + NS,RS|CH|TD|NS,"CH,RS||NS,TD",False,False,0.5322708448790866,0.22087915375430195,0.9466713095271865,0.9466713095271865,0.4466713095271865
CH,TD,FZ,AC,"['CH', 'TD', 'FZ', 'AC']",CH + TD,FZ + AC,CH|TD|FZ|AC,"AC,FZ||CH,TD",False,False,0.4796566438071337,0.2668361360349843,0.9469139153564216,0.9469139153564216,0.44691391535642155
TD,CH,FZ,AC,"['TD', 'CH', 'FZ', 'AC']",TD + CH,FZ + AC,TD|CH|FZ|AC,"AC,FZ||CH,TD",False,False,0.4796566438071337,0.2668361360349843,0.9469139153564216,0.9469139153564216,0.44691391535642155
CH,TT,FZ,NS,"['CH', 'TT', 'FZ', 'NS']",CH + TT,FZ + NS,CH|TT|FZ|NS,"CH,TT||FZ,NS",False,True,0.4447085330955135,0.18037389363037593,0.9469580147560448,0.9469580147560448,0.4469580147560448
TT,CH,FZ,NS,"['TT', 'CH', 'FZ', 'NS']",TT + CH,FZ + NS,TT|CH|FZ|NS,"CH,TT||FZ,NS",False,True,0.4447085330955135,0.18037389363037593,0.9469580147560448,0.9469580147560448,0.4469580147560448
RS,FZ,AC,SY,"['RS', 'FZ', 'AC', 'SY']",RS + FZ,AC + SY,RS|FZ|AC|SY,"AC,SY||FZ,RS",False,False,0.5487290037185312,0.18343754604289492,0.9472336948859681,0.9472336948859681,0.4472336948859681
AC,CH,FZ,NS,"['AC', 'CH', 'FZ', 'NS']",AC + CH,FZ + NS,AC|CH|FZ|NS,"AC,CH||FZ,NS",False,True,0.44214704827900686,0.22845599254865095,0.9472461652718495,0.9472461652718495,0.44724616527184946
CH,SY,TT,FZ,"['CH', 'SY', 'TT', 'FZ']",CH + SY,TT + FZ,CH|SY|TT|FZ,"CH,SY||FZ,TT",False,True,0.5185869528744368,0.6636387733854515,0.947780760190019,0.947780760190019,0.447780760190019
CH,FZ,NS,RS,"['CH', 'FZ', 'NS', 'RS']",CH + FZ,NS + RS,CH|FZ|NS|RS,"CH,FZ||NS,RS",False,False,0.5986713317397335,0.9942526157290402,0.9481302308876015,0.9481302308876015,0.4481302308876015
FZ,CH,NS,RS,"['FZ', 'CH', 'NS', 'RS']",FZ + CH,NS + RS,FZ|CH|NS|RS,"CH,FZ||NS,RS",False,False,0.5986713317397335,0.9942526157290402,0.9481302308876015,0.9481302308876015,0.4481302308876015
RS,SY,TT,NS,"['RS', 'SY', 'TT', 'NS']",RS + SY,TT + NS,RS|SY|TT|NS,"NS,TT||RS,SY",False,False,0.5335610644333562,0.22113506745380845,0.9481398515422746,0.9481398515422746,0.44813985154227465
RS,SY,NS,TT,"['RS', 'SY', 'NS', 'TT']",RS + SY,NS + TT,RS|SY|NS|TT,"NS,TT||RS,SY",False,False,0.5335610644333562,0.22113506745380845,0.948187561598714,0.948187561598714,0.448187561598714
CH,RS,TT,NS,"['CH', 'RS', 'TT', 'NS']",CH + RS,TT + NS,CH|RS|TT|NS,"CH,RS||NS,TT",False,False,0.5389542825258666,0.21126544903801342,0.9484239638264961,0.9484239638264961,0.4484239638264961
CH,RS,NS,TT,"['CH', 'RS', 'NS', 'TT']",CH + RS,NS + TT,CH|RS|NS|TT,"CH,RS||NS,TT",False,False,0.5389542825258666,0.21126544903801342,0.9484714267116688,0.9484714267116688,0.44847142671166884
TD,NS,CH,TT,"['TD', 'NS', 'CH', 'TT']",TD + NS,CH + TT,TD|NS|CH|TT,"CH,TT||NS,TD",False,True,0.4788975343856291,0.3654464648484259,0.051235007716502856,0.051235007716502856,0.44876499228349714
CH,TD,AC,FZ,"['CH', 'TD', 'AC', 'FZ']",CH + TD,AC + FZ,CH|TD|AC|FZ,"AC,FZ||CH,TD",False,False,0.4796566438071337,0.2668361360349843,0.9489329308450579,0.9489329308450579,0.4489329308450579
TD,CH,AC,FZ,"['TD', 'CH', 'AC', 'FZ']",TD + CH,AC + FZ,TD|CH|AC|FZ,"AC,FZ||CH,TD",False,False,0.4796566438071337,0.2668361360349843,0.9489329308450579,0.9489329308450579,0.4489329308450579
RS,AC,NS,SY,"['RS', 'AC', 'NS', 'SY']",RS + AC,NS + SY,RS|AC|NS|SY,"AC,RS||NS,SY",False,False,0.43486427809836853,0.015360894944995178,0.05103916140656441,0.05103916140656441,0.4489608385934356
RS,AC,SY,NS,"['RS', 'AC', 'SY', 'NS']",RS + AC,SY + NS,RS|AC|SY|NS,"AC,RS||NS,SY",False,False,0.43486427809836853,0.015360894944995178,0.05103916140656441,0.05103916140656441,0.4489608385934356
CH,AC,TT,FZ,"['CH', 'AC', 'TT', 'FZ']",CH + AC,TT + FZ,CH|AC|TT|FZ,"AC,CH||FZ,TT",False,True,0.4677830707573175,0.40081734869484753,0.9494514925156856,0.9494514925156856,0.4494514925156856
FZ,NS,RS,SY,"['FZ', 'NS', 'RS', 'SY']",FZ + NS,RS + SY,FZ|NS|RS|SY,"FZ,NS||RS,SY",False,False,0.5495761092943996,0.9716630783291434,0.9506491447272717,0.9506491447272717,0.4506491447272717
FZ,NS,SY,RS,"['FZ', 'NS', 'SY', 'RS']",FZ + NS,SY + RS,FZ|NS|SY|RS,"FZ,NS||RS,SY",False,False,0.5495761092943996,0.9716630783291434,0.9506491447272717,0.9506491447272717,0.4506491447272717
NS,FZ,RS,SY,"['NS', 'FZ', 'RS', 'SY']",NS + FZ,RS + SY,NS|FZ|RS|SY,"FZ,NS||RS,SY",False,False,0.5495761092943996,0.9716630783291434,0.9506491447272717,0.9506491447272717,0.4506491447272717
NS,FZ,SY,RS,"['NS', 'FZ', 'SY', 'RS']",NS + FZ,SY + RS,NS|FZ|SY|RS,"FZ,NS||RS,SY",False,False,0.5495761092943996,0.9716630783291434,0.9506491447272717,0.9506491447272717,0.4506491447272717
CH,NS,AC,TT,"['CH', 'NS', 'AC', 'TT']",CH + NS,AC + TT,CH|NS|AC|TT,"AC,TT||CH,NS",False,True,0.5813997377155782,0.8688950790625452,0.9508084464845267,0.9508084464845267,0.45080844648452667
CH,NS,TT,AC,"['CH', 'NS', 'TT', 'AC']",CH + NS,TT + AC,CH|NS|TT|AC,"AC,TT||CH,NS",False,True,0.5813997377155782,0.8688950790625452,0.9509119478921206,0.9509119478921206,0.45091194789212063
NS,RS,AC,CH,"['NS', 'RS', 'AC', 'CH']",NS + RS,AC + CH,NS|RS|AC|CH,"AC,CH||NS,RS",False,False,0.4859665251106769,0.06064420911164835,0.04876460646639952,0.04876460646639952,0.4512353935336005
RS,NS,AC,CH,"['RS', 'NS', 'AC', 'CH']",RS + NS,AC + CH,RS|NS|AC|CH,"AC,CH||NS,RS",False,False,0.4859665251106769,0.06064420911164835,0.04876460646639952,0.04876460646639952,0.4512353935336005
SY,CH,TT,FZ,"['SY', 'CH', 'TT', 'FZ']",SY + CH,TT + FZ,SY|CH|TT|FZ,"CH,SY||FZ,TT",False,True,0.5185869528744368,0.6636387733854515,0.9518537357209759,0.9518537357209759,0.45185373572097587
CH,TD,NS,SY,"['CH', 'TD', 'NS', 'SY']",CH + TD,NS + SY,CH|TD|NS|SY,"CH,TD||NS,SY",False,True,0.4862912416000332,0.2904390319031164,0.9522704164568923,0.9522704164568923,0.45227041645689225
TD,CH,NS,SY,"['TD', 'CH', 'NS', 'SY']",TD + CH,NS + SY,TD|CH|NS|SY,"CH,TD||NS,SY",False,True,0.4862912416000332,0.2904390319031164,0.9522704164568923,0.9522704164568923,0.45227041645689225
CH,TD,SY,NS,"['CH', 'TD', 'SY', 'NS']",CH + TD,SY + NS,CH|TD|SY|NS,"CH,TD||NS,SY",False,True,0.4862912416000332,0.2904390319031164,0.9522850961874794,0.9522850961874794,0.45228509618747936
TD,CH,SY,NS,"['TD', 'CH', 'SY', 'NS']",TD + CH,SY + NS,TD|CH|SY|NS,"CH,TD||NS,SY",True,True,0.4862912416000332,0.2904390319031164,0.9522850961874794,0.9522850961874794,0.45228509618747936
SY,TD,FZ,AC,"['SY', 'TD', 'FZ', 'AC']",SY + TD,FZ + AC,SY|TD|FZ|AC,"AC,FZ||SY,TD",False,False,0.47424643596289195,0.2789618587253146,0.9526124579173351,0.9526124579173351,0.45261245791733506
TD,SY,FZ,AC,"['TD', 'SY', 'FZ', 'AC']",TD + SY,FZ + AC,TD|SY|FZ|AC,"AC,FZ||SY,TD",False,False,0.47424643596289195,0.2789618587253146,0.9526124579173351,0.9526124579173351,0.45261245791733506
NS,RS,CH,AC,"['NS', 'RS', 'CH', 'AC']",NS + RS,CH + AC,NS|RS|CH|AC,"AC,CH||NS,RS",False,False,0.4859665251106769,0.06064420911164835,0.047303519851727156,0.047303519851727156,0.45269648014827285
RS,NS,CH,AC,"['RS', 'NS', 'CH', 'AC']",RS + NS,CH + AC,RS|NS|CH|AC,"AC,CH||NS,RS",False,False,0.4859665251106769,0.06064420911164835,0.047303519851727156,0.047303519851727156,0.45269648014827285
TT,AC,RS,TD,"['TT', 'AC', 'RS', 'TD']",TT + AC,RS + TD,TT|AC|RS|TD,"AC,TT||RS,TD",False,False,0.4794984174214169,0.8960313268838989,0.9530355717843266,0.9530355717843266,0.45303557178432663
TT,AC,TD,RS,"['TT', 'AC', 'TD', 'RS']",TT + AC,TD + RS,TT|AC|TD|RS,"AC,TT||RS,TD",False,False,0.4794984174214169,0.8960313268838989,0.9530790007874695,0.9530790007874695,0.45307900078746954
CH,FZ,RS,NS,"['CH', 'FZ', 'RS', 'NS']",CH + FZ,RS + NS,CH|FZ|RS|NS,"CH,FZ||NS,RS",False,False,0.5986713317397335,0.9942526157290402,0.9531731770135586,0.9531731770135586,0.45317317701355864
FZ,CH,RS,NS,"['FZ', 'CH', 'RS', 'NS']",FZ + CH,RS + NS,FZ|CH|RS|NS,"CH,FZ||NS,RS",False,False,0.5986713317397335,0.9942526157290402,0.9531731770135586,0.9531731770135586,0.45317317701355864
AC,TD,RS,NS,"['AC', 'TD', 'RS', 'NS']",AC + TD,RS + NS,AC|TD|RS|NS,"AC,TD||NS,RS",False,False,0.46711808440880564,0.7790061274211098,0.046720848528759226,0.046720848528759226,0.45327915147124076
RS,CH,TT,NS,"['RS', 'CH', 'TT', 'NS']",RS + CH,TT + NS,RS|CH|TT|NS,"CH,RS||NS,TT",False,False,0.5389542825258666,0.21126544903801342,0.9533909699310426,0.9533909699310426,0.45339096993104255
RS,CH,NS,TT,"['RS', 'CH', 'NS', 'TT']",RS + CH,NS + TT,RS|CH|NS|TT,"CH,RS||NS,TT",False,False,0.5389542825258666,0.21126544903801342,0.9534340863477405,0.9534340863477405,0.4534340863477405
CH,TT,NS,TD,"['CH', 'TT', 'NS', 'TD']",CH + TT,NS + TD,CH|TT|NS|TD,"CH,TT||NS,TD",False,True,0.5211024656143709,0.6345535351515741,0.9535570212640475,0.9535570212640475,0.4535570212640475
CH,TT,TD,NS,"['CH', 'TT', 'TD', 'NS']",CH + TT,TD + NS,CH|TT|TD|NS,"CH,TT||NS,TD",False,True,0.5211024656143709,0.6345535351515741,0.9535570212640475,0.9535570212640475,0.4535570212640475
TT,CH,NS,TD,"['TT', 'CH', 'NS', 'TD']",TT + CH,NS + TD,TT|CH|NS|TD,"CH,TT||NS,TD",False,True,0.5211024656143709,0.6345535351515741,0.9535570212640475,0.9535570212640475,0.4535570212640475
TT,CH,TD,NS,"['TT', 'CH', 'TD', 'NS']",TT + CH,TD + NS,TT|CH|TD|NS,"CH,TT||NS,TD",False,True,0.5211024656143709,0.6345535351515741,0.9535570212640475,0.9535570212640475,0.4535570212640475
AC,RS,NS,SY,"['AC', 'RS', 'NS', 'SY']",AC + RS,NS + SY,AC|RS|NS|SY,"AC,RS||NS,SY",False,False,0.43486427809836853,0.015360894944995178,0.046198684236053965,0.046198684236053965,0.45380131576394606
AC,RS,SY,NS,"['AC', 'RS', 'SY', 'NS']",AC + RS,SY + NS,AC|RS|SY|NS,"AC,RS||NS,SY",False,False,0.43486427809836853,0.015360894944995178,0.046198684236053965,0.046198684236053965,0.45380131576394606
NS,AC,TT,TD,"['NS', 'AC', 'TT', 'TD']",NS + AC,TT + TD,NS|AC|TT|TD,"AC,NS||TD,TT",False,False,0.516533240007779,0.7510912852777167,0.9538246669491005,0.9538246669491005,0.4538246669491005
NS,AC,TD,TT,"['NS', 'AC', 'TD', 'TT']",NS + AC,TD + TT,NS|AC|TD|TT,"AC,NS||TD,TT",False,False,0.516533240007779,0.7510912852777167,0.953867401580693,0.953867401580693,0.45386740158069305
AC,NS,RS,FZ,"['AC', 'NS', 'RS', 'FZ']",AC + NS,RS + FZ,AC|NS|RS|FZ,"AC,NS||FZ,RS",False,False,0.42918427956866007,0.7168218668394346,0.046089712272997053,0.046089712272997053,0.4539102877270029
FZ,RS,AC,SY,"['FZ', 'RS', 'AC', 'SY']",FZ + RS,AC + SY,FZ|RS|AC|SY,"AC,SY||FZ,RS",False,False,0.5487290037185312,0.18343754604289492,0.954157929679906,0.954157929679906,0.454157929679906
SY,RS,AC,NS,"['SY', 'RS', 'AC', 'NS']",SY + RS,AC + NS,SY|RS|AC|NS,"AC,NS||RS,SY",False,False,0.5361431590502695,0.17618134081345205,0.9541973243255771,0.9541973243255771,0.45419732432557713
SY,RS,NS,AC,"['SY', 'RS', 'NS', 'AC']",SY + RS,NS + AC,SY|RS|NS|AC,"AC,NS||RS,SY",False,False,0.5361431590502695,0.17618134081345205,0.9541973243255771,0.9541973243255771,0.45419732432557713
SY,TD,AC,FZ,"['SY', 'TD', 'AC', 'FZ']",SY + TD,AC + FZ,SY|TD|AC|FZ,"AC,FZ||SY,TD",False,False,0.47424643596289195,0.2789618587253146,0.9544251728215286,0.9544251728215286,0.4544251728215286
TD,SY,AC,FZ,"['TD', 'SY', 'AC', 'FZ']",TD + SY,AC + FZ,TD|SY|AC|FZ,"AC,FZ||SY,TD",False,False,0.47424643596289195,0.2789618587253146,0.9544251728215286,0.9544251728215286,0.4544251728215286
AC,TD,NS,RS,"['AC', 'TD', 'NS', 'RS']",AC + TD,NS + RS,AC|TD|NS|RS,"AC,TD||NS,RS",False,False,0.46711808440880564,0.7790061274211098,0.04523548223528486,0.04523548223528486,0.45476451776471516
CH,AC,FZ,SY,"['CH', 'AC', 'FZ', 'SY']",CH + AC,FZ + SY,CH|AC|FZ|SY,"AC,CH||FZ,SY",False,True,0.4201649572135027,0.13422540368188468,0.9551893020005848,0.9551893020005848,0.45518930200058483
NS,TT,SY,RS,"['NS', 'TT', 'SY', 'RS']",NS + TT,SY + RS,NS|TT|SY|RS,"NS,TT||RS,SY",False,False,0.46643893556664384,0.7788649325461916,0.04327521339063459,0.04327521339063459,0.45672478660936544
TT,NS,SY,RS,"['TT', 'NS', 'SY', 'RS']",TT + NS,SY + RS,TT|NS|SY|RS,"NS,TT||RS,SY",False,False,0.46643893556664384,0.7788649325461916,0.04320067138412621,0.04320067138412621,0.4567993286158738
FZ,TD,CH,NS,"['FZ', 'TD', 'CH', 'NS']",FZ + TD,CH + NS,FZ|TD|CH|NS,"CH,NS||FZ,TD",True,True,0.5105313836596895,0.46266907248050027,0.95686358802575,0.95686358802575,0.45686358802575
AC,CH,NS,RS,"['AC', 'CH', 'NS', 'RS']",AC + CH,NS + RS,AC|CH|NS|RS,"AC,CH||NS,RS",False,False,0.5140334748893232,0.9393557908883516,0.9570681735362032,0.9570681735362032,0.4570681735362032
NS,TT,FZ,AC,"['NS', 'TT', 'FZ', 'AC']",NS + TT,FZ + AC,NS|TT|FZ|AC,"AC,FZ||NS,TT",False,False,0.4453147864589743,0.18080890645625342,0.042899307101819883,0.042899307101819883,0.4571006928981801
TT,NS,FZ,AC,"['TT', 'NS', 'FZ', 'AC']",TT + NS,FZ + AC,TT|NS|FZ|AC,"AC,FZ||NS,TT",False,False,0.4453147864589743,0.18080890645625342,0.04283430352716452,0.04283430352716452,0.4571656964728355
CH,AC,NS,FZ,"['CH', 'AC', 'NS', 'FZ']",CH + AC,NS + FZ,CH|AC|NS|FZ,"AC,CH||FZ,NS",False,True,0.44214704827900686,0.22845599254865095,0.9575327904352758,0.9575327904352758,0.45753279043527584
NS,TT,RS,SY,"['NS', 'TT', 'RS', 'SY']",NS + TT,RS + SY,NS|TT|RS|SY,"NS,TT||RS,SY",False,False,0.46643893556664384,0.7788649325461916,0.04244343268820957,0.04244343268820957,0.45755656731179045
TT,NS,RS,SY,"['TT', 'NS', 'RS', 'SY']",TT + NS,RS + SY,TT|NS|RS|SY,"NS,TT||RS,SY",False,False,0.46643893556664384,0.7788649325461916,0.04237025998071289,0.04237025998071289,0.45762974001928713
CH,RS,NS,AC,"['CH', 'RS', 'NS', 'AC']",CH + RS,NS + AC,CH|RS|NS|AC,"AC,NS||CH,RS",False,False,0.5415321752782113,0.16754809226909034,0.9576412823318918,0.9576412823318918,0.45764128233189183
CH,RS,AC,NS,"['CH', 'RS', 'AC', 'NS']",CH + RS,AC + NS,CH|RS|AC|NS,"AC,NS||CH,RS",False,False,0.5415321752782113,0.16754809226909034,0.9577055029710536,0.9577055029710536,0.4577055029710536
AC,TT,SY,FZ,"['AC', 'TT', 'SY', 'FZ']",AC + TT,SY + FZ,AC|TT|SY|FZ,"AC,TT||FZ,SY",False,True,0.3689245783572441,0.028513062760735737,0.04224183590441535,0.04224183590441535,0.4577581640955847
FZ,TD,CH,AC,"['FZ', 'TD', 'CH', 'AC']",FZ + TD,CH + AC,FZ|TD|CH|AC,"AC,CH||FZ,TD",False,False,0.5389004699025738,0.5868379619017206,0.9580186857049692,0.9580186857049692,0.4580186857049692
AC,NS,FZ,RS,"['AC', 'NS', 'FZ', 'RS']",AC + NS,FZ + RS,AC|NS|FZ|RS,"AC,NS||FZ,RS",False,False,0.42918427956866007,0.7168218668394346,0.04173910263890437,0.04173910263890437,0.45826089736109565
AC,CH,RS,NS,"['AC', 'CH', 'RS', 'NS']",AC + CH,RS + NS,AC|CH|RS|NS,"AC,CH||NS,RS",False,False,0.5140334748893232,0.9393557908883516,0.9584383298329574,0.9584383298329574,0.4584383298329574
RS,SY,AC,NS,"['RS', 'SY', 'AC', 'NS']",RS + SY,AC + NS,RS|SY|AC|NS,"AC,NS||RS,SY",False,False,0.5361431590502695,0.17618134081345205,0.9586953632748092,0.9586953632748092,0.4586953632748092
RS,SY,NS,AC,"['RS', 'SY', 'NS', 'AC']",RS + SY,NS + AC,RS|SY|NS|AC,"AC,NS||RS,SY",False,False,0.5361431590502695,0.17618134081345205,0.9586953632748092,0.9586953632748092,0.4586953632748092
NS,RS,SY,TT,"['NS', 'RS', 'SY', 'TT']",NS + RS,SY + TT,NS|RS|SY|TT,"NS,RS||SY,TT",False,False,0.4887917910545825,0.07811052281558924,0.04097439989581023,0.04097439989581023,0.45902560010418975
RS,NS,SY,TT,"['RS', 'NS', 'SY', 'TT']",RS + NS,SY + TT,RS|NS|SY|TT,"NS,RS||SY,TT",False,False,0.4887917910545825,0.07811052281558924,0.04097439989581023,0.04097439989581023,0.45902560010418975
NS,RS,TT,SY,"['NS', 'RS', 'TT', 'SY']",NS + RS,TT + SY,NS|RS|TT|SY,"NS,RS||SY,TT",False,False,0.4887917910545825,0.07811052281558924,0.04096170842363291,0.04096170842363291,0.4590382915763671
RS,NS,TT,SY,"['RS', 'NS', 'TT', 'SY']",RS + NS,TT + SY,RS|NS|TT|SY,"NS,RS||SY,TT",False,False,0.4887917910545825,0.07811052281558924,0.04096170842363291,0.04096170842363291,0.4590382915763671
NS,RS,FZ,AC,"['NS', 'RS', 'FZ', 'AC']",NS + RS,FZ + AC,NS|RS|FZ|AC,"AC,FZ||NS,RS",False,False,0.45640688319826667,0.026542485083574107,0.04066577795062269,0.04066577795062269,0.4593342220493773
RS,NS,FZ,AC,"['RS', 'NS', 'FZ', 'AC']",RS + NS,FZ + AC,RS|NS|FZ|AC,"AC,FZ||NS,RS",False,False,0.45640688319826667,0.026542485083574107,0.04066577795062269,0.04066577795062269,0.4593342220493773
CH,AC,SY,FZ,"['CH', 'AC', 'SY', 'FZ']",CH + AC,SY + FZ,CH|AC|SY|FZ,"AC,CH||FZ,SY",False,True,0.4201649572135027,0.13422540368188468,0.9593807861895046,0.9593807861895046,0.4593807861895046
AC,TT,FZ,SY,"['AC', 'TT', 'FZ', 'SY']",AC + TT,FZ + SY,AC|TT|FZ|SY,"AC,TT||FZ,SY",False,True,0.3689245783572441,0.028513062760735737,0.03998047635400702,0.03998047635400702,0.46001952364599297
CH,SY,NS,AC,"['CH', 'SY', 'NS', 'AC']",CH + SY,NS + AC,CH|SY|NS|AC,"AC,NS||CH,SY",False,False,0.5780464759788234,0.8408186674756217,0.9602547093201114,0.9602547093201114,0.46025470932011137
SY,CH,NS,AC,"['SY', 'CH', 'NS', 'AC']",SY + CH,NS + AC,SY|CH|NS|AC,"AC,NS||CH,SY",False,False,0.5780464759788234,0.8408186674756217,0.9602547093201114,0.9602547093201114,0.46025470932011137
TD,FZ,NS,CH,"['TD', 'FZ', 'NS', 'CH']",TD + FZ,NS + CH,TD|FZ|NS|CH,"CH,NS||FZ,TD",True,True,0.5105313836596895,0.46266907248050027,0.9604815155579819,0.9604815155579819,0.4604815155579819
AC,TT,NS,SY,"['AC', 'TT', 'NS', 'SY']",AC + TT,NS + SY,AC|TT|NS|SY,"AC,TT||NS,SY",False,False,0.423887473673879,0.12367149363106261,0.039181613048356795,0.039181613048356795,0.46081838695164323
AC,TT,SY,NS,"['AC', 'TT', 'SY', 'NS']",AC + TT,SY + NS,AC|TT|SY|NS,"AC,TT||NS,SY",False,False,0.423887473673879,0.12367149363106261,0.039181613048356795,0.039181613048356795,0.46081838695164323
RS,FZ,SY,AC,"['RS', 'FZ', 'SY', 'AC']",RS + FZ,SY + AC,RS|FZ|SY|AC,"AC,SY||FZ,RS",False,False,0.5487290037185312,0.18343754604289492,0.9611975804721615,0.9611975804721615,0.46119758047216153
TT,AC,NS,TD,"['TT', 'AC', 'NS', 'TD']",TT + AC,NS + TD,TT|AC|NS|TD,"AC,TT||NS,TD",False,False,0.46489393812807084,0.38977793951710127,0.038717625717407424,0.038717625717407424,0.46128237428259256
TT,AC,TD,NS,"['TT', 'AC', 'TD', 'NS']",TT + AC,TD + NS,TT|AC|TD|NS,"AC,TT||NS,TD",False,False,0.46489393812807084,0.38977793951710127,0.038717625717407424,0.038717625717407424,0.46128237428259256
TT,AC,SY,CH,"['TT', 'AC', 'SY', 'CH']",TT + AC,SY + CH,TT|AC|SY|CH,"AC,TT||CH,SY",False,False,0.3969558178973591,0.06905747552060941,0.03860360631689688,0.03860360631689688,0.46139639368310315
RS,CH,AC,NS,"['RS', 'CH', 'AC', 'NS']",RS + CH,AC + NS,RS|CH|AC|NS,"AC,NS||CH,RS",False,False,0.5415321752782113,0.16754809226909034,0.9618146430560756,0.9618146430560756,0.46181464305607556
RS,CH,NS,AC,"['RS', 'CH', 'NS', 'AC']",RS + CH,NS + AC,RS|CH|NS|AC,"AC,NS||CH,RS",False,False,0.5415321752782113,0.16754809226909034,0.9618146430560756,0.9618146430560756,0.46181464305607556
AC,TT,RS,NS,"['AC', 'TT', 'RS', 'NS']",AC + TT,RS + NS,AC|TT|RS|NS,"AC,TT||NS,RS",False,False,0.4604358251830023,0.7885695615291729,0.03744510099722113,0.03744510099722113,0.46255489900277885
TT,AC,CH,SY,"['TT', 'AC', 'CH', 'SY']",TT + AC,CH + SY,TT|AC|CH|SY,"AC,TT||CH,SY",False,False,0.3969558178973591,0.06905747552060941,0.03742334483047805,0.03742334483047805,0.46257665516952196
RS,AC,SY,TD,"['RS', 'AC', 'SY', 'TD']",RS + AC,SY + TD,RS|AC|SY|TD,"AC,RS||SY,TD",False,False,0.4537585088647061,0.04782446925234093,0.037132197154912124,0.037132197154912124,0.4628678028450879
RS,AC,TD,SY,"['RS', 'AC', 'TD', 'SY']",RS + AC,TD + SY,RS|AC|TD|SY,"AC,RS||SY,TD",False,False,0.4537585088647061,0.04782446925234093,0.037132197154912124,0.037132197154912124,0.4628678028450879
TT,AC,NS,CH,"['TT', 'AC', 'NS', 'CH']",TT + AC,NS + CH,TT|AC|NS|CH,"AC,TT||CH,NS",False,True,0.4186002622844218,0.1311049209374549,0.03695438331740431,0.03695438331740431,0.4630456166825957
AC,TT,NS,RS,"['AC', 'TT', 'NS', 'RS']",AC + TT,NS + RS,AC|TT|NS|RS,"AC,TT||NS,RS",False,False,0.4604358251830023,0.7885695615291729,0.036243420717534384,0.036243420717534384,0.4637565792824656
CH,AC,NS,SY,"['CH', 'AC', 'NS', 'SY']",CH + AC,NS + SY,CH|AC|NS|SY,"AC,CH||NS,SY",True,True,0.47699174015585427,0.3614121530634197,0.9639540213861534,0.9639540213861534,0.4639540213861534
CH,AC,SY,NS,"['CH', 'AC', 'SY', 'NS']",CH + AC,SY + NS,CH|AC|SY|NS,"AC,CH||NS,SY",False,True,0.47699174015585427,0.3614121530634197,0.9639540213861534,0.9639540213861534,0.4639540213861534
NS,RS,AC,FZ,"['NS', 'RS', 'AC', 'FZ']",NS + RS,AC + FZ,NS|RS|AC|FZ,"AC,FZ||NS,RS",False,False,0.45640688319826667,0.026542485083574107,0.03599918375879454,0.03599918375879454,0.4640008162412055
RS,NS,AC,FZ,"['RS', 'NS', 'AC', 'FZ']",RS + NS,AC + FZ,RS|NS|AC|FZ,"AC,FZ||NS,RS",False,False,0.45640688319826667,0.026542485083574107,0.03599918375879454,0.03599918375879454,0.4640008162412055
CH,SY,AC,NS,"['CH', 'SY', 'AC', 'NS']",CH + SY,AC + NS,CH|SY|AC|NS,"AC,NS||CH,SY",False,False,0.5780464759788234,0.8408186674756217,0.9640868129766544,0.9640868129766544,0.46408681297665444
SY,CH,AC,NS,"['SY', 'CH', 'AC', 'NS']",SY + CH,AC + NS,SY|CH|AC|NS,"AC,NS||CH,SY",False,False,0.5780464759788234,0.8408186674756217,0.9640868129766544,0.9640868129766544,0.46408681297665444
TT,AC,CH,NS,"['TT', 'AC', 'CH', 'NS']",TT + AC,CH + NS,TT|AC|CH|NS,"AC,TT||CH,NS",False,True,0.4186002622844218,0.1311049209374549,0.03582266613404154,0.03582266613404154,0.46417733386595844
CH,AC,FZ,NS,"['CH', 'AC', 'FZ', 'NS']",CH + AC,FZ + NS,CH|AC|FZ|NS,"AC,CH||FZ,NS",False,True,0.44214704827900686,0.22845599254865095,0.964320639445553,0.964320639445553,0.464320639445553
TT,NS,AC,FZ,"['TT', 'NS', 'AC', 'FZ']",TT + NS,AC + FZ,TT|NS|AC|FZ,"AC,FZ||NS,TT",False,False,0.4453147864589743,0.18080890645625342,0.035347047573039886,0.035347047573039886,0.46465295242696014
NS,FZ,TT,CH,"['NS', 'FZ', 'TT', 'CH']",NS + FZ,TT + CH,NS|FZ|TT|CH,"CH,TT||FZ,NS",False,True,0.5552914669044865,0.8196261063696241,0.9647177784238231,0.9647177784238231,0.4647177784238231
NS,RS,FZ,TT,"['NS', 'RS', 'FZ', 'TT']",NS + RS,FZ + TT,NS|RS|FZ|TT,"FZ,TT||NS,RS",False,False,0.453833086969872,0.03843699955779404,0.03491473874105106,0.03491473874105106,0.46508526125894895
RS,NS,FZ,TT,"['RS', 'NS', 'FZ', 'TT']",RS + NS,FZ + TT,RS|NS|FZ|TT,"FZ,TT||NS,RS",False,False,0.453833086969872,0.03843699955779404,0.03491473874105106,0.03491473874105106,0.46508526125894895
CH,FZ,AC,SY,"['CH', 'FZ', 'AC', 'SY']",CH + FZ,AC + SY,CH|FZ|AC|SY,"AC,SY||CH,FZ",True,True,0.5903640449749683,0.8492103403238891,0.9655994260641125,0.9655994260641125,0.46559942606411253
FZ,CH,AC,SY,"['FZ', 'CH', 'AC', 'SY']",FZ + CH,AC + SY,FZ|CH|AC|SY,"AC,SY||CH,FZ",False,True,0.5903640449749683,0.8492103403238891,0.9655994260641125,0.9655994260641125,0.46559942606411253
AC,TD,NS,TT,"['AC', 'TD', 'NS', 'TT']",AC + TD,NS + TT,AC|TD|NS|TT,"AC,TD||NS,TT",False,False,0.47828498376614276,0.3674697417205093,0.03438855387345093,0.03438855387345093,0.4656114461265491
AC,TD,TT,NS,"['AC', 'TD', 'TT', 'NS']",AC + TD,TT + NS,AC|TD|TT|NS,"AC,TD||NS,TT",False,False,0.47828498376614276,0.3674697417205093,0.034356334823546525,0.034356334823546525,0.4656436651764535
SY,TD,NS,FZ,"['SY', 'TD', 'NS', 'FZ']",SY + TD,NS + FZ,SY|TD|NS|FZ,"FZ,NS||SY,TD",False,False,0.4459888871609044,0.18425663500595485,0.9656499376361937,0.9656499376361937,0.46564993763619367
TD,SY,NS,FZ,"['TD', 'SY', 'NS', 'FZ']",TD + SY,NS + FZ,TD|SY|NS|FZ,"FZ,NS||SY,TD",False,False,0.4459888871609044,0.18425663500595485,0.9656499376361937,0.9656499376361937,0.46564993763619367
NS,RS,TT,FZ,"['NS', 'RS', 'TT', 'FZ']",NS + RS,TT + FZ,NS|RS|TT|FZ,"FZ,TT||NS,RS",False,False,0.453833086969872,0.03843699955779404,0.03383586390710415,0.03383586390710415,0.46616413609289586
RS,NS,TT,FZ,"['RS', 'NS', 'TT', 'FZ']",RS + NS,TT + FZ,RS|NS|TT|FZ,"FZ,TT||NS,RS",False,False,0.453833086969872,0.03843699955779404,0.03383586390710415,0.03383586390710415,0.46616413609289586
FZ,RS,SY,AC,"['FZ', 'RS', 'SY', 'AC']",FZ + RS,SY + AC,FZ|RS|SY|AC,"AC,SY||FZ,RS",False,False,0.5487290037185312,0.18343754604289492,0.9663544971764977,0.9663544971764977,0.4663544971764977
AC,RS,SY,TD,"['AC', 'RS', 'SY', 'TD']",AC + RS,SY + TD,AC|RS|SY|TD,"AC,RS||SY,TD",False,False,0.4537585088647061,0.04782446925234093,0.033512633090924976,0.033512633090924976,0.466487366909075
AC,RS,TD,SY,"['AC', 'RS', 'TD', 'SY']",AC + RS,TD + SY,AC|RS|TD|SY,"AC,RS||SY,TD",False,False,0.4537585088647061,0.04782446925234093,0.033512633090924976,0.033512633090924976,0.466487366909075
NS,TT,RS,FZ,"['NS', 'TT', 'RS', 'FZ']",NS + TT,RS + FZ,NS|TT|RS|FZ,"FZ,RS||NS,TT",False,False,0.43172878580381796,0.6603387542951842,0.033398237830549966,0.033398237830549966,0.46660176216945004
TT,NS,RS,FZ,"['TT', 'NS', 'RS', 'FZ']",TT + NS,RS + FZ,TT|NS|RS|FZ,"FZ,RS||NS,TT",False,False,0.43172878580381796,0.6603387542951842,0.03334011613867773,0.03334011613867773,0.4666598838613223
TT,NS,FZ,CH,"['TT', 'NS', 'FZ', 'CH']",TT + NS,FZ + CH,TT|NS|FZ|CH,"CH,FZ||NS,TT",False,False,0.39061327668473117,0.06022884641097487,0.033160297901215614,0.033160297901215614,0.4668397020987844
NS,FZ,CH,TT,"['NS', 'FZ', 'CH', 'TT']",NS + FZ,CH + TT,NS|FZ|CH|TT,"CH,TT||FZ,NS",False,True,0.5552914669044865,0.8196261063696241,0.9671950593430411,0.9671950593430411,0.46719505934304106
TD,NS,RS,SY,"['TD', 'NS', 'RS', 'SY']",TD + NS,RS + SY,TD|NS|RS|SY,"NS,TD||RS,SY",False,False,0.4731319214994501,0.7690770791200748,0.03256483993665236,0.03256483993665236,0.4674351600633476
CH,AC,NS,RS,"['CH', 'AC', 'NS', 'RS']",CH + AC,NS + RS,CH|AC|NS|RS,"AC,CH||NS,RS",False,False,0.5140334748893232,0.9393557908883516,0.9676769042980188,0.9676769042980188,0.4676769042980188
NS,TT,AC,FZ,"['NS', 'TT', 'AC', 'FZ']",NS + TT,AC + FZ,NS|TT|AC|FZ,"AC,FZ||NS,TT",False,False,0.4453147864589743,0.18080890645625342,0.03188423716394064,0.03188423716394064,0.4681157628360594
TD,TT,RS,NS,"['TD', 'TT', 'RS', 'NS']",TD + TT,RS + NS,TD|TT|RS|NS,"NS,RS||TD,TT",False,False,0.46970242872793466,0.7291398249337119,0.03181806099649478,0.03181806099649478,0.46818193900350524
TT,TD,RS,NS,"['TT', 'TD', 'RS', 'NS']",TT + TD,RS + NS,TT|TD|RS|NS,"NS,RS||TD,TT",False,False,0.46970242872793466,0.7291398249337119,0.03181806099649478,0.03181806099649478,0.46818193900350524
NS,TT,FZ,RS,"['NS', 'TT', 'FZ', 'RS']",NS + TT,FZ + RS,NS|TT|FZ|RS,"FZ,RS||NS,TT",False,False,0.43172878580381796,0.6603387542951842,0.03133121238115406,0.03133121238115406,0.46866878761884595
CH,AC,RS,NS,"['CH', 'AC', 'RS', 'NS']",CH + AC,RS + NS,CH|AC|RS|NS,"AC,CH||NS,RS",False,False,0.5140334748893232,0.9393557908883516,0.9687195519881286,0.9687195519881286,0.46871955198812865
TT,NS,FZ,RS,"['TT', 'NS', 'FZ', 'RS']",TT + NS,FZ + RS,TT|NS|FZ|RS,"FZ,RS||NS,TT",False,False,0.43172878580381796,0.6603387542951842,0.03127657146120435,0.03127657146120435,0.4687234285387957
AC,SY,CH,TD,"['AC', 'SY', 'CH', 'TD']",AC + SY,CH + TD,AC|SY|CH|TD,"AC,SY||CH,TD",False,True,0.48527015569347076,0.5941024144534545,0.9688285359842479,0.9688285359842479,0.4688285359842479
SY,TT,NS,TD,"['SY', 'TT', 'NS', 'TD']",SY + TT,NS + TD,SY|TT|NS|TD,"NS,TD||SY,TT",False,False,0.5156880754227058,0.6478778002362677,0.9688453886337015,0.9688453886337015,0.4688453886337015
SY,TT,TD,NS,"['SY', 'TT', 'TD', 'NS']",SY + TT,TD + NS,SY|TT|TD|NS,"NS,TD||SY,TT",False,False,0.5156880754227058,0.6478778002362677,0.9688453886337015,0.9688453886337015,0.4688453886337015
TT,SY,NS,TD,"['TT', 'SY', 'NS', 'TD']",TT + SY,NS + TD,TT|SY|NS|TD,"NS,TD||SY,TT",False,False,0.5156880754227058,0.6478778002362677,0.9688453886337015,0.9688453886337015,0.4688453886337015
TT,SY,TD,NS,"['TT', 'SY', 'TD', 'NS']",TT + SY,TD + NS,TT|SY|TD|NS,"NS,TD||SY,TT",False,False,0.5156880754227058,0.6478778002362677,0.9688453886337015,0.9688453886337015,0.4688453886337015
RS,AC,FZ,SY,"['RS', 'AC', 'FZ', 'SY']",RS + AC,FZ + SY,RS|AC|FZ|SY,"AC,RS||FZ,SY",False,False,0.3794154395300567,0.002197292807070191,0.03101308322843005,0.03101308322843005,0.46898691677156995
CH,FZ,SY,AC,"['CH', 'FZ', 'SY', 'AC']",CH + FZ,SY + AC,CH|FZ|SY|AC,"AC,SY||CH,FZ",True,True,0.5903640449749683,0.8492103403238891,0.9690060713939811,0.9690060713939811,0.4690060713939811
FZ,CH,SY,AC,"['FZ', 'CH', 'SY', 'AC']",FZ + CH,SY + AC,FZ|CH|SY|AC,"AC,SY||CH,FZ",True,True,0.5903640449749683,0.8492103403238891,0.9690060713939811,0.9690060713939811,0.4690060713939811
TD,TT,NS,RS,"['TD', 'TT', 'NS', 'RS']",TD + TT,NS + RS,TD|TT|NS|RS,"NS,RS||TD,TT",False,False,0.46970242872793466,0.7291398249337119,0.03079118586331884,0.03079118586331884,0.46920881413668114
TT,TD,NS,RS,"['TT', 'TD', 'NS', 'RS']",TT + TD,NS + RS,TT|TD|NS|RS,"NS,RS||TD,TT",False,False,0.46970242872793466,0.7291398249337119,0.03079118586331884,0.03079118586331884,0.46920881413668114
NS,TT,CH,FZ,"['NS', 'TT', 'CH', 'FZ']",NS + TT,CH + FZ,NS|TT|CH|FZ,"CH,FZ||NS,TT",False,False,0.39061327668473117,0.06022884641097487,0.030641907111545994,0.030641907111545994,0.469358092888454
TT,NS,CH,FZ,"['TT', 'NS', 'CH', 'FZ']",TT + NS,CH + FZ,TT|NS|CH|FZ,"CH,FZ||NS,TT",False,False,0.39061327668473117,0.06022884641097487,0.030641907111545994,0.030641907111545994,0.469358092888454
TT,RS,SY,TD,"['TT', 'RS', 'SY', 'TD']",TT + RS,SY + TD,TT|RS|SY|TD,"RS,TT||SY,TD",False,False,0.45633223552534774,0.03463523583802278,0.030490230814528535,0.030490230814528535,0.4695097691854715
TT,RS,TD,SY,"['TT', 'RS', 'TD', 'SY']",TT + RS,TD + SY,TT|RS|TD|SY,"RS,TT||SY,TD",False,False,0.45633223552534774,0.03463523583802278,0.030490230814528535,0.030490230814528535,0.4695097691854715
RS,TT,SY,TD,"['RS', 'TT', 'SY', 'TD']",RS + TT,SY + TD,RS|TT|SY|TD,"RS,TT||SY,TD",False,False,0.45633223552534774,0.03463523583802278,0.030479226911809286,0.030479226911809286,0.46952077308819073
RS,TT,TD,SY,"['RS', 'TT', 'TD', 'SY']",RS + TT,TD + SY,RS|TT|TD|SY,"RS,TT||SY,TD",False,False,0.45633223552534774,0.03463523583802278,0.030479226911809286,0.030479226911809286,0.46952077308819073
AC,SY,TD,CH,"['AC', 'SY', 'TD', 'CH']",AC + SY,TD + CH,AC|SY|TD|CH,"AC,SY||CH,TD",False,True,0.48527015569347076,0.5941024144534545,0.9697887086898369,0.9697887086898369,0.4697887086898369
NS,SY,TT,CH,"['NS', 'SY', 'TT', 'CH']",NS + SY,TT + CH,NS|SY|TT|CH,"CH,TT||NS,SY",False,True,0.5204184516482611,0.7008297752450668,0.9700550437934482,0.9700550437934482,0.4700550437934482
NS,TT,FZ,CH,"['NS', 'TT', 'FZ', 'CH']",NS + TT,FZ + CH,NS|TT|FZ|CH,"CH,FZ||NS,TT",False,False,0.39061327668473117,0.06022884641097487,0.029905073477751974,0.029905073477751974,0.47009492652224805
FZ,TD,AC,TT,"['FZ', 'TD', 'AC', 'TT']",FZ + TD,AC + TT,FZ|TD|AC|TT,"AC,TT||FZ,TD",False,True,0.5916169661140178,0.8439491939100892,0.9703000835780287,0.9703000835780287,0.47030008357802866
FZ,TD,TT,AC,"['FZ', 'TD', 'TT', 'AC']",FZ + TD,TT + AC,FZ|TD|TT|AC,"AC,TT||FZ,TD",False,True,0.5916169661140178,0.8439491939100892,0.9703638519384385,0.9703638519384385,0.47036385193843855
AC,RS,SY,FZ,"['AC', 'RS', 'SY', 'FZ']",AC + RS,SY + FZ,AC|RS|SY|FZ,"AC,RS||FZ,SY",False,False,0.3794154395300567,0.002197292807070191,0.029575770877311634,0.029575770877311634,0.4704242291226884
RS,AC,SY,FZ,"['RS', 'AC', 'SY', 'FZ']",RS + AC,SY + FZ,RS|AC|SY|FZ,"AC,RS||FZ,SY",False,False,0.3794154395300567,0.002197292807070191,0.029565086938372915,0.029565086938372915,0.4704349130616271
TD,FZ,AC,CH,"['TD', 'FZ', 'AC', 'CH']",TD + FZ,AC + CH,TD|FZ|AC|CH,"AC,CH||FZ,TD",False,False,0.5389004699025738,0.5868379619017206,0.9704663868034006,0.9704663868034006,0.4704663868034006
SY,TD,AC,CH,"['SY', 'TD', 'AC', 'CH']",SY + TD,AC + CH,SY|TD|AC|CH,"AC,CH||SY,TD",False,False,0.5038904650624667,0.43419578216655985,0.9707663194036059,0.9707663194036059,0.4707663194036059
TD,SY,AC,CH,"['TD', 'SY', 'AC', 'CH']",TD + SY,AC + CH,TD|SY|AC|CH,"AC,CH||SY,TD",False,False,0.5038904650624667,0.43419578216655985,0.9707663194036059,0.9707663194036059,0.4707663194036059
NS,SY,CH,TT,"['NS', 'SY', 'CH', 'TT']",NS + SY,CH + TT,NS|SY|CH|TT,"CH,TT||NS,SY",False,True,0.5204184516482611,0.7008297752450668,0.9707811634027208,0.9707811634027208,0.4707811634027208
TT,AC,FZ,NS,"['TT', 'AC', 'FZ', 'NS']",TT + AC,FZ + NS,TT|AC|FZ|NS,"AC,TT||FZ,NS",False,True,0.39002912969721365,0.061719597569089374,0.02895318388720079,0.02895318388720079,0.4710468161127992
SY,TD,FZ,NS,"['SY', 'TD', 'FZ', 'NS']",SY + TD,FZ + NS,SY|TD|FZ|NS,"FZ,NS||SY,TD",False,False,0.4459888871609044,0.18425663500595485,0.9711794137166125,0.9711794137166125,0.47117941371661254
TD,SY,FZ,NS,"['TD', 'SY', 'FZ', 'NS']",TD + SY,FZ + NS,TD|SY|FZ|NS,"FZ,NS||SY,TD",False,False,0.4459888871609044,0.18425663500595485,0.9711794137166125,0.9711794137166125,0.47117941371661254
TD,AC,RS,SY,"['TD', 'AC', 'RS', 'SY']",TD + AC,RS + SY,TD|AC|RS|SY,"AC,TD||RS,SY",False,False,0.4448845871675874,0.6734291181655169,0.0288143283692203,0.0288143283692203,0.4711856716307797
TD,NS,RS,CH,"['TD', 'NS', 'RS', 'CH']",TD + NS,RS + CH,TD|NS|RS|CH,"CH,RS||NS,TD",False,False,0.46772915512091345,0.779120846245698,0.02847275739665744,0.02847275739665744,0.47152724260334256
NS,TD,TT,CH,"['NS', 'TD', 'TT', 'CH']",NS + TD,TT + CH,NS|TD|TT|CH,"CH,TT||NS,TD",True,True,0.4788975343856291,0.3654464648484259,0.028237049870027515,0.028237049870027515,0.4717629501299725
SY,TD,CH,AC,"['SY', 'TD', 'CH', 'AC']",SY + TD,CH + AC,SY|TD|CH|AC,"AC,CH||SY,TD",False,False,0.5038904650624667,0.43419578216655985,0.9719480373183835,0.9719480373183835,0.47194803731838353
TD,SY,CH,AC,"['TD', 'SY', 'CH', 'AC']",TD + SY,CH + AC,TD|SY|CH|AC,"AC,CH||SY,TD",False,False,0.5038904650624667,0.43419578216655985,0.9719480373183835,0.9719480373183835,0.47194803731838353
NS,TT,RS,TD,"['NS', 'TT', 'RS', 'TD']",NS + TT,RS + TD,NS|TT|RS|TD,"NS,TT||RS,TD",False,False,0.5079325534174014,0.9386763859214062,0.9719572206417799,0.9719572206417799,0.4719572206417799
NS,TT,TD,RS,"['NS', 'TT', 'TD', 'RS']",NS + TT,TD + RS,NS|TT|TD|RS,"NS,TT||RS,TD",False,False,0.5079325534174014,0.9386763859214062,0.9719836667604734,0.9719836667604734,0.47198366676047343
TD,NS,RS,FZ,"['TD', 'NS', 'RS', 'FZ']",TD + NS,RS + FZ,TD|NS|RS|FZ,"FZ,RS||NS,TD",False,False,0.43833287967478424,0.6492831572024322,0.02800707349491401,0.02800707349491401,0.471992926505086
AC,RS,FZ,SY,"['AC', 'RS', 'FZ', 'SY']",AC + RS,FZ + SY,AC|RS|FZ|SY,"AC,RS||FZ,SY",False,False,0.3794154395300567,0.002197292807070191,0.027972668275469417,0.027972668275469417,0.4720273317245306
TT,NS,RS,TD,"['TT', 'NS', 'RS', 'TD']",TT + NS,RS + TD,TT|NS|RS|TD,"NS,TT||RS,TD",False,False,0.5079325534174014,0.9386763859214062,0.9720285323603145,0.9720285323603145,0.4720285323603145
TT,NS,TD,RS,"['TT', 'NS', 'TD', 'RS']",TT + NS,TD + RS,TT|NS|TD|RS,"NS,TT||RS,TD",False,False,0.5079325534174014,0.9386763859214062,0.9720549131611076,0.9720549131611076,0.4720549131611076
FZ,TD,NS,TT,"['FZ', 'TD', 'NS', 'TT']",FZ + TD,NS + TT,FZ|TD|NS|TT,"FZ,TD||NS,TT",False,True,0.563866382712005,0.7584000594439394,0.9723046044606616,0.9723046044606616,0.4723046044606616
NS,TT,CH,RS,"['NS', 'TT', 'CH', 'RS']",NS + TT,CH + RS,NS|TT|CH|RS,"CH,RS||NS,TT",False,False,0.46104571747413325,0.7887345509619865,0.027681970140647695,0.027681970140647695,0.4723180298593523
TT,NS,CH,RS,"['TT', 'NS', 'CH', 'RS']",TT + NS,CH + RS,TT|NS|CH|RS,"CH,RS||NS,TT",False,False,0.46104571747413325,0.7887345509619865,0.027633511862600393,0.027633511862600393,0.4723664881373996
TD,NS,CH,RS,"['TD', 'NS', 'CH', 'RS']",TD + NS,CH + RS,TD|NS|CH|RS,"CH,RS||NS,TD",False,False,0.46772915512091345,0.779120846245698,0.02759334520324874,0.02759334520324874,0.47240665479675126
FZ,NS,TT,CH,"['FZ', 'NS', 'TT', 'CH']",FZ + NS,TT + CH,FZ|NS|TT|CH,"CH,TT||FZ,NS",False,True,0.5552914669044865,0.8196261063696241,0.9724678065562109,0.9724678065562109,0.4724678065562109
CH,AC,NS,TD,"['CH', 'AC', 'NS', 'TD']",CH + AC,NS + TD,CH|AC|NS|TD,"AC,CH||NS,TD",False,False,0.5185118359658091,0.6973555176540661,0.9725334534094543,0.9725334534094543,0.4725334534094543
CH,AC,TD,NS,"['CH', 'AC', 'TD', 'NS']",CH + AC,TD + NS,CH|AC|TD|NS,"AC,CH||NS,TD",False,False,0.5185118359658091,0.6973555176540661,0.9725334534094543,0.9725334534094543,0.4725334534094543
NS,TT,RS,CH,"['NS', 'TT', 'RS', 'CH']",NS + TT,RS + CH,NS|TT|RS|CH,"CH,RS||NS,TT",False,False,0.46104571747413325,0.7887345509619865,0.02656126104668149,0.02656126104668149,0.4734387389533185
TT,NS,RS,CH,"['TT', 'NS', 'RS', 'CH']",TT + NS,RS + CH,TT|NS|RS|CH,"CH,RS||NS,TT",False,False,0.46104571747413325,0.7887345509619865,0.02651471111135319,0.02651471111135319,0.4734852888886468
TD,AC,TT,CH,"['TD', 'AC', 'TT', 'CH']",TD + AC,TT + CH,TD|AC|TT|CH,"AC,TD||CH,TT",False,False,0.45060037135990993,0.2563734725253748,0.026317964144089132,0.026317964144089132,0.47368203585591084
TD,NS,SY,RS,"['TD', 'NS', 'SY', 'RS']",TD + NS,SY + RS,TD|NS|SY|RS,"NS,TD||RS,SY",False,False,0.4731319214994501,0.7690770791200748,0.02624858705243494,0.02624858705243494,0.47375141294756506
CH,FZ,NS,SY,"['CH', 'FZ', 'NS', 'SY']",CH + FZ,NS + SY,CH|FZ|NS|SY,"CH,FZ||NS,SY",False,True,0.5625912696410172,0.7625704583963051,0.973883120904994,0.973883120904994,0.47388312090499396
FZ,CH,NS,SY,"['FZ', 'CH', 'NS', 'SY']",FZ + CH,NS + SY,FZ|CH|NS|SY,"CH,FZ||NS,SY",True,True,0.5625912696410172,0.7625704583963051,0.973883120904994,0.973883120904994,0.47388312090499396
TT,AC,NS,FZ,"['TT', 'AC', 'NS', 'FZ']",TT + AC,NS + FZ,TT|AC|NS|FZ,"AC,TT||FZ,NS",False,True,0.39002912969721365,0.061719597569089374,0.0261054000394953,0.0261054000394953,0.4738945999605047
FZ,NS,CH,TT,"['FZ', 'NS', 'CH', 'TT']",FZ + NS,CH + TT,FZ|NS|CH|TT,"CH,TT||FZ,NS",True,True,0.5552914669044865,0.8196261063696241,0.9744153636598679,0.9744153636598679,0.4744153636598679
SY,FZ,NS,RS,"['SY', 'FZ', 'NS', 'RS']",SY + FZ,NS + RS,SY|FZ|NS|RS,"FZ,SY||NS,RS",False,False,0.5934497271835293,0.994758288948432,0.9750241406701112,0.9750241406701112,0.47502414067011123
FZ,SY,NS,RS,"['FZ', 'SY', 'NS', 'RS']",FZ + SY,NS + RS,FZ|SY|NS|RS,"FZ,SY||NS,RS",False,False,0.5934497271835293,0.994758288948432,0.9750289338806313,0.9750289338806313,0.4750289338806313
FZ,TD,TT,NS,"['FZ', 'TD', 'TT', 'NS']",FZ + TD,TT + NS,FZ|TD|TT|NS,"FZ,TD||NS,TT",False,True,0.563866382712005,0.7584000594439394,0.9750590659065771,0.9750590659065771,0.4750590659065771
NS,TT,FZ,TD,"['NS', 'TT', 'FZ', 'TD']",NS + TT,FZ + TD,NS|TT|FZ|TD,"FZ,TD||NS,TT",False,True,0.43613361728799505,0.2415999405560606,0.024163678153280112,0.024163678153280112,0.47583632184671987
TT,NS,FZ,TD,"['TT', 'NS', 'FZ', 'TD']",TT + NS,FZ + TD,TT|NS|FZ|TD,"FZ,TD||NS,TT",False,True,0.43613361728799505,0.2415999405560606,0.024163678153280112,0.024163678153280112,0.47583632184671987
CH,SY,NS,TT,"['CH', 'SY', 'NS', 'TT']",CH + SY,NS + TT,CH|SY|NS|TT,"CH,SY||NS,TT",False,True,0.5755129592180634,0.8784004987760325,0.9759043748318025,0.9759043748318025,0.4759043748318025
SY,CH,NS,TT,"['SY', 'CH', 'NS', 'TT']",SY + CH,NS + TT,SY|CH|NS|TT,"CH,SY||NS,TT",False,True,0.5755129592180634,0.8784004987760325,0.9759043748318025,0.9759043748318025,0.4759043748318025
NS,TT,RS,AC,"['NS', 'TT', 'RS', 'AC']",NS + TT,RS + AC,NS|TT|RS|AC,"AC,RS||NS,TT",False,False,0.5172387093391256,0.9155170526811958,0.9762088958809894,0.9762088958809894,0.47620889588098936
NS,TT,AC,RS,"['NS', 'TT', 'AC', 'RS']",NS + TT,AC + RS,NS|TT|AC|RS,"AC,RS||NS,TT",False,False,0.5172387093391256,0.9155170526811958,0.9762314304524919,0.9762314304524919,0.47623143045249194
TT,NS,RS,AC,"['TT', 'NS', 'RS', 'AC']",TT + NS,RS + AC,TT|NS|RS|AC,"AC,RS||NS,TT",False,False,0.5172387093391256,0.9155170526811958,0.9762696597228442,0.9762696597228442,0.4762696597228442
TT,NS,AC,RS,"['TT', 'NS', 'AC', 'RS']",TT + NS,AC + RS,TT|NS|AC|RS,"AC,RS||NS,TT",False,False,0.5172387093391256,0.9155170526811958,0.9762921381375114,0.9762921381375114,0.47629213813751137
SY,TD,TT,AC,"['SY', 'TD', 'TT', 'AC']",SY + TD,TT + AC,SY|TD|TT|AC,"AC,TT||SY,TD",False,False,0.5573216391497833,0.7360122128785751,0.9766733938741943,0.9766733938741943,0.4766733938741943
TD,SY,TT,AC,"['TD', 'SY', 'TT', 'AC']",TD + SY,TT + AC,TD|SY|TT|AC,"AC,TT||SY,TD",False,False,0.5573216391497833,0.7360122128785751,0.9766733938741943,0.9766733938741943,0.4766733938741943
SY,TD,AC,TT,"['SY', 'TD', 'AC', 'TT']",SY + TD,AC + TT,SY|TD|AC|TT,"AC,TT||SY,TD",False,False,0.5573216391497833,0.7360122128785751,0.9766954989833256,0.9766954989833256,0.47669549898332564
TD,SY,AC,TT,"['TD', 'SY', 'AC', 'TT']",TD + SY,AC + TT,TD|SY|AC|TT,"AC,TT||SY,TD",False,False,0.5573216391497833,0.7360122128785751,0.9766954989833256,0.9766954989833256,0.47669549898332564
CH,SY,NS,TD,"['CH', 'SY', 'NS', 'TD']",CH + SY,NS + TD,CH|SY|NS|TD,"CH,SY||NS,TD",False,True,0.5689356117585381,0.8823710272619055,0.9767456859952116,0.9767456859952116,0.4767456859952116
CH,SY,TD,NS,"['CH', 'SY', 'TD', 'NS']",CH + SY,TD + NS,CH|SY|TD|NS,"CH,SY||NS,TD",True,True,0.5689356117585381,0.8823710272619055,0.9767456859952116,0.9767456859952116,0.4767456859952116
SY,CH,NS,TD,"['SY', 'CH', 'NS', 'TD']",SY + CH,NS + TD,SY|CH|NS|TD,"CH,SY||NS,TD",True,True,0.5689356117585381,0.8823710272619055,0.9767456859952116,0.9767456859952116,0.4767456859952116
SY,CH,TD,NS,"['SY', 'CH', 'TD', 'NS']",SY + CH,TD + NS,SY|CH|TD|NS,"CH,SY||NS,TD",False,True,0.5689356117585381,0.8823710272619055,0.9767456859952116,0.9767456859952116,0.4767456859952116
TD,AC,SY,RS,"['TD', 'AC', 'SY', 'RS']",TD + AC,SY + RS,TD|AC|SY|RS,"AC,TD||RS,SY",False,False,0.4448845871675874,0.6734291181655169,0.0232080710887028,0.0232080710887028,0.4767919289112972
SY,FZ,RS,NS,"['SY', 'FZ', 'RS', 'NS']",SY + FZ,RS + NS,SY|FZ|RS|NS,"FZ,SY||NS,RS",False,False,0.5934497271835293,0.994758288948432,0.9775143840698239,0.9775143840698239,0.47751438406982394
FZ,SY,RS,NS,"['FZ', 'SY', 'RS', 'NS']",FZ + SY,RS + NS,FZ|SY|RS|NS,"FZ,SY||NS,RS",False,False,0.5934497271835293,0.994758288948432,0.9775187103877175,0.9775187103877175,0.47751871038771754
NS,CH,TD,SY,"['NS', 'CH', 'TD', 'SY']",NS + CH,TD + SY,NS|CH|TD|SY,"CH,NS||SY,TD",False,True,0.5245360358403117,0.6842648338952637,0.9776052198398587,0.9776052198398587,0.4776052198398587
RS,TT,AC,CH,"['RS', 'TT', 'AC', 'CH']",RS + TT,AC + CH,RS|TT|AC|CH,"AC,CH||RS,TT",False,False,0.4601956514771712,0.02332731600956609,0.022071600667952284,0.022071600667952284,0.4779283993320477
TT,RS,AC,CH,"['TT', 'RS', 'AC', 'CH']",TT + RS,AC + CH,TT|RS|AC|CH,"AC,CH||RS,TT",False,False,0.4601956514771712,0.02332731600956609,0.022071600667952284,0.022071600667952284,0.4779283993320477
NS,TD,CH,TT,"['NS', 'TD', 'CH', 'TT']",NS + TD,CH + TT,NS|TD|CH|TT,"CH,TT||NS,TD",False,True,0.4788975343856291,0.3654464648484259,0.02203410079373438,0.02203410079373438,0.47796589920626564
CH,SY,AC,TT,"['CH', 'SY', 'AC', 'TT']",CH + SY,AC + TT,CH|SY|AC|TT,"AC,TT||CH,SY",False,False,0.6030441821026409,0.9309425244793906,0.9780123494065418,0.9780123494065418,0.4780123494065418
SY,CH,AC,TT,"['SY', 'CH', 'AC', 'TT']",SY + CH,AC + TT,SY|CH|AC|TT,"AC,TT||CH,SY",False,False,0.6030441821026409,0.9309425244793906,0.9780123494065418,0.9780123494065418,0.4780123494065418
CH,SY,TT,AC,"['CH', 'SY', 'TT', 'AC']",CH + SY,TT + AC,CH|SY|TT|AC,"AC,TT||CH,SY",False,False,0.6030441821026409,0.9309425244793906,0.9780599332709013,0.9780599332709013,0.47805993327090135
SY,CH,TT,AC,"['SY', 'CH', 'TT', 'AC']",SY + CH,TT + AC,SY|CH|TT|AC,"AC,TT||CH,SY",False,False,0.6030441821026409,0.9309425244793906,0.9780599332709013,0.9780599332709013,0.47805993327090135
AC,SY,NS,TD,"['AC', 'SY', 'NS', 'TD']",AC + SY,NS + TD,AC|SY|NS|TD,"AC,SY||NS,TD",False,True,0.5130955236133099,0.709704241883534,0.9782485422467035,0.9782485422467035,0.47824854224670355
AC,SY,TD,NS,"['AC', 'SY', 'TD', 'NS']",AC + SY,TD + NS,AC|SY|TD|NS,"AC,SY||NS,TD",True,True,0.5130955236133099,0.709704241883534,0.9782485422467035,0.9782485422467035,0.47824854224670355
AC,TT,FZ,NS,"['AC', 'TT', 'FZ', 'NS']",AC + TT,FZ + NS,AC|TT|FZ|NS,"AC,TT||FZ,NS",False,True,0.39002912969721365,0.061719597569089374,0.021733433765194307,0.021733433765194307,0.4782665662348057
CH,SY,TT,NS,"['CH', 'SY', 'TT', 'NS']",CH + SY,TT + NS,CH|SY|TT|NS,"CH,SY||NS,TT",False,True,0.5755129592180634,0.8784004987760325,0.9783088060759915,0.9783088060759915,0.47830880607599147
SY,CH,TT,NS,"['SY', 'CH', 'TT', 'NS']",SY + CH,TT + NS,SY|CH|TT|NS,"CH,SY||NS,TT",False,True,0.5755129592180634,0.8784004987760325,0.9783088060759915,0.9783088060759915,0.47830880607599147
TT,RS,NS,SY,"['TT', 'RS', 'NS', 'SY']",TT + RS,NS + SY,TT|RS|NS|SY,"NS,SY||RS,TT",False,False,0.4374166541535644,0.010423339749888986,0.021474415107339717,0.021474415107339717,0.4785255848926603
TT,RS,SY,NS,"['TT', 'RS', 'SY', 'NS']",TT + RS,SY + NS,TT|RS|SY|NS,"NS,SY||RS,TT",False,False,0.4374166541535644,0.010423339749888986,0.021474415107339717,0.021474415107339717,0.4785255848926603
RS,TT,NS,SY,"['RS', 'TT', 'NS', 'SY']",RS + TT,NS + SY,RS|TT|NS|SY,"NS,SY||RS,TT",False,False,0.4374166541535644,0.010423339749888986,0.021466592961435767,0.021466592961435767,0.47853340703856423
RS,TT,SY,NS,"['RS', 'TT', 'SY', 'NS']",RS + TT,SY + NS,RS|TT|SY|NS,"NS,SY||RS,TT",False,False,0.4374166541535644,0.010423339749888986,0.021466592961435767,0.021466592961435767,0.47853340703856423
RS,TT,CH,AC,"['RS', 'TT', 'CH', 'AC']",RS + TT,CH + AC,RS|TT|CH|AC,"AC,CH||RS,TT",False,False,0.4601956514771712,0.02332731600956609,0.021385543209412706,0.021385543209412706,0.4786144567905873
TT,RS,CH,AC,"['TT', 'RS', 'CH', 'AC']",TT + RS,CH + AC,TT|RS|CH|AC,"AC,CH||RS,TT",False,False,0.4601956514771712,0.02332731600956609,0.021385543209412706,0.021385543209412706,0.4786144567905873
AC,SY,CH,NS,"['AC', 'SY', 'CH', 'NS']",AC + SY,CH + NS,AC|SY|CH|NS,"AC,SY||CH,NS",False,True,0.46618361801392066,0.38924287009634506,0.9786459530080631,0.9786459530080631,0.4786459530080631
NS,RS,SY,FZ,"['NS', 'RS', 'SY', 'FZ']",NS + RS,SY + FZ,NS|RS|SY|FZ,"FZ,SY||NS,RS",False,False,0.40655027281647077,0.005241711051568,0.02130310918333253,0.02130310918333253,0.47869689081666744
RS,NS,SY,FZ,"['RS', 'NS', 'SY', 'FZ']",RS + NS,SY + FZ,RS|NS|SY|FZ,"FZ,SY||NS,RS",False,False,0.40655027281647077,0.005241711051568,0.021295348078363037,0.021295348078363037,0.47870465192163697
TT,AC,CH,FZ,"['TT', 'AC', 'CH', 'FZ']",TT + AC,CH + FZ,TT|AC|CH|FZ,"AC,TT||CH,FZ",False,True,0.3638899068922998,0.030892735180689954,0.02101758387514716,0.02101758387514716,0.4789824161248528
AC,NS,RS,TD,"['AC', 'NS', 'RS', 'TD']",AC + NS,RS + TD,AC|NS|RS|TD,"AC,NS||RS,TD",False,False,0.505338308865792,0.9559759825302607,0.9790313843843107,0.9790313843843107,0.4790313843843107
AC,NS,TD,RS,"['AC', 'NS', 'TD', 'RS']",AC + NS,TD + RS,AC|NS|TD|RS,"AC,NS||RS,TD",False,False,0.505338308865792,0.9559759825302607,0.9790513029071978,0.9790513029071978,0.4790513029071978
AC,FZ,TD,RS,"['AC', 'FZ', 'TD', 'RS']",AC + FZ,TD + RS,AC|FZ|TD|RS,"AC,FZ||RS,TD",False,False,0.5625093024726339,0.9913949816151205,0.9790767461440196,0.9790767461440196,0.4790767461440196
NS,RS,FZ,TD,"['NS', 'RS', 'FZ', 'TD']",NS + RS,FZ + TD,NS|RS|FZ|TD,"FZ,TD||NS,RS",False,False,0.447181391773388,0.04184964264989713,0.02089766613406329,0.02089766613406329,0.4791023338659367
RS,NS,FZ,TD,"['RS', 'NS', 'FZ', 'TD']",RS + NS,FZ + TD,RS|NS|FZ|TD,"FZ,TD||NS,RS",False,False,0.447181391773388,0.04184964264989713,0.02089766613406329,0.02089766613406329,0.4791023338659367
TD,FZ,NS,TT,"['TD', 'FZ', 'NS', 'TT']",TD + FZ,NS + TT,TD|FZ|NS|TT,"FZ,TD||NS,TT",False,True,0.563866382712005,0.7584000594439394,0.9792300222580399,0.9792300222580399,0.4792300222580399
AC,SY,NS,CH,"['AC', 'SY', 'NS', 'CH']",AC + SY,NS + CH,AC|SY|NS|CH,"AC,SY||CH,NS",True,True,0.46618361801392066,0.38924287009634506,0.9793101784331419,0.9793101784331419,0.47931017843314194
RS,TD,TT,CH,"['RS', 'TD', 'TT', 'CH']",RS + TD,TT + CH,RS|TD|TT|CH,"CH,TT||RS,TD",False,False,0.46429503139617506,0.03297613908519715,0.02063427567805612,0.02063427567805612,0.4793657243219439
TD,RS,TT,CH,"['TD', 'RS', 'TT', 'CH']",TD + RS,TT + CH,TD|RS|TT|CH,"CH,TT||RS,TD",False,False,0.46429503139617506,0.03297613908519715,0.02063427567805612,0.02063427567805612,0.4793657243219439
TD,AC,CH,TT,"['TD', 'AC', 'CH', 'TT']",TD + AC,CH + TT,TD|AC|CH|TT,"AC,TD||CH,TT",False,False,0.45060037135990993,0.2563734725253748,0.020527683147019624,0.020527683147019624,0.47947231685298036
TT,AC,FZ,CH,"['TT', 'AC', 'FZ', 'CH']",TT + AC,FZ + CH,TT|AC|FZ|CH,"AC,TT||CH,FZ",False,True,0.3638899068922998,0.030892735180689954,0.02050728640473802,0.02050728640473802,0.47949271359526197
AC,TT,SY,CH,"['AC', 'TT', 'SY', 'CH']",AC + TT,SY + CH,AC|TT|SY|CH,"AC,TT||CH,SY",False,False,0.3969558178973591,0.06905747552060941,0.020473080744448556,0.020473080744448556,0.47952691925555146
TD,FZ,CH,AC,"['TD', 'FZ', 'CH', 'AC']",TD + FZ,CH + AC,TD|FZ|CH|AC,"AC,CH||FZ,TD",False,False,0.5389004699025738,0.5868379619017206,0.9795375397749757,0.9795375397749757,0.4795375397749757
TT,FZ,NS,TD,"['TT', 'FZ', 'NS', 'TD']",TT + FZ,NS + TD,TT|FZ|NS|TD,"FZ,TT||NS,TD",False,False,0.5506080357897727,0.7763733075178642,0.9795874818747553,0.9795874818747553,0.4795874818747553
TT,FZ,TD,NS,"['TT', 'FZ', 'TD', 'NS']",TT + FZ,TD + NS,TT|FZ|TD|NS,"FZ,TT||NS,TD",False,False,0.5506080357897727,0.7763733075178642,0.9795874818747553,0.9795874818747553,0.4795874818747553
NS,RS,FZ,SY,"['NS', 'RS', 'FZ', 'SY']",NS + RS,FZ + SY,NS|RS|FZ|SY,"FZ,SY||NS,RS",False,False,0.40655027281647077,0.005241711051568,0.020139105946882317,0.020139105946882317,0.47986089405311766
RS,NS,FZ,SY,"['RS', 'NS', 'FZ', 'SY']",RS + NS,FZ + SY,RS|NS|FZ|SY,"FZ,SY||NS,RS",False,False,0.40655027281647077,0.005241711051568,0.02013176018613184,0.02013176018613184,0.47986823981386817
TD,FZ,CH,NS,"['TD', 'FZ', 'CH', 'NS']",TD + FZ,CH + NS,TD|FZ|CH|NS,"CH,NS||FZ,TD",False,True,0.5105313836596895,0.46266907248050027,0.9799200843970406,0.9799200843970406,0.4799200843970406
NS,RS,TD,CH,"['NS', 'RS', 'TD', 'CH']",NS + RS,TD + CH,NS|RS|TD|CH,"CH,TD||NS,RS",False,False,0.47666747141759525,0.08876211199655004,0.020034679237859367,0.020034679237859367,0.47996532076214066
RS,NS,TD,CH,"['RS', 'NS', 'TD', 'CH']",RS + NS,TD + CH,RS|NS|TD|CH,"CH,TD||NS,RS",False,False,0.47666747141759525,0.08876211199655004,0.020034679237859367,0.020034679237859367,0.47996532076214066
AC,CH,TT,NS,"['AC', 'CH', 'TT', 'NS']",AC + CH,TT + NS,AC|CH|TT|NS,"AC,CH||NS,TT",False,True,0.5252165076335089,0.6883938816526839,0.9799736657890183,0.9799736657890183,0.47997366578901834
AC,CH,NS,TT,"['AC', 'CH', 'NS', 'TT']",AC + CH,NS + TT,AC|CH|NS|TT,"AC,CH||NS,TT",True,True,0.5252165076335089,0.6883938816526839,0.979992707511192,0.979992707511192,0.47999270751119205
TT,NS,TD,FZ,"['TT', 'NS', 'TD', 'FZ']",TT + NS,TD + FZ,TT|NS|TD|FZ,"FZ,TD||NS,TT",False,True,0.43613361728799505,0.2415999405560606,0.019872212740501185,0.019872212740501185,0.48012778725949884
AC,TT,CH,SY,"['AC', 'TT', 'CH', 'SY']",AC + TT,CH + SY,AC|TT|CH|SY,"AC,TT||CH,SY",False,False,0.3969558178973591,0.06905747552060941,0.019835702682356605,0.019835702682356605,0.4801642973176434
NS,TD,RS,SY,"['NS', 'TD', 'RS', 'SY']",NS + TD,RS + SY,NS|TD|RS|SY,"NS,TD||RS,SY",False,False,0.4731319214994501,0.7690770791200748,0.019811051136946735,0.019811051136946735,0.48018894886305324
NS,RS,TD,TT,"['NS', 'RS', 'TD', 'TT']",NS + RS,TD + TT,NS|RS|TD|TT,"NS,RS||TD,TT",False,False,0.5302975712720652,0.2708601750662881,0.019722164136524584,0.019722164136524584,0.4802778358634754
RS,NS,TD,TT,"['RS', 'NS', 'TD', 'TT']",RS + NS,TD + TT,RS|NS|TD|TT,"NS,RS||TD,TT",False,False,0.5302975712720652,0.2708601750662881,0.019722164136524584,0.019722164136524584,0.4802778358634754
AC,NS,RS,TT,"['AC', 'NS', 'RS', 'TT']",AC + NS,RS + TT,AC|NS|RS|TT,"AC,NS||RS,TT",False,False,0.5120537940923018,0.9545376257096061,0.9802924260810905,0.9802924260810905,0.48029242608109046
NS,RS,TT,TD,"['NS', 'RS', 'TT', 'TD']",NS + RS,TT + TD,NS|RS|TT|TD,"NS,RS||TD,TT",False,False,0.5302975712720652,0.2708601750662881,0.019703405814661706,0.019703405814661706,0.4802965941853383
RS,NS,TT,TD,"['RS', 'NS', 'TT', 'TD']",RS + NS,TT + TD,RS|NS|TT|TD,"NS,RS||TD,TT",False,False,0.5302975712720652,0.2708601750662881,0.019703405814661706,0.019703405814661706,0.4802965941853383
RS,TD,CH,TT,"['RS', 'TD', 'CH', 'TT']",RS + TD,CH + TT,RS|TD|CH|TT,"CH,TT||RS,TD",False,False,0.46429503139617506,0.03297613908519715,0.019658072192135518,0.019658072192135518,0.4803419278078645
TD,RS,CH,TT,"['TD', 'RS', 'CH', 'TT']",TD + RS,CH + TT,TD|RS|CH|TT,"CH,TT||RS,TD",False,False,0.46429503139617506,0.03297613908519715,0.019658072192135518,0.019658072192135518,0.4803419278078645
SY,NS,TT,CH,"['SY', 'NS', 'TT', 'CH']",SY + NS,TT + CH,SY|NS|TT|CH,"CH,TT||NS,SY",False,True,0.5204184516482611,0.7008297752450668,0.9803420187403661,0.9803420187403661,0.4803420187403661
AC,TT,NS,FZ,"['AC', 'TT', 'NS', 'FZ']",AC + TT,NS + FZ,AC|TT|NS|FZ,"AC,TT||FZ,NS",False,True,0.39002912969721365,0.061719597569089374,0.01958145192172264,0.01958145192172264,0.4804185480782774
AC,TT,NS,CH,"['AC', 'TT', 'NS', 'CH']",AC + TT,NS + CH,AC|TT|NS|CH,"AC,TT||CH,NS",False,True,0.4186002622844218,0.1311049209374549,0.019524672347801322,0.019524672347801322,0.4804753276521987
NS,RS,CH,TD,"['NS', 'RS', 'CH', 'TD']",NS + RS,CH + TD,NS|RS|CH|TD,"CH,TD||NS,RS",False,False,0.47666747141759525,0.08876211199655004,0.019410679243488497,0.019410679243488497,0.4805893207565115
RS,NS,CH,TD,"['RS', 'NS', 'CH', 'TD']",RS + NS,CH + TD,RS|NS|CH|TD,"CH,TD||NS,RS",False,False,0.47666747141759525,0.08876211199655004,0.019410679243488497,0.019410679243488497,0.4805893207565115
NS,FZ,SY,TT,"['NS', 'FZ', 'SY', 'TT']",NS + FZ,SY + TT,NS|FZ|SY|TT,"FZ,NS||SY,TT",False,True,0.5606403247317627,0.8097432865722887,0.9806998727184865,0.9806998727184865,0.48069987271848647
NS,FZ,TT,SY,"['NS', 'FZ', 'TT', 'SY']",NS + FZ,TT + SY,NS|FZ|TT|SY,"FZ,NS||SY,TT",False,True,0.5606403247317627,0.8097432865722887,0.9806998727184865,0.9806998727184865,0.48069987271848647
SY,NS,CH,TT,"['SY', 'NS', 'CH', 'TT']",SY + NS,CH + TT,SY|NS|CH|TT,"CH,TT||NS,SY",True,True,0.5204184516482611,0.7008297752450668,0.9808236259474381,0.9808236259474381,0.4808236259474381
AC,NS,TT,RS,"['AC', 'NS', 'TT', 'RS']",AC + NS,TT + RS,AC|NS|TT|RS,"AC,NS||RS,TT",False,False,0.5120537940923018,0.9545376257096061,0.9809542955743733,0.9809542955743733,0.4809542955743733
AC,TT,CH,NS,"['AC', 'TT', 'CH', 'NS']",AC + TT,CH + NS,AC|TT|CH|NS,"AC,TT||CH,NS",False,True,0.4186002622844218,0.1311049209374549,0.01891625040335672,0.01891625040335672,0.4810837495966433
TT,RS,SY,FZ,"['TT', 'RS', 'SY', 'FZ']",TT + RS,SY + FZ,TT|RS|SY|FZ,"FZ,SY||RS,TT",False,False,0.3818622724051055,0.00136698107652486,0.018882355604070207,0.018882355604070207,0.4811176443959298
RS,TT,SY,FZ,"['RS', 'TT', 'SY', 'FZ']",RS + TT,SY + FZ,RS|TT|SY|FZ,"FZ,SY||RS,TT",False,False,0.3818622724051055,0.00136698107652486,0.018875459414005064,0.018875459414005064,0.48112454058599496
AC,FZ,RS,TD,"['AC', 'FZ', 'RS', 'TD']",AC + FZ,RS + TD,AC|FZ|RS|TD,"AC,FZ||RS,TD",False,False,0.5625093024726339,0.9913949816151205,0.9811886489915373,0.9811886489915373,0.48118864899153735
NS,TT,CH,TD,"['NS', 'TT', 'CH', 'TD']",NS + TT,CH + TD,NS|TT|CH|TD,"CH,TD||NS,TT",False,False,0.4655046409564383,0.387841690094294,0.018808074799407774,0.018808074799407774,0.48119192520059223
TT,NS,CH,TD,"['TT', 'NS', 'CH', 'TD']",TT + NS,CH + TD,TT|NS|CH|TD,"CH,TD||NS,TT",False,False,0.4655046409564383,0.387841690094294,0.018808074799407774,0.018808074799407774,0.48119192520059223
TD,FZ,TT,NS,"['TD', 'FZ', 'TT', 'NS']",TD + FZ,TT + NS,TD|FZ|TT|NS,"FZ,TD||NS,TT",True,True,0.563866382712005,0.7584000594439394,0.9813089528666359,0.9813089528666359,0.4813089528666359
AC,FZ,NS,TT,"['AC', 'FZ', 'NS', 'TT']",AC + FZ,NS + TT,AC|FZ|NS|TT,"AC,FZ||NS,TT",False,False,0.5546852135410256,0.8191910935437465,0.9813253312830988,0.9813253312830988,0.48132533128309885
TD,AC,RS,FZ,"['TD', 'AC', 'RS', 'FZ']",TD + AC,RS + FZ,TD|AC|RS|FZ,"AC,TD||FZ,RS",False,False,0.4105442459573689,0.5388768223975273,0.018468023684653452,0.018468023684653452,0.48153197631534655
NS,RS,TD,FZ,"['NS', 'RS', 'TD', 'FZ']",NS + RS,TD + FZ,NS|RS|TD|FZ,"FZ,TD||NS,RS",False,False,0.447181391773388,0.04184964264989713,0.0184559164188004,0.0184559164188004,0.4815440835811996
RS,NS,TD,FZ,"['RS', 'NS', 'TD', 'FZ']",RS + NS,TD + FZ,RS|NS|TD|FZ,"FZ,TD||NS,RS",False,False,0.447181391773388,0.04184964264989713,0.0184559164188004,0.0184559164188004,0.4815440835811996
FZ,AC,TD,RS,"['FZ', 'AC', 'TD', 'RS']",FZ + AC,TD + RS,FZ|AC|TD|RS,"AC,FZ||RS,TD",False,False,0.5625093024726339,0.9913949816151205,0.9815800141460397,0.9815800141460397,0.4815800141460397
TD,FZ,AC,TT,"['TD', 'FZ', 'AC', 'TT']",TD + FZ,AC + TT,TD|FZ|AC|TT,"AC,TT||FZ,TD",True,True,0.5916169661140178,0.8439491939100892,0.9815924752932325,0.9815924752932325,0.48159247529323246
TD,FZ,TT,AC,"['TD', 'FZ', 'TT', 'AC']",TD + FZ,TT + AC,TD|FZ|TT|AC,"AC,TT||FZ,TD",False,True,0.5916169661140178,0.8439491939100892,0.9816324568513841,0.9816324568513841,0.4816324568513841
TD,NS,FZ,RS,"['TD', 'NS', 'FZ', 'RS']",TD + NS,FZ + RS,TD|NS|FZ|RS,"FZ,RS||NS,TD",False,False,0.43833287967478424,0.6492831572024322,0.01817531821528086,0.01817531821528086,0.48182468178471916
NS,TT,TD,CH,"['NS', 'TT', 'TD', 'CH']",NS + TT,TD + CH,NS|TT|TD|CH,"CH,TD||NS,TT",False,False,0.4655046409564383,0.387841690094294,0.018039961238791806,0.018039961238791806,0.4819600387612082
TT,NS,TD,CH,"['TT', 'NS', 'TD', 'CH']",TT + NS,TD + CH,TT|NS|TD|CH,"CH,TD||NS,TT",False,False,0.4655046409564383,0.387841690094294,0.018039961238791806,0.018039961238791806,0.4819600387612082
NS,TT,TD,FZ,"['NS', 'TT', 'TD', 'FZ']",NS + TT,TD + FZ,NS|TT|TD|FZ,"FZ,TD||NS,TT",False,True,0.43613361728799505,0.2415999405560606,0.01789728405252842,0.01789728405252842,0.48210271594747156
TT,RS,FZ,SY,"['TT', 'RS', 'FZ', 'SY']",TT + RS,FZ + SY,TT|RS|FZ|SY,"FZ,SY||RS,TT",False,False,0.3818622724051055,0.00136698107652486,0.01784821032482983,0.01784821032482983,0.4821517896751702
RS,TT,FZ,SY,"['RS', 'TT', 'FZ', 'SY']",RS + TT,FZ + SY,RS|TT|FZ|SY,"FZ,SY||RS,TT",False,False,0.3818622724051055,0.00136698107652486,0.017841684955695415,0.017841684955695415,0.48215831504430456
TT,AC,SY,RS,"['TT', 'AC', 'SY', 'RS']",TT + AC,SY + RS,TT|AC|SY|RS,"AC,TT||RS,SY",False,False,0.43825880481684226,0.6843556822673982,0.017840052840166484,0.017840052840166484,0.4821599471598335
CH,FZ,SY,TT,"['CH', 'FZ', 'SY', 'TT']",CH + FZ,SY + TT,CH|FZ|SY|TT,"CH,FZ||SY,TT",False,True,0.5878517539699161,0.8854183855239415,0.9822096638942092,0.9822096638942092,0.48220966389420916
FZ,CH,SY,TT,"['FZ', 'CH', 'SY', 'TT']",FZ + CH,SY + TT,FZ|CH|SY|TT,"CH,FZ||SY,TT",False,True,0.5878517539699161,0.8854183855239415,0.9822096638942092,0.9822096638942092,0.48220966389420916
AC,FZ,NS,TD,"['AC', 'FZ', 'NS', 'TD']",AC + FZ,NS + TD,AC|FZ|NS|TD,"AC,FZ||NS,TD",False,False,0.5480385838797078,0.824907071496523,0.9823647125523587,0.9823647125523587,0.4823647125523587
AC,FZ,TD,NS,"['AC', 'FZ', 'TD', 'NS']",AC + FZ,TD + NS,AC|FZ|TD|NS,"AC,FZ||NS,TD",False,False,0.5480385838797078,0.824907071496523,0.9823647125523587,0.9823647125523587,0.4823647125523587
TT,AC,RS,SY,"['TT', 'AC', 'RS', 'SY']",TT + AC,RS + SY,TT|AC|RS|SY,"AC,TT||RS,SY",False,False,0.43825880481684226,0.6843556822673982,0.01748821780258969,0.01748821780258969,0.4825117821974103
NS,AC,RS,TT,"['NS', 'AC', 'RS', 'TT']",NS + AC,RS + TT,NS|AC|RS|TT,"AC,NS||RS,TT",False,False,0.5120537940923018,0.9545376257096061,0.9825689081327196,0.9825689081327196,0.4825689081327196
NS,TD,RS,FZ,"['NS', 'TD', 'RS', 'FZ']",NS + TD,RS + FZ,NS|TD|RS|FZ,"FZ,RS||NS,TD",False,False,0.43833287967478424,0.6492831572024322,0.01738031527856633,0.01738031527856633,0.4826196847214337
CH,FZ,SY,NS,"['CH', 'FZ', 'SY', 'NS']",CH + FZ,SY + NS,CH|FZ|SY|NS,"CH,FZ||NS,SY",False,True,0.5625912696410172,0.7625704583963051,0.982831427316255,0.982831427316255,0.48283142731625495
FZ,CH,SY,NS,"['FZ', 'CH', 'SY', 'NS']",FZ + CH,SY + NS,FZ|CH|SY|NS,"CH,FZ||NS,SY",False,True,0.5625912696410172,0.7625704583963051,0.982831427316255,0.982831427316255,0.48283142731625495
CH,FZ,TT,SY,"['CH', 'FZ', 'TT', 'SY']",CH + FZ,TT + SY,CH|FZ|TT|SY,"CH,FZ||SY,TT",True,True,0.5878517539699161,0.8854183855239415,0.9828525586698251,0.9828525586698251,0.4828525586698251
FZ,CH,TT,SY,"['FZ', 'CH', 'TT', 'SY']",FZ + CH,TT + SY,FZ|CH|TT|SY,"CH,FZ||SY,TT",True,True,0.5878517539699161,0.8854183855239415,0.9828525586698251,0.9828525586698251,0.4828525586698251
NS,CH,TD,TT,"['NS', 'CH', 'TD', 'TT']",NS + CH,TD + TT,NS|CH|TD|TT,"CH,NS||TD,TT",False,True,0.5723077063070106,0.9044048043671273,0.9829029636364394,0.9829029636364394,0.48290296363643936
NS,AC,TT,RS,"['NS', 'AC', 'TT', 'RS']",NS + AC,TT + RS,NS|AC|TT|RS,"AC,NS||RS,TT",False,False,0.5120537940923018,0.9545376257096061,0.983155636778137,0.983155636778137,0.483155636778137
TT,AC,RS,FZ,"['TT', 'AC', 'RS', 'FZ']",TT + AC,RS + FZ,TT|AC|RS|FZ,"AC,TT||FZ,RS",False,False,0.4040576363581873,0.5499667451607998,0.016773730917770145,0.016773730917770145,0.4832262690822299
FZ,AC,RS,TD,"['FZ', 'AC', 'RS', 'TD']",FZ + AC,RS + TD,FZ|AC|RS|TD,"AC,FZ||RS,TD",False,False,0.5625093024726339,0.9913949816151205,0.9834435206455393,0.9834435206455393,0.4834435206455393
NS,TD,RS,CH,"['NS', 'TD', 'RS', 'CH']",NS + TD,RS + CH,NS|TD|RS|CH,"CH,RS||NS,TD",False,False,0.46772915512091345,0.779120846245698,0.016391177191517812,0.016391177191517812,0.48360882280848216
RS,AC,FZ,NS,"['RS', 'AC', 'FZ', 'NS']",RS + AC,FZ + NS,RS|AC|FZ|NS,"AC,RS||FZ,NS",False,False,0.4007390346667118,0.006004154231610381,0.016316468632911182,0.016316468632911182,0.4836835313670888
NS,AC,RS,TD,"['NS', 'AC', 'RS', 'TD']",NS + AC,RS + TD,NS|AC|RS|TD,"AC,NS||RS,TD",False,False,0.505338308865792,0.9559759825302607,0.9838064282363195,0.9838064282363195,0.4838064282363195
NS,AC,TD,RS,"['NS', 'AC', 'TD', 'RS']",NS + AC,TD + RS,NS|AC|TD|RS,"AC,NS||RS,TD",False,False,0.505338308865792,0.9559759825302607,0.9838218858002191,0.9838218858002191,0.4838218858002191
AC,TD,RS,SY,"['AC', 'TD', 'RS', 'SY']",AC + TD,RS + SY,AC|TD|RS|SY,"AC,TD||RS,SY",False,False,0.4448845871675874,0.6734291181655169,0.01609167403721669,0.01609167403721669,0.4839083259627833
NS,FZ,AC,SY,"['NS', 'FZ', 'AC', 'SY']",NS + FZ,AC + SY,NS|FZ|AC|SY,"AC,SY||FZ,NS",False,True,0.5631952356044089,0.7601813762150078,0.9839660854006868,0.9839660854006868,0.48396608540068675
NS,TD,SY,RS,"['NS', 'TD', 'SY', 'RS']",NS + TD,SY + RS,NS|TD|SY|RS,"NS,TD||RS,SY",False,False,0.4731319214994501,0.7690770791200748,0.015927786849288833,0.015927786849288833,0.48407221315071114
NS,TD,CH,RS,"['NS', 'TD', 'CH', 'RS']",NS + TD,CH + RS,NS|TD|CH|RS,"CH,RS||NS,TD",False,False,0.46772915512091345,0.779120846245698,0.015878818913659876,0.015878818913659876,0.4841211810863401
FZ,AC,RS,TT,"['FZ', 'AC', 'RS', 'TT']",FZ + AC,RS + TT,FZ|AC|RS|TT,"AC,FZ||RS,TT",False,False,0.5691104419424984,0.9911469547301027,0.9842745874587066,0.9842745874587066,0.48427458745870655
AC,FZ,RS,TT,"['AC', 'FZ', 'RS', 'TT']",AC + FZ,RS + TT,AC|FZ|RS|TT,"AC,FZ||RS,TT",False,False,0.5691104419424984,0.9911469547301027,0.9844015035212383,0.9844015035212383,0.48440150352123834
TT,FZ,TD,RS,"['TT', 'FZ', 'TD', 'RS']",TT + FZ,TD + RS,TT|FZ|TD|RS,"FZ,TT||RS,TD",False,False,0.5650617765564522,0.986700293928205,0.9845013226981976,0.9845013226981976,0.48450132269819757
NS,CH,TT,TD,"['NS', 'CH', 'TT', 'TD']",NS + CH,TT + TD,NS|CH|TT|TD,"CH,NS||TD,TT",False,True,0.5723077063070106,0.9044048043671273,0.9846200324646865,0.9846200324646865,0.48462003246468655
AC,RS,TD,TT,"['AC', 'RS', 'TD', 'TT']",AC + RS,TD + TT,AC|RS|TD|TT,"AC,RS||TD,TT",False,False,0.5018884233791218,0.1857002440200332,0.015237322044723521,0.015237322044723521,0.4847626779552765
RS,AC,TD,TT,"['RS', 'AC', 'TD', 'TT']",RS + AC,TD + TT,RS|AC|TD|TT,"AC,RS||TD,TT",False,False,0.5018884233791218,0.1857002440200332,0.015237322044723521,0.015237322044723521,0.4847626779552765
AC,RS,TT,TD,"['AC', 'RS', 'TT', 'TD']",AC + RS,TT + TD,AC|RS|TT|TD,"AC,RS||TD,TT",False,False,0.5018884233791218,0.1857002440200332,0.015222763144536118,0.015222763144536118,0.48477723685546387
RS,AC,TT,TD,"['RS', 'AC', 'TT', 'TD']",RS + AC,TT + TD,RS|AC|TT|TD,"AC,RS||TD,TT",False,False,0.5018884233791218,0.1857002440200332,0.015222763144536118,0.015222763144536118,0.48477723685546387
FZ,AC,TT,RS,"['FZ', 'AC', 'TT', 'RS']",FZ + AC,TT + RS,FZ|AC|TT|RS,"AC,FZ||RS,TT",False,False,0.5691104419424984,0.9911469547301027,0.9848047910035223,0.9848047910035223,0.48480479100352225
AC,TT,NS,TD,"['AC', 'TT', 'NS', 'TD']",AC + TT,NS + TD,AC|TT|NS|TD,"AC,TT||NS,TD",False,False,0.46489393812807084,0.38977793951710127,0.0151929487555286,0.0151929487555286,0.4848070512444714
AC,TT,TD,NS,"['AC', 'TT', 'TD', 'NS']",AC + TT,TD + NS,AC|TT|TD|NS,"AC,TT||NS,TD",False,False,0.46489393812807084,0.38977793951710127,0.0151929487555286,0.0151929487555286,0.4848070512444714
AC,FZ,TT,RS,"['AC', 'FZ', 'TT', 'RS']",AC + FZ,TT + RS,AC|FZ|TT|RS,"AC,FZ||RS,TT",False,False,0.5691104419424984,0.9911469547301027,0.9849274934473325,0.9849274934473325,0.48492749344733255
FZ,NS,SY,TT,"['FZ', 'NS', 'SY', 'TT']",FZ + NS,SY + TT,FZ|NS|SY|TT,"FZ,NS||SY,TT",False,True,0.5606403247317627,0.8097432865722887,0.9849939103050921,0.9849939103050921,0.4849939103050921
FZ,NS,TT,SY,"['FZ', 'NS', 'TT', 'SY']",FZ + NS,TT + SY,FZ|NS|TT|SY,"FZ,NS||SY,TT",False,True,0.5606403247317627,0.8097432865722887,0.9849939103050921,0.9849939103050921,0.4849939103050921
TT,AC,FZ,TD,"['TT', 'AC', 'FZ', 'TD']",TT + AC,FZ + TD,TT|AC|FZ|TD,"AC,TT||FZ,TD",False,True,0.4083830338859822,0.1560508060899109,0.014936878351840672,0.014936878351840672,0.48506312164815935
NS,RS,TT,CH,"['NS', 'RS', 'TT', 'CH']",NS + RS,TT + CH,NS|RS|TT|CH,"CH,TT||NS,RS",False,False,0.48337426259097444,0.08297506916806513,0.014754861143279391,0.014754861143279391,0.4852451388567206
RS,NS,TT,CH,"['RS', 'NS', 'TT', 'CH']",RS + NS,TT + CH,RS|NS|TT|CH,"CH,TT||NS,RS",False,False,0.48337426259097444,0.08297506916806513,0.014754861143279391,0.014754861143279391,0.4852451388567206
NS,CH,SY,TD,"['NS', 'CH', 'SY', 'TD']",NS + CH,SY + TD,NS|CH|SY|TD,"CH,NS||SY,TD",True,True,0.5245360358403117,0.6842648338952637,0.9852793216058263,0.9852793216058263,0.4852793216058263
AC,RS,FZ,NS,"['AC', 'RS', 'FZ', 'NS']",AC + RS,FZ + NS,AC|RS|FZ|NS,"AC,RS||FZ,NS",False,False,0.4007390346667118,0.006004154231610381,0.014717965605321686,0.014717965605321686,0.4852820343946783
TT,RS,FZ,NS,"['TT', 'RS', 'FZ', 'NS']",TT + RS,FZ + NS,TT|RS|FZ|NS,"FZ,NS||RS,TT",False,False,0.4032340300917928,0.0039019407867646482,0.014717965605321686,0.014717965605321686,0.4852820343946783
RS,AC,NS,FZ,"['RS', 'AC', 'NS', 'FZ']",RS + AC,NS + FZ,RS|AC|NS|FZ,"AC,RS||FZ,NS",False,False,0.4007390346667118,0.006004154231610381,0.014715756911938162,0.014715756911938162,0.48528424308806184
RS,TT,FZ,NS,"['RS', 'TT', 'FZ', 'NS']",RS + TT,FZ + NS,RS|TT|FZ|NS,"FZ,NS||RS,TT",False,False,0.4032340300917928,0.0039019407867646482,0.014712567521319738,0.014712567521319738,0.4852874324786803
NS,RS,CH,TT,"['NS', 'RS', 'CH', 'TT']",NS + RS,CH + TT,NS|RS|CH|TT,"CH,TT||NS,RS",False,False,0.48337426259097444,0.08297506916806513,0.014586054603193703,0.014586054603193703,0.4854139453968063
RS,NS,CH,TT,"['RS', 'NS', 'CH', 'TT']",RS + NS,CH + TT,RS|NS|CH|TT,"CH,TT||NS,RS",False,False,0.48337426259097444,0.08297506916806513,0.014586054603193703,0.014586054603193703,0.4854139453968063
RS,AC,SY,TT,"['RS', 'AC', 'SY', 'TT']",RS + AC,SY + TT,RS|AC|SY|TT,"AC,RS||SY,TT",False,False,0.4604265547539111,0.04405538901447523,0.01449331000078605,0.01449331000078605,0.4855066899992139
RS,AC,TT,SY,"['RS', 'AC', 'TT', 'SY']",RS + AC,TT + SY,RS|AC|TT|SY,"AC,RS||SY,TT",False,False,0.4604265547539111,0.04405538901447523,0.01449331000078605,0.01449331000078605,0.4855066899992139
NS,FZ,SY,AC,"['NS', 'FZ', 'SY', 'AC']",NS + FZ,SY + AC,NS|FZ|SY|AC,"AC,SY||FZ,NS",False,True,0.5631952356044089,0.7601813762150078,0.9855810635516644,0.9855810635516644,0.4855810635516644
NS,CH,TD,RS,"['NS', 'CH', 'TD', 'RS']",NS + CH,TD + RS,NS|CH|TD|RS,"CH,NS||RS,TD",False,False,0.5613074000430851,0.9889824619297658,0.9859067258705078,0.9859067258705078,0.48590672587050776
TT,FZ,RS,TD,"['TT', 'FZ', 'RS', 'TD']",TT + FZ,RS + TD,TT|FZ|RS|TD,"FZ,TT||RS,TD",False,False,0.5650617765564522,0.986700293928205,0.9860601436781521,0.9860601436781521,0.4860601436781521
SY,AC,CH,TD,"['SY', 'AC', 'CH', 'TD']",SY + AC,CH + TD,SY|AC|CH|TD,"AC,SY||CH,TD",False,True,0.48527015569347076,0.5941024144534545,0.9861144832085685,0.9861144832085685,0.48611448320856854
TT,FZ,TD,AC,"['TT', 'FZ', 'TD', 'AC']",TT + FZ,TD + AC,TT|FZ|TD|AC,"AC,TD||FZ,TT",False,False,0.5785717233482001,0.8576072301955713,0.9861568651866028,0.9861568651866028,0.48615686518660284
TD,AC,RS,CH,"['TD', 'AC', 'RS', 'CH']",TD + AC,RS + CH,TD|AC|RS|CH,"AC,TD||CH,RS",False,False,0.4395352879174215,0.6853319106170731,0.013712725687461385,0.013712725687461385,0.4862872743125386
AC,FZ,TT,NS,"['AC', 'FZ', 'TT', 'NS']",AC + FZ,TT + NS,AC|FZ|TT|NS,"AC,FZ||NS,TT",False,False,0.5546852135410256,0.8191910935437465,0.9863490901442941,0.9863490901442941,0.48634909014429406
AC,TT,CH,FZ,"['AC', 'TT', 'CH', 'FZ']",AC + TT,CH + FZ,AC|TT|CH|FZ,"AC,TT||CH,FZ",False,True,0.3638899068922998,0.030892735180689954,0.01363928894482189,0.01363928894482189,0.4863607110551781
TT,AC,TD,CH,"['TT', 'AC', 'TD', 'CH']",TT + AC,TD + CH,TT|AC|TD|CH,"AC,TT||CH,TD",False,False,0.43733469007223225,0.275719413945422,0.013627750693540304,0.013627750693540304,0.48637224930645967
SY,AC,TD,CH,"['SY', 'AC', 'TD', 'CH']",SY + AC,TD + CH,SY|AC|TD|CH,"AC,SY||CH,TD",False,True,0.48527015569347076,0.5941024144534545,0.9865495901395712,0.9865495901395712,0.4865495901395712
FZ,TD,SY,CH,"['FZ', 'TD', 'SY', 'CH']",FZ + TD,SY + CH,FZ|TD|SY|CH,"CH,SY||FZ,TD",False,True,0.4881243304488849,0.32683512199651515,0.9865951596746997,0.9865951596746997,0.4865951596746997
RS,AC,FZ,TT,"['RS', 'AC', 'FZ', 'TT']",RS + AC,FZ + TT,RS|AC|FZ|TT,"AC,RS||FZ,TT",False,False,0.4258067613380111,0.019889566846984525,0.013365491598971652,0.013365491598971652,0.48663450840102834
AC,TT,FZ,CH,"['AC', 'TT', 'FZ', 'CH']",AC + TT,FZ + CH,AC|TT|FZ|CH,"AC,TT||CH,FZ",False,True,0.3638899068922998,0.030892735180689954,0.013305698373933372,0.013305698373933372,0.48669430162606664
TD,AC,CH,RS,"['TD', 'AC', 'CH', 'RS']",TD + AC,CH + RS,TD|AC|CH|RS,"AC,TD||CH,RS",False,False,0.4395352879174215,0.6853319106170731,0.013282960285945007,0.013282960285945007,0.486717039714055
AC,RS,NS,FZ,"['AC', 'RS', 'NS', 'FZ']",AC + RS,NS + FZ,AC|RS|NS|FZ,"AC,RS||FZ,NS",False,False,0.4007390346667118,0.006004154231610381,0.013251225675003296,0.013251225675003296,0.4867487743249967
TT,RS,NS,FZ,"['TT', 'RS', 'NS', 'FZ']",TT + RS,NS + FZ,TT|RS|NS|FZ,"FZ,NS||RS,TT",False,False,0.4032340300917928,0.0039019407867646482,0.013251225675003296,0.013251225675003296,0.4867487743249967
RS,TT,NS,FZ,"['RS', 'TT', 'NS', 'FZ']",RS + TT,NS + FZ,RS|TT|NS|FZ,"FZ,NS||RS,TT",False,False,0.4032340300917928,0.0039019407867646482,0.013246358312415137,0.013246358312415137,0.48675364168758484
TT,AC,CH,TD,"['TT', 'AC', 'CH', 'TD']",TT + AC,CH + TD,TT|AC|CH|TD,"AC,TT||CH,TD",False,False,0.43733469007223225,0.275719413945422,0.013200612817243666,0.013200612817243666,0.48679938718275634
TT,RS,FZ,AC,"['TT', 'RS', 'FZ', 'AC']",TT + RS,FZ + AC,TT|RS|FZ|AC,"AC,FZ||RS,TT",False,False,0.4308895580575016,0.008853045269897272,0.013190954654828916,0.013190954654828916,0.4868090453451711
RS,TT,FZ,AC,"['RS', 'TT', 'FZ', 'AC']",RS + TT,FZ + AC,RS|TT|FZ|AC,"AC,FZ||RS,TT",False,False,0.4308895580575016,0.008853045269897272,0.013186109134799243,0.013186109134799243,0.48681389086520077
TT,AC,TD,FZ,"['TT', 'AC', 'TD', 'FZ']",TT + AC,TD + FZ,TT|AC|TD|FZ,"AC,TT||FZ,TD",False,True,0.4083830338859822,0.1560508060899109,0.013182228938471166,0.013182228938471166,0.48681777106152885
TT,AC,RS,CH,"['TT', 'AC', 'RS', 'CH']",TT + AC,RS + CH,TT|AC|RS|CH,"AC,TT||CH,RS",False,False,0.4329270416778134,0.6961733567415116,0.013165476792930461,0.013165476792930461,0.48683452320706955
NS,FZ,TD,CH,"['NS', 'FZ', 'TD', 'CH']",NS + FZ,TD + CH,NS|FZ|TD|CH,"CH,TD||FZ,NS",False,False,0.5486465229252303,0.8253503421834143,0.9868441438791001,0.9868441438791001,0.48684414387910013
AC,FZ,SY,CH,"['AC', 'FZ', 'SY', 'CH']",AC + FZ,SY + CH,AC|FZ|SY|CH,"AC,FZ||CH,SY",False,True,0.47882244841364163,0.4015273356981194,0.9868720343220314,0.9868720343220314,0.4868720343220314
AC,RS,SY,TT,"['AC', 'RS', 'SY', 'TT']",AC + RS,SY + TT,AC|RS|SY|TT,"AC,RS||SY,TT",False,False,0.4604265547539111,0.04405538901447523,0.013071046055905066,0.013071046055905066,0.4869289539440949
AC,RS,TT,SY,"['AC', 'RS', 'TT', 'SY']",AC + RS,TT + SY,AC|RS|TT|SY,"AC,RS||SY,TT",False,False,0.4604265547539111,0.04405538901447523,0.013071046055905066,0.013071046055905066,0.4869289539440949
AC,TD,SY,RS,"['AC', 'TD', 'SY', 'RS']",AC + TD,SY + RS,AC|TD|SY|RS,"AC,TD||RS,SY",False,False,0.4448845871675874,0.6734291181655169,0.0129278480649319,0.0129278480649319,0.4870721519350681
CH,FZ,AC,TT,"['CH', 'FZ', 'AC', 'TT']",CH + FZ,AC + TT,CH|FZ|AC|TT,"AC,TT||CH,FZ",True,True,0.6361100931077002,0.9691072648193101,0.9871149618340898,0.9871149618340898,0.48711496183408975
FZ,CH,AC,TT,"['FZ', 'CH', 'AC', 'TT']",FZ + CH,AC + TT,FZ|CH|AC|TT,"AC,TT||CH,FZ",True,True,0.6361100931077002,0.9691072648193101,0.9871149618340898,0.9871149618340898,0.48711496183408975
CH,FZ,TT,AC,"['CH', 'FZ', 'TT', 'AC']",CH + FZ,TT + AC,CH|FZ|TT|AC,"AC,TT||CH,FZ",False,True,0.6361100931077002,0.9691072648193101,0.9871431055371298,0.9871431055371298,0.4871431055371298
FZ,CH,TT,AC,"['FZ', 'CH', 'TT', 'AC']",FZ + CH,TT + AC,FZ|CH|TT|AC,"AC,TT||CH,FZ",False,True,0.6361100931077002,0.9691072648193101,0.9871431055371298,0.9871431055371298,0.4871431055371298
FZ,TD,CH,SY,"['FZ', 'TD', 'CH', 'SY']",FZ + TD,CH + SY,FZ|TD|CH|SY,"CH,SY||FZ,TD",False,True,0.4881243304488849,0.32683512199651515,0.987145498419895,0.987145498419895,0.48714549841989496
FZ,TD,RS,TT,"['FZ', 'TD', 'RS', 'TT']",FZ + TD,RS + TT,FZ|TD|RS|TT,"FZ,TD||RS,TT",False,False,0.5782203504033635,0.9847431566852909,0.9871905046263778,0.9871905046263778,0.4871905046263778
TT,AC,CH,RS,"['TT', 'AC', 'CH', 'RS']",TT + AC,CH + RS,TT|AC|CH|RS,"AC,TT||CH,RS",False,False,0.4329270416778134,0.6961733567415116,0.012752640751036562,0.012752640751036562,0.48724735924896345
NS,CH,RS,TD,"['NS', 'CH', 'RS', 'TD']",NS + CH,RS + TD,NS|CH|RS|TD,"CH,NS||RS,TD",False,False,0.5613074000430851,0.9889824619297658,0.9873260143608191,0.9873260143608191,0.4873260143608191
AC,FZ,CH,SY,"['AC', 'FZ', 'CH', 'SY']",AC + FZ,CH + SY,AC|FZ|CH|SY,"AC,FZ||CH,SY",True,True,0.47882244841364163,0.4015273356981194,0.987411150959723,0.987411150959723,0.487411150959723
AC,RS,TT,FZ,"['AC', 'RS', 'TT', 'FZ']",AC + RS,TT + FZ,AC|RS|TT|FZ,"AC,RS||FZ,TT",False,False,0.4258067613380111,0.019889566846984525,0.012502418139519439,0.012502418139519439,0.48749758186048053
RS,AC,TT,FZ,"['RS', 'AC', 'TT', 'FZ']",RS + AC,TT + FZ,RS|AC|TT|FZ,"AC,RS||FZ,TT",False,False,0.4258067613380111,0.019889566846984525,0.012497822340869881,0.012497822340869881,0.4875021776591301
TT,FZ,AC,TD,"['TT', 'FZ', 'AC', 'TD']",TT + FZ,AC + TD,TT|FZ|AC|TD,"AC,TD||FZ,TT",False,False,0.5785717233482001,0.8576072301955713,0.9875240195221808,0.9875240195221808,0.48752401952218083
FZ,NS,AC,SY,"['FZ', 'NS', 'AC', 'SY']",FZ + NS,AC + SY,FZ|NS|AC|SY,"AC,SY||FZ,NS",False,True,0.5631952356044089,0.7601813762150078,0.9875426622035749,0.9875426622035749,0.4875426622035749
FZ,TD,TT,RS,"['FZ', 'TD', 'TT', 'RS']",FZ + TD,TT + RS,FZ|TD|TT|RS,"FZ,TD||RS,TT",False,False,0.5782203504033635,0.9847431566852909,0.9876236302929795,0.9876236302929795,0.4876236302929795
CH,TT,NS,SY,"['CH', 'TT', 'NS', 'SY']",CH + TT,NS + SY,CH|TT|NS|SY,"CH,TT||NS,SY",False,True,0.47958154835173894,0.29917022475493316,0.9876529224116901,0.9876529224116901,0.4876529224116901
CH,TT,SY,NS,"['CH', 'TT', 'SY', 'NS']",CH + TT,SY + NS,CH|TT|SY|NS,"CH,TT||NS,SY",False,True,0.47958154835173894,0.29917022475493316,0.9876529224116901,0.9876529224116901,0.4876529224116901
TT,CH,NS,SY,"['TT', 'CH', 'NS', 'SY']",TT + CH,NS + SY,TT|CH|NS|SY,"CH,TT||NS,SY",False,True,0.47958154835173894,0.29917022475493316,0.9876529224116901,0.9876529224116901,0.4876529224116901
TT,CH,SY,NS,"['TT', 'CH', 'SY', 'NS']",TT + CH,SY + NS,TT|CH|SY|NS,"CH,TT||NS,SY",False,True,0.47958154835173894,0.29917022475493316,0.9876529224116901,0.9876529224116901,0.4876529224116901
TT,AC,FZ,RS,"['TT', 'AC', 'FZ', 'RS']",TT + AC,FZ + RS,TT|AC|FZ|RS,"AC,TT||FZ,RS",False,False,0.4040576363581873,0.5499667451607998,0.01220633625156924,0.01220633625156924,0.48779366374843075
NS,SY,AC,CH,"['NS', 'SY', 'AC', 'CH']",NS + SY,AC + CH,NS|SY|AC|CH,"AC,CH||NS,SY",False,True,0.5230082598441458,0.6385878469365802,0.9878655151076697,0.9878655151076697,0.48786551510766973
AC,RS,FZ,TT,"['AC', 'RS', 'FZ', 'TT']",AC + RS,FZ + TT,AC|RS|FZ|TT,"AC,RS||FZ,TT",False,False,0.4258067613380111,0.019889566846984525,0.012052549691078553,0.012052549691078553,0.48794745030892145
SY,TD,NS,CH,"['SY', 'TD', 'NS', 'CH']",SY + TD,NS + CH,SY|TD|NS|CH,"CH,NS||SY,TD",False,True,0.4754639641596883,0.3157351661047363,0.9881498877869223,0.9881498877869223,0.48814988778692225
TD,SY,NS,CH,"['TD', 'SY', 'NS', 'CH']",TD + SY,NS + CH,TD|SY|NS|CH,"CH,NS||SY,TD",False,True,0.4754639641596883,0.3157351661047363,0.9881498877869223,0.9881498877869223,0.48814988778692225
TT,RS,AC,FZ,"['TT', 'RS', 'AC', 'FZ']",TT + RS,AC + FZ,TT|RS|AC|FZ,"AC,FZ||RS,TT",False,False,0.4308895580575016,0.008853045269897272,0.011638977274827262,0.011638977274827262,0.48836102272517273
RS,TT,AC,FZ,"['RS', 'TT', 'AC', 'FZ']",RS + TT,AC + FZ,RS|TT|AC|FZ,"AC,FZ||RS,TT",False,False,0.4308895580575016,0.008853045269897272,0.011634695131263067,0.011634695131263067,0.4883653048687369
FZ,TD,AC,RS,"['FZ', 'TD', 'AC', 'RS']",FZ + TD,AC + RS,FZ|TD|AC|RS,"AC,RS||FZ,TD",False,False,0.5807494797376911,0.9780236335219111,0.9884274550650332,0.9884274550650332,0.48842745506503316
FZ,TD,RS,AC,"['FZ', 'TD', 'RS', 'AC']",FZ + TD,RS + AC,FZ|TD|RS|AC,"AC,RS||FZ,TD",False,False,0.5807494797376911,0.9780236335219111,0.9884527655350638,0.9884527655350638,0.4884527655350638
FZ,AC,NS,TD,"['FZ', 'AC', 'NS', 'TD']",FZ + AC,NS + TD,FZ|AC|NS|TD,"AC,FZ||NS,TD",False,False,0.5480385838797078,0.824907071496523,0.9885451284139293,0.9885451284139293,0.4885451284139293
FZ,AC,TD,NS,"['FZ', 'AC', 'TD', 'NS']",FZ + AC,TD + NS,FZ|AC|TD|NS,"AC,FZ||NS,TD",False,False,0.5480385838797078,0.824907071496523,0.9885451284139293,0.9885451284139293,0.4885451284139293
CH,TT,RS,TD,"['CH', 'TT', 'RS', 'TD']",CH + TT,RS + TD,CH|TT|RS|TD,"CH,TT||RS,TD",False,False,0.535704968603825,0.9670238609148029,0.9886218462198485,0.9886218462198485,0.4886218462198485
TT,CH,RS,TD,"['TT', 'CH', 'RS', 'TD']",TT + CH,RS + TD,TT|CH|RS|TD,"CH,TT||RS,TD",False,False,0.535704968603825,0.9670238609148029,0.9886218462198485,0.9886218462198485,0.4886218462198485
CH,TT,TD,RS,"['CH', 'TT', 'TD', 'RS']",CH + TT,TD + RS,CH|TT|TD|RS,"CH,TT||RS,TD",False,False,0.535704968603825,0.9670238609148029,0.9886327603396708,0.9886327603396708,0.48863276033967085
TT,CH,TD,RS,"['TT', 'CH', 'TD', 'RS']",TT + CH,TD + RS,TT|CH|TD|RS,"CH,TT||RS,TD",False,False,0.535704968603825,0.9670238609148029,0.9886327603396708,0.9886327603396708,0.48863276033967085
SY,TD,CH,NS,"['SY', 'TD', 'CH', 'NS']",SY + TD,CH + NS,SY|TD|CH|NS,"CH,NS||SY,TD",False,True,0.4754639641596883,0.3157351661047363,0.9886371319616364,0.9886371319616364,0.4886371319616364
TD,SY,CH,NS,"['TD', 'SY', 'CH', 'NS']",TD + SY,CH + NS,TD|SY|CH|NS,"CH,NS||SY,TD",False,True,0.4754639641596883,0.3157351661047363,0.9886371319616364,0.9886371319616364,0.4886371319616364
NS,TD,FZ,RS,"['NS', 'TD', 'FZ', 'RS']",NS + TD,FZ + RS,NS|TD|FZ|RS,"FZ,RS||NS,TD",False,False,0.43833287967478424,0.6492831572024322,0.011235911914548388,0.011235911914548388,0.48876408808545163
FZ,NS,SY,AC,"['FZ', 'NS', 'SY', 'AC']",FZ + NS,SY + AC,FZ|NS|SY|AC,"AC,SY||FZ,NS",False,True,0.5631952356044089,0.7601813762150078,0.9888014980206361,0.9888014980206361,0.4888014980206361
TD,AC,FZ,RS,"['TD', 'AC', 'FZ', 'RS']",TD + AC,FZ + RS,TD|AC|FZ|RS,"AC,TD||FZ,RS",False,False,0.4105442459573689,0.5388768223975273,0.011149627380614889,0.011149627380614889,0.48885037261938513
CH,FZ,NS,TD,"['CH', 'FZ', 'NS', 'TD']",CH + FZ,NS + TD,CH|FZ|NS|TD,"CH,FZ||NS,TD",False,False,0.6029721542273491,0.9417316657106969,0.9889168713832203,0.9889168713832203,0.48891687138322026
CH,FZ,TD,NS,"['CH', 'FZ', 'TD', 'NS']",CH + FZ,TD + NS,CH|FZ|TD|NS,"CH,FZ||NS,TD",False,False,0.6029721542273491,0.9417316657106969,0.9889168713832203,0.9889168713832203,0.48891687138322026
FZ,CH,NS,TD,"['FZ', 'CH', 'NS', 'TD']",FZ + CH,NS + TD,FZ|CH|NS|TD,"CH,FZ||NS,TD",False,False,0.6029721542273491,0.9417316657106969,0.9889168713832203,0.9889168713832203,0.48891687138322026
FZ,CH,TD,NS,"['FZ', 'CH', 'TD', 'NS']",FZ + CH,TD + NS,FZ|CH|TD|NS,"CH,FZ||NS,TD",False,False,0.6029721542273491,0.9417316657106969,0.9889168713832203,0.9889168713832203,0.48891687138322026
CH,AC,TT,NS,"['CH', 'AC', 'TT', 'NS']",CH + AC,TT + NS,CH|AC|TT|NS,"AC,CH||NS,TT",False,True,0.5252165076335089,0.6883938816526839,0.9889379650990102,0.9889379650990102,0.4889379650990102
CH,AC,NS,TT,"['CH', 'AC', 'NS', 'TT']",CH + AC,NS + TT,CH|AC|NS|TT,"AC,CH||NS,TT",False,True,0.5252165076335089,0.6883938816526839,0.9889485793818471,0.9889485793818471,0.4889485793818471
AC,SY,TT,NS,"['AC', 'SY', 'TT', 'NS']",AC + SY,TT + NS,AC|SY|TT|NS,"AC,SY||NS,TT",False,False,0.5198057688743792,0.7010171707185717,0.9890330944583704,0.9890330944583704,0.4890330944583704
AC,SY,NS,TT,"['AC', 'SY', 'NS', 'TT']",AC + SY,NS + TT,AC|SY|NS|TT,"AC,SY||NS,TT",False,False,0.5198057688743792,0.7010171707185717,0.9890436184736209,0.9890436184736209,0.4890436184736209
AC,CH,SY,TD,"['AC', 'CH', 'SY', 'TD']",AC + CH,SY + TD,AC|CH|SY|TD,"AC,CH||SY,TD",False,False,0.49610953493753335,0.5658042178334401,0.9891749579577042,0.9891749579577042,0.48917495795770416
AC,CH,TD,SY,"['AC', 'CH', 'TD', 'SY']",AC + CH,TD + SY,AC|CH|TD|SY,"AC,CH||SY,TD",False,False,0.49610953493753335,0.5658042178334401,0.9891749579577042,0.9891749579577042,0.48917495795770416
NS,SY,TD,CH,"['NS', 'SY', 'TD', 'CH']",NS + SY,TD + CH,NS|SY|TD|CH,"CH,TD||NS,SY",False,True,0.5137087583999669,0.7095609680968836,0.9892193040126495,0.9892193040126495,0.48921930401264946
NS,CH,RS,TT,"['NS', 'CH', 'RS', 'TT']",NS + CH,RS + TT,NS|CH|RS|TT,"CH,NS||RS,TT",False,False,0.5679127442670352,0.9886558232898304,0.9894839502215792,0.9894839502215792,0.4894839502215792
SY,AC,NS,TD,"['SY', 'AC', 'NS', 'TD']",SY + AC,NS + TD,SY|AC|NS|TD,"AC,SY||NS,TD",False,True,0.5130955236133099,0.709704241883534,0.9895114681006645,0.9895114681006645,0.4895114681006645
SY,AC,TD,NS,"['SY', 'AC', 'TD', 'NS']",SY + AC,TD + NS,SY|AC|TD|NS,"AC,SY||NS,TD",False,True,0.5130955236133099,0.709704241883534,0.9895114681006645,0.9895114681006645,0.4895114681006645
CH,FZ,NS,AC,"['CH', 'FZ', 'NS', 'AC']",CH + FZ,NS + AC,CH|FZ|NS|AC,"AC,NS||CH,FZ",False,True,0.6118544195001141,0.9170867492403805,0.9895324800004036,0.9895324800004036,0.4895324800004036
FZ,CH,NS,AC,"['FZ', 'CH', 'NS', 'AC']",FZ + CH,NS + AC,FZ|CH|NS|AC,"AC,NS||CH,FZ",True,True,0.6118544195001141,0.9170867492403805,0.9895324800004036,0.9895324800004036,0.4895324800004036
CH,SY,TD,RS,"['CH', 'SY', 'TD', 'RS']",CH + SY,TD + RS,CH|SY|TD|RS,"CH,SY||RS,TD",False,False,0.5832460515720251,0.9956342480468539,0.9895555922286148,0.9895555922286148,0.4895555922286148
SY,CH,TD,RS,"['SY', 'CH', 'TD', 'RS']",SY + CH,TD + RS,SY|CH|TD|RS,"CH,SY||RS,TD",False,False,0.5832460515720251,0.9956342480468539,0.9895555922286148,0.9895555922286148,0.4895555922286148
TD,TT,RS,SY,"['TD', 'TT', 'RS', 'SY']",TD + TT,RS + SY,TD|TT|RS|SY,"RS,SY||TD,TT",True,True,0.4474492106812042,0.614602811318115,0.010405426914895856,0.010405426914895856,0.4895945730851041
TT,TD,RS,SY,"['TT', 'TD', 'RS', 'SY']",TT + TD,RS + SY,TT|TD|RS|SY,"RS,SY||TD,TT",False,True,0.4474492106812042,0.614602811318115,0.010405426914895856,0.010405426914895856,0.4895945730851041
NS,FZ,AC,CH,"['NS', 'FZ', 'AC', 'CH']",NS + FZ,AC + CH,NS|FZ|AC|CH,"AC,CH||FZ,NS",False,True,0.5578529517209931,0.7715440074513491,0.9896543980734838,0.9896543980734838,0.48965439807348377
FZ,AC,NS,TT,"['FZ', 'AC', 'NS', 'TT']",FZ + AC,NS + TT,FZ|AC|NS|TT,"AC,FZ||NS,TT",False,False,0.5546852135410256,0.8191910935437465,0.9896909554022562,0.9896909554022562,0.48969095540225616
CH,FZ,TD,TT,"['CH', 'FZ', 'TD', 'TT']",CH + FZ,TD + TT,CH|FZ|TD|TT,"CH,FZ||TD,TT",False,False,0.627444915838571,0.9795535402449012,0.9897091282735306,0.9897091282735306,0.48970912827353064
FZ,CH,TD,TT,"['FZ', 'CH', 'TD', 'TT']",FZ + CH,TD + TT,FZ|CH|TD|TT,"CH,FZ||TD,TT",False,False,0.627444915838571,0.9795535402449012,0.9897091282735306,0.9897091282735306,0.48970912827353064
RS,AC,FZ,CH,"['RS', 'AC', 'FZ', 'CH']",RS + AC,FZ + CH,RS|AC|FZ|CH,"AC,RS||CH,FZ",False,False,0.3743225203652582,0.0024287057548612566,0.010257380321174434,0.010257380321174434,0.48974261967882554
FZ,NS,TD,CH,"['FZ', 'NS', 'TD', 'CH']",FZ + NS,TD + CH,FZ|NS|TD|CH,"CH,TD||FZ,NS",False,False,0.5486465229252303,0.8253503421834143,0.989785396179485,0.989785396179485,0.489785396179485
NS,RS,SY,CH,"['NS', 'RS', 'SY', 'CH']",NS + RS,SY + CH,NS|RS|SY|CH,"CH,SY||NS,RS",False,False,0.43546763556053386,0.014837861627152848,0.010189719177335965,0.010189719177335965,0.48981028082266403
RS,NS,SY,CH,"['RS', 'NS', 'SY', 'CH']",RS + NS,SY + CH,RS|NS|SY|CH,"CH,SY||NS,RS",False,False,0.43546763556053386,0.014837861627152848,0.010189719177335965,0.010189719177335965,0.48981028082266403
NS,CH,TT,RS,"['NS', 'CH', 'TT', 'RS']",NS + CH,TT + RS,NS|CH|TT|RS,"CH,NS||RS,TT",False,False,0.5679127442670352,0.9886558232898304,0.9898403260196225,0.9898403260196225,0.48984032601962246
FZ,TT,TD,RS,"['FZ', 'TT', 'TD', 'RS']",FZ + TT,TD + RS,FZ|TT|TD|RS,"FZ,TT||RS,TD",False,False,0.5650617765564522,0.986700293928205,0.9898937787755634,0.9898937787755634,0.4898937787755634
AC,SY,RS,TD,"['AC', 'SY', 'RS', 'TD']",AC + SY,RS + TD,AC|SY|RS|TD,"AC,SY||RS,TD",False,False,0.5277209013331118,0.979054188099789,0.9899385909529627,0.9899385909529627,0.48993859095296266
AC,SY,TD,RS,"['AC', 'SY', 'TD', 'RS']",AC + SY,TD + RS,AC|SY|TD|RS,"AC,SY||RS,TD",False,False,0.5277209013331118,0.979054188099789,0.989948254870618,0.989948254870618,0.489948254870618
RS,AC,NS,CH,"['RS', 'AC', 'NS', 'CH']",RS + AC,NS + CH,RS|AC|NS|CH,"AC,RS||CH,NS",False,False,0.42954223372697237,0.01665375324665794,0.009994072753941017,0.009994072753941017,0.49000592724605896
CH,NS,TD,SY,"['CH', 'NS', 'TD', 'SY']",CH + NS,TD + SY,CH|NS|TD|SY,"CH,NS||SY,TD",False,True,0.5245360358403117,0.6842648338952637,0.9900739748988255,0.9900739748988255,0.49007397489882554
AC,TT,SY,RS,"['AC', 'TT', 'SY', 'RS']",AC + TT,SY + RS,AC|TT|SY|RS,"AC,TT||RS,SY",False,False,0.43825880481684226,0.6843556822673982,0.00991350906682839,0.00991350906682839,0.49008649093317164
NS,SY,AC,TT,"['NS', 'SY', 'AC', 'TT']",NS + SY,AC + TT,NS|SY|AC|TT,"AC,TT||NS,SY",False,False,0.5761125263261211,0.8763285063689374,0.9901068086150051,0.9901068086150051,0.4901068086150051
NS,SY,TT,AC,"['NS', 'SY', 'TT', 'AC']",NS + SY,TT + AC,NS|SY|TT|AC,"AC,TT||NS,SY",False,False,0.5761125263261211,0.8763285063689374,0.9901284828300667,0.9901284828300667,0.4901284828300667
NS,RS,CH,SY,"['NS', 'RS', 'CH', 'SY']",NS + RS,CH + SY,NS|RS|CH|SY,"CH,SY||NS,RS",False,False,0.43546763556053386,0.014837861627152848,0.009869262156221999,0.009869262156221999,0.490130737843778
RS,NS,CH,SY,"['RS', 'NS', 'CH', 'SY']",RS + NS,CH + SY,RS|NS|CH|SY,"CH,SY||NS,RS",False,False,0.43546763556053386,0.014837861627152848,0.009869262156221999,0.009869262156221999,0.490130737843778
AC,TT,RS,SY,"['AC', 'TT', 'RS', 'SY']",AC + TT,RS + SY,AC|TT|RS|SY,"AC,TT||RS,SY",False,False,0.43825880481684226,0.6843556822673982,0.009716451935935113,0.009716451935935113,0.4902835480640649
TD,TT,RS,FZ,"['TD', 'TT', 'RS', 'FZ']",TD + TT,RS + FZ,TD|TT|RS|FZ,"FZ,RS||TD,TT",False,False,0.4130582099779857,0.47651157290691926,0.009703851062856001,0.009703851062856001,0.490296148937144
TT,TD,RS,FZ,"['TT', 'TD', 'RS', 'FZ']",TT + TD,RS + FZ,TT|TD|RS|FZ,"FZ,RS||TD,TT",False,False,0.4130582099779857,0.47651157290691926,0.009703851062856001,0.009703851062856001,0.490296148937144
RS,AC,CH,NS,"['RS', 'AC', 'CH', 'NS']",RS + AC,CH + NS,RS|AC|CH|NS,"AC,RS||CH,NS",False,False,0.42954223372697237,0.01665375324665794,0.009679708456259605,0.009679708456259605,0.4903202915437404
AC,TT,RS,FZ,"['AC', 'TT', 'RS', 'FZ']",AC + TT,RS + FZ,AC|TT|RS|FZ,"AC,TT||FZ,RS",False,False,0.4040576363581873,0.5499667451607998,0.009522654524778578,0.009522654524778578,0.4904773454752214
AC,RS,CH,FZ,"['AC', 'RS', 'CH', 'FZ']",AC + RS,CH + FZ,AC|RS|CH|FZ,"AC,RS||CH,FZ",False,False,0.3743225203652582,0.0024287057548612566,0.009461352325205948,0.009461352325205948,0.49053864767479405
RS,AC,CH,FZ,"['RS', 'AC', 'CH', 'FZ']",RS + AC,CH + FZ,RS|AC|CH|FZ,"AC,RS||CH,FZ",False,False,0.3743225203652582,0.0024287057548612566,0.009461352325205948,0.009461352325205948,0.49053864767479405
SY,AC,CH,NS,"['SY', 'AC', 'CH', 'NS']",SY + AC,CH + NS,SY|AC|CH|NS,"AC,SY||CH,NS",False,True,0.46618361801392066,0.38924287009634506,0.9905408650943685,0.9905408650943685,0.49054086509436845
CH,FZ,NS,TT,"['CH', 'FZ', 'NS', 'TT']",CH + FZ,NS + TT,CH|FZ|NS|TT,"CH,FZ||NS,TT",False,False,0.6093867233152689,0.9397711535890252,0.990563418252073,0.990563418252073,0.49056341825207295
FZ,CH,NS,TT,"['FZ', 'CH', 'NS', 'TT']",FZ + CH,NS + TT,FZ|CH|NS|TT,"CH,FZ||NS,TT",False,False,0.6093867233152689,0.9397711535890252,0.990563418252073,0.990563418252073,0.49056341825207295
CH,FZ,AC,NS,"['CH', 'FZ', 'AC', 'NS']",CH + FZ,AC + NS,CH|FZ|AC|NS,"AC,NS||CH,FZ",False,True,0.6118544195001141,0.9170867492403805,0.9905694451360445,0.9905694451360445,0.4905694451360445
FZ,CH,AC,NS,"['FZ', 'CH', 'AC', 'NS']",FZ + CH,AC + NS,FZ|CH|AC|NS,"AC,NS||CH,FZ",True,True,0.6118544195001141,0.9170867492403805,0.9905694451360445,0.9905694451360445,0.4905694451360445
CH,SY,RS,TD,"['CH', 'SY', 'RS', 'TD']",CH + SY,RS + TD,CH|SY|RS|TD,"CH,SY||RS,TD",False,False,0.5832460515720251,0.9956342480468539,0.9906109145625224,0.9906109145625224,0.49061091456252237
SY,CH,RS,TD,"['SY', 'CH', 'RS', 'TD']",SY + CH,RS + TD,SY|CH|RS|TD,"CH,SY||RS,TD",False,False,0.5832460515720251,0.9956342480468539,0.9906109145625224,0.9906109145625224,0.49061091456252237
CH,SY,TD,TT,"['CH', 'SY', 'TD', 'TT']",CH + SY,TD + TT,CH|SY|TD|TT,"CH,SY||TD,TT",False,True,0.5940940547474568,0.9520306225781251,0.9906446309356479,0.9906446309356479,0.4906446309356479
SY,CH,TD,TT,"['SY', 'CH', 'TD', 'TT']",SY + CH,TD + TT,SY|CH|TD|TT,"CH,SY||TD,TT",False,True,0.5940940547474568,0.9520306225781251,0.9906446309356479,0.9906446309356479,0.4906446309356479
CH,FZ,TT,TD,"['CH', 'FZ', 'TT', 'TD']",CH + FZ,TT + TD,CH|FZ|TT|TD,"CH,FZ||TD,TT",False,False,0.627444915838571,0.9795535402449012,0.9907490820701552,0.9907490820701552,0.4907490820701552
FZ,CH,TT,TD,"['FZ', 'CH', 'TT', 'TD']",FZ + CH,TT + TD,FZ|CH|TT|TD,"CH,FZ||TD,TT",False,False,0.627444915838571,0.9795535402449012,0.9907490820701552,0.9907490820701552,0.4907490820701552
AC,RS,FZ,CH,"['AC', 'RS', 'FZ', 'CH']",AC + RS,FZ + CH,AC|RS|FZ|CH,"AC,RS||CH,FZ",False,False,0.3743225203652582,0.0024287057548612566,0.009228989888305787,0.009228989888305787,0.4907710101116942
CH,NS,TD,RS,"['CH', 'NS', 'TD', 'RS']",CH + NS,TD + RS,CH|NS|TD|RS,"CH,NS||RS,TD",False,False,0.5613074000430851,0.9889824619297658,0.9908147620290201,0.9908147620290201,0.4908147620290201
AC,TD,TT,CH,"['AC', 'TD', 'TT', 'CH']",AC + TD,TT + CH,AC|TD|TT|CH,"AC,TD||CH,TT",False,False,0.45060037135990993,0.2563734725253748,0.009167607896868563,0.009167607896868563,0.49083239210313145
SY,AC,NS,CH,"['SY', 'AC', 'NS', 'CH']",SY + AC,NS + CH,SY|AC|NS|CH,"AC,SY||CH,NS",False,True,0.46618361801392066,0.38924287009634506,0.9908385585937362,0.9908385585937362,0.49083855859373615
FZ,TT,RS,TD,"['FZ', 'TT', 'RS', 'TD']",FZ + TT,RS + TD,FZ|TT|RS|TD,"FZ,TT||RS,TD",False,False,0.5650617765564522,0.986700293928205,0.9909152438251856,0.9909152438251856,0.4909152438251856
NS,FZ,CH,TD,"['NS', 'FZ', 'CH', 'TD']",NS + FZ,CH + TD,NS|FZ|CH|TD,"CH,TD||FZ,NS",False,False,0.5486465229252303,0.8253503421834143,0.9909165095399707,0.9909165095399707,0.4909165095399707
AC,RS,NS,CH,"['AC', 'RS', 'NS', 'CH']",AC + RS,NS + CH,AC|RS|NS|CH,"AC,RS||CH,NS",False,False,0.42954223372697237,0.01665375324665794,0.009005970205449921,0.009005970205449921,0.4909940297945501
RS,TT,NS,CH,"['RS', 'TT', 'NS', 'CH']",RS + TT,NS + CH,RS|TT|NS|CH,"CH,NS||RS,TT",False,False,0.43208725573296486,0.01134417671016959,0.00896293893249017,0.00896293893249017,0.49103706106750983
TT,RS,NS,CH,"['TT', 'RS', 'NS', 'CH']",TT + RS,NS + CH,TT|RS|NS|CH,"CH,NS||RS,TT",False,False,0.43208725573296486,0.01134417671016959,0.00896293893249017,0.00896293893249017,0.49103706106750983
NS,SY,TD,RS,"['NS', 'SY', 'TD', 'RS']",NS + SY,TD + RS,NS|SY|TD|RS,"NS,SY||RS,TD",False,False,0.5559602312250158,0.9898740285829539,0.9910722598746676,0.9910722598746676,0.4910722598746676
SY,AC,RS,TD,"['SY', 'AC', 'RS', 'TD']",SY + AC,RS + TD,SY|AC|RS|TD,"AC,SY||RS,TD",False,False,0.5277209013331118,0.979054188099789,0.9911540837705404,0.9911540837705404,0.4911540837705404
SY,AC,TD,RS,"['SY', 'AC', 'TD', 'RS']",SY + AC,TD + RS,SY|AC|TD|RS,"AC,SY||RS,TD",False,False,0.5277209013331118,0.979054188099789,0.9911625906375846,0.9911625906375846,0.4911625906375846
NS,FZ,CH,AC,"['NS', 'FZ', 'CH', 'AC']",NS + FZ,CH + AC,NS|FZ|CH|AC,"AC,CH||FZ,NS",False,True,0.5578529517209931,0.7715440074513491,0.9911958225922629,0.9911958225922629,0.4911958225922629
AC,RS,CH,NS,"['AC', 'RS', 'CH', 'NS']",AC + RS,CH + NS,AC|RS|CH|NS,"AC,RS||CH,NS",False,False,0.42954223372697237,0.01665375324665794,0.008722412909863201,0.008722412909863201,0.4912775870901368
RS,TT,CH,NS,"['RS', 'TT', 'CH', 'NS']",RS + TT,CH + NS,RS|TT|CH|NS,"CH,NS||RS,TT",False,False,0.43208725573296486,0.01134417671016959,0.008680724629139033,0.008680724629139033,0.49131927537086095
TT,RS,CH,NS,"['TT', 'RS', 'CH', 'NS']",TT + RS,CH + NS,TT|RS|CH|NS,"CH,NS||RS,TT",False,False,0.43208725573296486,0.01134417671016959,0.008680724629139033,0.008680724629139033,0.49131927537086095
AC,TD,RS,FZ,"['AC', 'TD', 'RS', 'FZ']",AC + TD,RS + FZ,AC|TD|RS|FZ,"AC,TD||FZ,RS",False,False,0.4105442459573689,0.5388768223975273,0.008624790271382632,0.008624790271382632,0.49137520972861737
AC,CH,TT,TD,"['AC', 'CH', 'TT', 'TD']",AC + CH,TT + TD,AC|CH|TT|TD,"AC,CH||TD,TT",False,False,0.544255779435781,0.8402892172330179,0.9915025001995915,0.9915025001995915,0.4915025001995915
TD,FZ,SY,CH,"['TD', 'FZ', 'SY', 'CH']",TD + FZ,SY + CH,TD|FZ|SY|CH,"CH,SY||FZ,TD",True,True,0.4881243304488849,0.32683512199651515,0.9915066016174027,0.9915066016174027,0.49150660161740267
AC,CH,TD,TT,"['AC', 'CH', 'TD', 'TT']",AC + CH,TD + TT,AC|CH|TD|TT,"AC,CH||TD,TT",False,False,0.544255779435781,0.8402892172330179,0.9915106748742645,0.9915106748742645,0.4915106748742645
CH,FZ,TT,NS,"['CH', 'FZ', 'TT', 'NS']",CH + FZ,TT + NS,CH|FZ|TT|NS,"CH,FZ||NS,TT",False,False,0.6093867233152689,0.9397711535890252,0.9915177808584852,0.9915177808584852,0.4915177808584852
FZ,CH,TT,NS,"['FZ', 'CH', 'TT', 'NS']",FZ + CH,TT + NS,FZ|CH|TT|NS,"CH,FZ||NS,TT",False,False,0.6093867233152689,0.9397711535890252,0.9915177808584852,0.9915177808584852,0.4915177808584852
AC,TT,FZ,TD,"['AC', 'TT', 'FZ', 'TD']",AC + TT,FZ + TD,AC|TT|FZ|TD,"AC,TT||FZ,TD",False,True,0.4083830338859822,0.1560508060899109,0.008428781355177882,0.008428781355177882,0.4915712186448221
CH,SY,TT,TD,"['CH', 'SY', 'TT', 'TD']",CH + SY,TT + TD,CH|SY|TT|TD,"CH,SY||TD,TT",True,True,0.5940940547474568,0.9520306225781251,0.9915908498753275,0.9915908498753275,0.49159084987532753
SY,CH,TT,TD,"['SY', 'CH', 'TT', 'TD']",SY + CH,TT + TD,SY|CH|TT|TD,"CH,SY||TD,TT",False,True,0.5940940547474568,0.9520306225781251,0.9915908498753275,0.9915908498753275,0.49159084987532753
SY,AC,RS,TT,"['SY', 'AC', 'RS', 'TT']",SY + AC,RS + TT,SY|AC|RS|TT,"AC,SY||RS,TT",False,False,0.5344124840731485,0.9783944589537085,0.9916309986295381,0.9916309986295381,0.4916309986295381
NS,SY,CH,AC,"['NS', 'SY', 'CH', 'AC']",NS + SY,CH + AC,NS|SY|CH|AC,"AC,CH||NS,SY",False,True,0.5230082598441458,0.6385878469365802,0.991638626300477,0.991638626300477,0.49163862630047706
TD,TT,SY,RS,"['TD', 'TT', 'SY', 'RS']",TD + TT,SY + RS,TD|TT|SY|RS,"RS,SY||TD,TT",False,True,0.4474492106812042,0.614602811318115,0.008350100820400264,0.008350100820400264,0.4916498991795997
TT,TD,SY,RS,"['TT', 'TD', 'SY', 'RS']",TT + TD,SY + RS,TT|TD|SY|RS,"RS,SY||TD,TT",False,True,0.4474492106812042,0.614602811318115,0.008350100820400264,0.008350100820400264,0.4916498991795997
AC,SY,RS,TT,"['AC', 'SY', 'RS', 'TT']",AC + SY,RS + TT,AC|SY|RS|TT,"AC,SY||RS,TT",False,False,0.5344124840731485,0.9783944589537085,0.9916990435651472,0.9916990435651472,0.49169904356514715
CH,NS,RS,TD,"['CH', 'NS', 'RS', 'TD']",CH + NS,RS + TD,CH|NS|RS|TD,"CH,NS||RS,TD",False,False,0.5613074000430851,0.9889824619297658,0.9917439170094261,0.9917439170094261,0.4917439170094261
RS,AC,SY,CH,"['RS', 'AC', 'SY', 'CH']",RS + AC,SY + CH,RS|AC|SY|CH,"AC,RS||CH,SY",False,False,0.407728786160435,0.006867940709823613,0.008254414002053012,0.008254414002053012,0.491745585997947
RS,TT,SY,CH,"['RS', 'TT', 'SY', 'CH']",RS + TT,SY + CH,RS|TT|SY|CH,"CH,SY||RS,TT",False,True,0.4102375083933353,0.0044788102167062525,0.008237878028565087,0.008237878028565087,0.49176212197143493
TT,RS,SY,CH,"['TT', 'RS', 'SY', 'CH']",TT + RS,SY + CH,TT|RS|SY|CH,"CH,SY||RS,TT",False,True,0.4102375083933353,0.0044788102167062525,0.008237878028565087,0.008237878028565087,0.49176212197143493
CH,NS,TD,TT,"['CH', 'NS', 'TD', 'TT']",CH + NS,TD + TT,CH|NS|TD|TT,"CH,NS||TD,TT",False,True,0.5723077063070106,0.9044048043671273,0.9917760864552637,0.9917760864552637,0.4917760864552637
TT,FZ,AC,RS,"['TT', 'FZ', 'AC', 'RS']",TT + FZ,AC + RS,TT|FZ|AC|RS,"AC,RS||FZ,TT",False,False,0.5741932386619888,0.9801104331530155,0.9918458835132403,0.9918458835132403,0.4918458835132403
TD,FZ,CH,SY,"['TD', 'FZ', 'CH', 'SY']",TD + FZ,CH + SY,TD|FZ|CH|SY,"CH,SY||FZ,TD",False,True,0.4881243304488849,0.32683512199651515,0.9918569642790274,0.9918569642790274,0.49185696427902736
TT,FZ,RS,AC,"['TT', 'FZ', 'RS', 'AC']",TT + FZ,RS + AC,TT|FZ|RS|AC,"AC,RS||FZ,TT",False,False,0.5741932386619888,0.9801104331530155,0.9918637790346235,0.9918637790346235,0.4918637790346235
SY,AC,TT,RS,"['SY', 'AC', 'TT', 'RS']",SY + AC,TT + RS,SY|AC|TT|RS,"AC,SY||RS,TT",False,False,0.5344124840731485,0.9783944589537085,0.9919152081452712,0.9919152081452712,0.49191520814527123
FZ,NS,AC,CH,"['FZ', 'NS', 'AC', 'CH']",FZ + NS,AC + CH,FZ|NS|AC|CH,"AC,CH||FZ,NS",False,True,0.5578529517209931,0.7715440074513491,0.9919724732037611,0.9919724732037611,0.49197247320376114
NS,SY,RS,TD,"['NS', 'SY', 'RS', 'TD']",NS + SY,RS + TD,NS|SY|RS|TD,"NS,SY||RS,TD",False,False,0.5559602312250158,0.9898740285829539,0.9919755779935746,0.9919755779935746,0.4919755779935746
AC,SY,TT,RS,"['AC', 'SY', 'TT', 'RS']",AC + SY,TT + RS,AC|SY|TT|RS,"AC,SY||RS,TT",False,False,0.5344124840731485,0.9783944589537085,0.9919809609759821,0.9919809609759821,0.4919809609759821
NS,CH,TD,AC,"['NS', 'CH', 'TD', 'AC']",NS + CH,TD + AC,NS|CH|TD|AC,"AC,TD||CH,NS",False,True,0.5748462210705225,0.8731508161805464,0.9919866830478926,0.9919866830478926,0.4919866830478926
RS,AC,CH,SY,"['RS', 'AC', 'CH', 'SY']",RS + AC,CH + SY,RS|AC|CH|SY,"AC,RS||CH,SY",False,False,0.407728786160435,0.006867940709823613,0.007994328924528438,0.007994328924528438,0.49200567107547155
RS,TT,CH,SY,"['RS', 'TT', 'CH', 'SY']",RS + TT,CH + SY,RS|TT|CH|SY,"CH,SY||RS,TT",True,True,0.4102375083933353,0.0044788102167062525,0.007978309785010912,0.007978309785010912,0.4920216902149891
TT,RS,CH,SY,"['TT', 'RS', 'CH', 'SY']",TT + RS,CH + SY,TT|RS|CH|SY,"CH,SY||RS,TT",False,True,0.4102375083933353,0.0044788102167062525,0.007978309785010912,0.007978309785010912,0.4920216902149891
RS,TT,CH,FZ,"['RS', 'TT', 'CH', 'FZ']",RS + TT,CH + FZ,RS|TT|CH|FZ,"CH,FZ||RS,TT",False,True,0.3767564488081397,0.0015166476040183632,0.007922815885484715,0.007922815885484715,0.4920771841145153
TT,RS,CH,FZ,"['TT', 'RS', 'CH', 'FZ']",TT + RS,CH + FZ,TT|RS|CH|FZ,"CH,FZ||RS,TT",False,True,0.3767564488081397,0.0015166476040183632,0.007922815885484715,0.007922815885484715,0.4920771841145153
AC,FZ,TD,TT,"['AC', 'FZ', 'TD', 'TT']",AC + FZ,TD + TT,AC|FZ|TD|TT,"AC,FZ||TD,TT",False,False,0.5735023704748304,0.9207051928008432,0.9921109527596681,0.9921109527596681,0.4921109527596681
CH,NS,RS,TT,"['CH', 'NS', 'RS', 'TT']",CH + NS,RS + TT,CH|NS|RS|TT,"CH,NS||RS,TT",False,False,0.5679127442670352,0.9886558232898304,0.9921482487810497,0.9921482487810497,0.4921482487810497
RS,TT,FZ,CH,"['RS', 'TT', 'FZ', 'CH']",RS + TT,FZ + CH,RS|TT|FZ|CH,"CH,FZ||RS,TT",False,True,0.3767564488081397,0.0015166476040183632,0.007727943751279917,0.007727943751279917,0.49227205624872006
TT,RS,FZ,CH,"['TT', 'RS', 'FZ', 'CH']",TT + RS,FZ + CH,TT|RS|FZ|CH,"CH,FZ||RS,TT",False,True,0.3767564488081397,0.0015166476040183632,0.007727943751279917,0.007727943751279917,0.49227205624872006
AC,FZ,TD,CH,"['AC', 'FZ', 'TD', 'CH']",AC + FZ,TD + CH,AC|FZ|TD|CH,"AC,FZ||CH,TD",False,False,0.5203433561928663,0.7331638639650158,0.9923293913504422,0.9923293913504422,0.4923293913504422
FZ,TT,NS,TD,"['FZ', 'TT', 'NS', 'TD']",FZ + TT,NS + TD,FZ|TT|NS|TD,"FZ,TT||NS,TD",False,False,0.5506080357897727,0.7763733075178642,0.9923688301023129,0.9923688301023129,0.4923688301023129
FZ,TT,TD,NS,"['FZ', 'TT', 'TD', 'NS']",FZ + TT,TD + NS,FZ|TT|TD|NS,"FZ,TT||NS,TD",False,False,0.5506080357897727,0.7763733075178642,0.9923688301023129,0.9923688301023129,0.4923688301023129
FZ,AC,SY,CH,"['FZ', 'AC', 'SY', 'CH']",FZ + AC,SY + CH,FZ|AC|SY|CH,"AC,FZ||CH,SY",False,True,0.47882244841364163,0.4015273356981194,0.9923751873485901,0.9923751873485901,0.4923751873485901
CH,NS,TT,RS,"['CH', 'NS', 'TT', 'RS']",CH + NS,TT + RS,CH|NS|TT|RS,"CH,NS||RS,TT",False,False,0.5679127442670352,0.9886558232898304,0.9924150269509452,0.9924150269509452,0.4924150269509452
FZ,AC,TT,NS,"['FZ', 'AC', 'TT', 'NS']",FZ + AC,TT + NS,FZ|AC|TT|NS,"AC,FZ||NS,TT",False,False,0.5546852135410256,0.8191910935437465,0.9924814813237605,0.9924814813237605,0.49248148132376046
NS,SY,CH,TD,"['NS', 'SY', 'CH', 'TD']",NS + SY,CH + TD,NS|SY|CH|TD,"CH,TD||NS,SY",False,True,0.5137087583999669,0.7095609680968836,0.9924956328060801,0.9924956328060801,0.4924956328060801
AC,RS,SY,CH,"['AC', 'RS', 'SY', 'CH']",AC + RS,SY + CH,AC|RS|SY|CH,"AC,RS||CH,SY",False,False,0.407728786160435,0.006867940709823613,0.007437017460012311,0.007437017460012311,0.4925629825399877
AC,TT,TD,FZ,"['AC', 'TT', 'TD', 'FZ']",AC + TT,TD + FZ,AC|TT|TD|FZ,"AC,TT||FZ,TD",False,True,0.4083830338859822,0.1560508060899109,0.0074328756406678775,0.0074328756406678775,0.49256712435933214
NS,CH,AC,RS,"['NS', 'CH', 'AC', 'RS']",NS + CH,AC + RS,NS|CH|AC|RS,"AC,RS||CH,NS",False,False,0.5704577662730276,0.983346246753342,0.9925705533144549,0.9925705533144549,0.4925705533144549
NS,CH,RS,AC,"['NS', 'CH', 'RS', 'AC']",NS + CH,RS + AC,NS|CH|RS|AC,"AC,RS||CH,NS",False,False,0.5704577662730276,0.983346246753342,0.9925868703180942,0.9925868703180942,0.4925868703180942
CH,NS,TT,TD,"['CH', 'NS', 'TT', 'TD']",CH + NS,TT + TD,CH|NS|TT|TD,"CH,NS||TD,TT",False,True,0.5723077063070106,0.9044048043671273,0.9926087217652082,0.9926087217652082,0.4926087217652082
FZ,AC,CH,SY,"['FZ', 'AC', 'CH', 'SY']",FZ + AC,CH + SY,FZ|AC|CH|SY,"AC,FZ||CH,SY",False,True,0.47882244841364163,0.4015273356981194,0.9926899839912013,0.9926899839912013,0.49268998399120134
NS,CH,AC,TD,"['NS', 'CH', 'AC', 'TD']",NS + CH,AC + TD,NS|CH|AC|TD,"AC,TD||CH,NS",False,True,0.5748462210705225,0.8731508161805464,0.9927822958681481,0.9927822958681481,0.49278229586814815
AC,TD,RS,CH,"['AC', 'TD', 'RS', 'CH']",AC + TD,RS + CH,AC|TD|RS|CH,"AC,TD||CH,RS",False,False,0.4395352879174215,0.6853319106170731,0.007205475350129547,0.007205475350129547,0.49279452464987045
AC,RS,CH,SY,"['AC', 'RS', 'CH', 'SY']",AC + RS,CH + SY,AC|RS|CH|SY,"AC,RS||CH,SY",False,False,0.407728786160435,0.006867940709823613,0.007202500363451596,0.007202500363451596,0.4927974996365484
AC,TD,CH,TT,"['AC', 'TD', 'CH', 'TT']",AC + TD,CH + TT,AC|TD|CH|TT,"AC,TD||CH,TT",False,False,0.45060037135990993,0.2563734725253748,0.007123015898555809,0.007123015898555809,0.4928769841014442
AC,FZ,TT,TD,"['AC', 'FZ', 'TT', 'TD']",AC + FZ,TT + TD,AC|FZ|TT|TD,"AC,FZ||TD,TT",False,False,0.5735023704748304,0.9207051928008432,0.9929099266929049,0.9929099266929049,0.4929099266929049
TD,FZ,RS,TT,"['TD', 'FZ', 'RS', 'TT']",TD + FZ,RS + TT,TD|FZ|RS|TT,"FZ,TD||RS,TT",False,False,0.5782203504033635,0.9847431566852909,0.9929476102261101,0.9929476102261101,0.4929476102261101
FZ,NS,CH,TD,"['FZ', 'NS', 'CH', 'TD']",FZ + NS,CH + TD,FZ|NS|CH|TD,"CH,TD||FZ,NS",False,False,0.5486465229252303,0.8253503421834143,0.9929538045973771,0.9929538045973771,0.49295380459737714
AC,TD,CH,RS,"['AC', 'TD', 'CH', 'RS']",AC + TD,CH + RS,AC|TD|CH|RS,"AC,TD||CH,RS",False,False,0.4395352879174215,0.6853319106170731,0.006978208313649191,0.006978208313649191,0.4930217916863508
AC,TT,CH,TD,"['AC', 'TT', 'CH', 'TD']",AC + TT,CH + TD,AC|TT|CH|TD,"AC,TT||CH,TD",False,False,0.43733469007223225,0.275719413945422,0.006928903848166431,0.006928903848166431,0.4930710961518336
AC,TT,RS,CH,"['AC', 'TT', 'RS', 'CH']",AC + TT,RS + CH,AC|TT|RS|CH,"AC,TT||CH,RS",False,False,0.4329270416778134,0.6961733567415116,0.006916097457735501,0.006916097457735501,0.4930839025422645
AC,TT,FZ,RS,"['AC', 'TT', 'FZ', 'RS']",AC + TT,FZ + RS,AC|TT|FZ|RS,"AC,TT||FZ,RS",False,False,0.4040576363581873,0.5499667451607998,0.006915800376408052,0.006915800376408052,0.49308419962359196
FZ,NS,CH,AC,"['FZ', 'NS', 'CH', 'AC']",FZ + NS,CH + AC,FZ|NS|CH|AC,"AC,CH||FZ,NS",False,True,0.5578529517209931,0.7715440074513491,0.9931709035227675,0.9931709035227675,0.4931709035227675
TD,FZ,TT,RS,"['TD', 'FZ', 'TT', 'RS']",TD + FZ,TT + RS,TD|FZ|TT|RS,"FZ,TD||RS,TT",False,False,0.5782203504033635,0.9847431566852909,0.9931874150646313,0.9931874150646313,0.49318741506463126
NS,RS,CH,FZ,"['NS', 'RS', 'CH', 'FZ']",NS + RS,CH + FZ,NS|RS|CH|FZ,"CH,FZ||NS,RS",False,False,0.4013286682602664,0.005747384270959819,0.0067910214035678375,0.0067910214035678375,0.49320897859643215
RS,NS,CH,FZ,"['RS', 'NS', 'CH', 'FZ']",RS + NS,CH + FZ,RS|NS|CH|FZ,"CH,FZ||NS,RS",False,False,0.4013286682602664,0.005747384270959819,0.0067910214035678375,0.0067910214035678375,0.49320897859643215
AC,FZ,TD,SY,"['AC', 'FZ', 'TD', 'SY']",AC + FZ,TD + SY,AC|FZ|TD|SY,"AC,FZ||SY,TD",False,False,0.525753564037108,0.7210381412746854,0.9932920610399717,0.9932920610399717,0.4932920610399717
AC,TT,CH,RS,"['AC', 'TT', 'CH', 'RS']",AC + TT,CH + RS,AC|TT|CH|RS,"AC,TT||CH,RS",False,False,0.4329270416778134,0.6961733567415116,0.006697896077806369,0.006697896077806369,0.49330210392219365
NS,SY,RS,TT,"['NS', 'SY', 'RS', 'TT']",NS + SY,RS + TT,NS|SY|RS|TT,"NS,SY||RS,TT",False,False,0.5625833458464357,0.989576660250111,0.993363360392095,0.993363360392095,0.49336336039209505
CH,TT,RS,AC,"['CH', 'TT', 'RS', 'AC']",CH + TT,RS + AC,CH|TT|RS|AC,"AC,RS||CH,TT",False,False,0.5449564331889412,0.9528409041577421,0.9933655368880345,0.9933655368880345,0.49336553688803453
TT,CH,RS,AC,"['TT', 'CH', 'RS', 'AC']",TT + CH,RS + AC,TT|CH|RS|AC,"AC,RS||CH,TT",False,False,0.5449564331889412,0.9528409041577421,0.9933655368880345,0.9933655368880345,0.49336553688803453
CH,TT,AC,RS,"['CH', 'TT', 'AC', 'RS']",CH + TT,AC + RS,CH|TT|AC|RS,"AC,RS||CH,TT",False,False,0.5449564331889412,0.9528409041577421,0.9933719312849264,0.9933719312849264,0.4933719312849264
TT,CH,AC,RS,"['TT', 'CH', 'AC', 'RS']",TT + CH,AC + RS,TT|CH|AC|RS,"AC,RS||CH,TT",False,False,0.5449564331889412,0.9528409041577421,0.9933719312849264,0.9933719312849264,0.4933719312849264
NS,RS,FZ,CH,"['NS', 'RS', 'FZ', 'CH']",NS + RS,FZ + CH,NS|RS|FZ|CH,"CH,FZ||NS,RS",False,False,0.4013286682602664,0.005747384270959819,0.0066238013855388555,0.0066238013855388555,0.49337619861446114
RS,NS,FZ,CH,"['RS', 'NS', 'FZ', 'CH']",RS + NS,FZ + CH,RS|NS|FZ|CH,"CH,FZ||NS,RS",False,False,0.4013286682602664,0.005747384270959819,0.0066238013855388555,0.0066238013855388555,0.49337619861446114
RS,TT,TD,CH,"['RS', 'TT', 'TD', 'CH']",RS + TT,TD + CH,RS|TT|TD|CH,"CH,TD||RS,TT",False,True,0.45095710912861814,0.0371597756567498,0.0066026355539438395,0.0066026355539438395,0.49339736444605614
TT,RS,TD,CH,"['TT', 'RS', 'TD', 'CH']",TT + RS,TD + CH,TT|RS|TD|CH,"CH,TD||RS,TT",True,True,0.45095710912861814,0.0371597756567498,0.0066026355539438395,0.0066026355539438395,0.49339736444605614
AC,SY,TT,TD,"['AC', 'SY', 'TT', 'TD']",AC + SY,TT + TD,AC|SY|TT|TD,"AC,SY||TD,TT",False,True,0.5388715165200654,0.8487073511978087,0.9934552475595597,0.9934552475595597,0.4934552475595597
AC,SY,TD,TT,"['AC', 'SY', 'TD', 'TT']",AC + SY,TD + TT,AC|SY|TD|TT,"AC,SY||TD,TT",True,True,0.5388715165200654,0.8487073511978087,0.9934615560610552,0.9934615560610552,0.49346155606105524
CH,NS,SY,TD,"['CH', 'NS', 'SY', 'TD']",CH + NS,SY + TD,CH|NS|SY|TD,"CH,NS||SY,TD",False,True,0.5245360358403117,0.6842648338952637,0.9935037549049891,0.9935037549049891,0.4935037549049891
AC,TT,TD,CH,"['AC', 'TT', 'TD', 'CH']",AC + TT,TD + CH,AC|TT|TD|CH,"AC,TT||CH,TD",False,False,0.43733469007223225,0.275719413945422,0.0064352463264083035,0.0064352463264083035,0.4935647536735917
NS,SY,TT,RS,"['NS', 'SY', 'TT', 'RS']",NS + SY,TT + RS,NS|SY|TT|RS,"NS,SY||RS,TT",False,False,0.5625833458464357,0.989576660250111,0.9935891196081736,0.9935891196081736,0.49358911960817364
RS,TT,CH,TD,"['RS', 'TT', 'CH', 'TD']",RS + TT,CH + TD,RS|TT|CH|TD,"CH,TD||RS,TT",True,True,0.45095710912861814,0.0371597756567498,0.006394260151898719,0.006394260151898719,0.4936057398481013
TT,RS,CH,TD,"['TT', 'RS', 'CH', 'TD']",TT + RS,CH + TD,TT|RS|CH|TD,"CH,TD||RS,TT",False,True,0.45095710912861814,0.0371597756567498,0.006394260151898719,0.006394260151898719,0.4936057398481013
TD,FZ,AC,RS,"['TD', 'FZ', 'AC', 'RS']",TD + FZ,AC + RS,TD|FZ|AC|RS,"AC,RS||FZ,TD",False,False,0.5807494797376911,0.9780236335219111,0.9936322110958159,0.9936322110958159,0.4936322110958159
TD,FZ,RS,AC,"['TD', 'FZ', 'RS', 'AC']",TD + FZ,RS + AC,TD|FZ|RS|AC,"AC,RS||FZ,TD",False,False,0.5807494797376911,0.9780236335219111,0.9936462113478046,0.9936462113478046,0.4936462113478046
SY,TT,RS,TD,"['SY', 'TT', 'RS', 'TD']",SY + TT,RS + TD,SY|TT|RS|TD,"RS,TD||SY,TT",False,True,0.530306865861629,0.9693088492729609,0.9936734580830532,0.9936734580830532,0.4936734580830532
SY,TT,TD,RS,"['SY', 'TT', 'TD', 'RS']",SY + TT,TD + RS,SY|TT|TD|RS,"RS,TD||SY,TT",False,True,0.530306865861629,0.9693088492729609,0.9936795575890971,0.9936795575890971,0.4936795575890971
TT,SY,RS,TD,"['TT', 'SY', 'RS', 'TD']",TT + SY,RS + TD,TT|SY|RS|TD,"RS,TD||SY,TT",False,True,0.530306865861629,0.9693088492729609,0.993689904757733,0.993689904757733,0.493689904757733
TT,SY,TD,RS,"['TT', 'SY', 'TD', 'RS']",TT + SY,TD + RS,TT|SY|TD|RS,"RS,TD||SY,TT",False,True,0.530306865861629,0.9693088492729609,0.9936959885079076,0.9936959885079076,0.49369598850790763
RS,AC,FZ,TD,"['RS', 'AC', 'FZ', 'TD']",RS + AC,FZ + TD,RS|AC|FZ|TD,"AC,RS||FZ,TD",False,False,0.41925052026230897,0.02197636647808892,0.006297781926612564,0.006297781926612564,0.49370221807338743
FZ,TT,TD,AC,"['FZ', 'TT', 'TD', 'AC']",FZ + TT,TD + AC,FZ|TT|TD|AC,"AC,TD||FZ,TT",False,False,0.5785717233482001,0.8576072301955713,0.9937349217759748,0.9937349217759748,0.4937349217759748
SY,NS,AC,CH,"['SY', 'NS', 'AC', 'CH']",SY + NS,AC + CH,SY|NS|AC|CH,"AC,CH||NS,SY",False,True,0.5230082598441458,0.6385878469365802,0.9939632802573597,0.9939632802573597,0.4939632802573597
SY,AC,TT,NS,"['SY', 'AC', 'TT', 'NS']",SY + AC,TT + NS,SY|AC|TT|NS,"AC,SY||NS,TT",False,False,0.5198057688743792,0.7010171707185717,0.9939671264784266,0.9939671264784266,0.49396712647842655
SY,AC,NS,TT,"['SY', 'AC', 'NS', 'TT']",SY + AC,NS + TT,SY|AC|NS|TT,"AC,SY||NS,TT",False,False,0.5198057688743792,0.7010171707185717,0.9939729445720363,0.9939729445720363,0.49397294457203633
RS,AC,TD,CH,"['RS', 'AC', 'TD', 'CH']",RS + AC,TD + CH,RS|AC|TD|CH,"AC,RS||CH,TD",False,False,0.44838869539530857,0.05111644039715473,0.005924208410103879,0.005924208410103879,0.4940757915898961
SY,FZ,TT,CH,"['SY', 'FZ', 'TT', 'CH']",SY + FZ,TT + CH,SY|FZ|TT|CH,"CH,TT||FZ,SY",False,True,0.5773044121519074,0.8989812471458116,0.994088485903227,0.994088485903227,0.49408848590322696
FZ,SY,TT,CH,"['FZ', 'SY', 'TT', 'CH']",FZ + SY,TT + CH,FZ|SY|TT|CH,"CH,TT||FZ,SY",False,True,0.5773044121519074,0.8989812471458116,0.9940896425821956,0.9940896425821956,0.49408964258219557
SY,NS,TD,RS,"['SY', 'NS', 'TD', 'RS']",SY + NS,TD + RS,SY|NS|TD|RS,"NS,SY||RS,TD",False,False,0.5559602312250158,0.9898740285829539,0.9941919767322712,0.9941919767322712,0.4941919767322712
SY,FZ,CH,TT,"['SY', 'FZ', 'CH', 'TT']",SY + FZ,CH + TT,SY|FZ|CH|TT,"CH,TT||FZ,SY",True,True,0.5773044121519074,0.8989812471458116,0.9942352943513152,0.9942352943513152,0.4942352943513152
FZ,SY,CH,TT,"['FZ', 'SY', 'CH', 'TT']",FZ + SY,CH + TT,FZ|SY|CH|TT,"CH,TT||FZ,SY",True,True,0.5773044121519074,0.8989812471458116,0.9942364224714904,0.9942364224714904,0.49423642247149036
SY,TD,RS,TT,"['SY', 'TD', 'RS', 'TT']",SY + TD,RS + TT,SY|TD|RS|TT,"RS,TT||SY,TD",False,False,0.5436677644746523,0.9653647641619773,0.994258059942043,0.994258059942043,0.49425805994204297
TD,SY,RS,TT,"['TD', 'SY', 'RS', 'TT']",TD + SY,RS + TT,TD|SY|RS|TT,"RS,TT||SY,TD",False,False,0.5436677644746523,0.9653647641619773,0.994258059942043,0.994258059942043,0.49425805994204297
RS,AC,CH,TD,"['RS', 'AC', 'CH', 'TD']",RS + AC,CH + TD,RS|AC|CH|TD,"AC,RS||CH,TD",False,False,0.44838869539530857,0.05111644039715473,0.005737120128118947,0.005737120128118947,0.49426287987188106
AC,RS,FZ,TD,"['AC', 'RS', 'FZ', 'TD']",AC + RS,FZ + TD,AC|RS|FZ|TD,"AC,RS||FZ,TD",False,False,0.41925052026230897,0.02197636647808892,0.005675133854878948,0.005675133854878948,0.49432486614512106
TT,RS,FZ,TD,"['TT', 'RS', 'FZ', 'TD']",TT + RS,FZ + TD,TT|RS|FZ|TD,"FZ,TD||RS,TT",False,False,0.4217796495966365,0.01525684331470911,0.005675133854878948,0.005675133854878948,0.49432486614512106
RS,TT,FZ,TD,"['RS', 'TT', 'FZ', 'TD']",RS + TT,FZ + TD,RS|TT|FZ|TD,"FZ,TD||RS,TT",False,False,0.4217796495966365,0.01525684331470911,0.005673033299001809,0.005673033299001809,0.4943269667009982
FZ,TT,AC,TD,"['FZ', 'TT', 'AC', 'TD']",FZ + TT,AC + TD,FZ|TT|AC|TD,"AC,TD||FZ,TT",False,False,0.5785717233482001,0.8576072301955713,0.9943579456287971,0.9943579456287971,0.4943579456287971
RS,AC,TD,FZ,"['RS', 'AC', 'TD', 'FZ']",RS + AC,TD + FZ,RS|AC|TD|FZ,"AC,RS||FZ,TD",False,False,0.41925052026230897,0.02197636647808892,0.005561009924321542,0.005561009924321542,0.4944389900756785
SY,TD,TT,RS,"['SY', 'TD', 'TT', 'RS']",SY + TD,TT + RS,SY|TD|TT|RS,"RS,TT||SY,TD",False,False,0.5436677644746523,0.9653647641619773,0.9944535540107,0.9944535540107,0.4944535540107
TD,SY,TT,RS,"['TD', 'SY', 'TT', 'RS']",TD + SY,TT + RS,TD|SY|TT|RS,"RS,TT||SY,TD",False,False,0.5436677644746523,0.9653647641619773,0.9944535540107,0.9944535540107,0.4944535540107
CH,AC,TT,TD,"['CH', 'AC', 'TT', 'TD']",CH + AC,TT + TD,CH|AC|TT|TD,"AC,CH||TD,TT",False,False,0.544255779435781,0.8402892172330179,0.9944984458265825,0.9944984458265825,0.49449844582658253
CH,AC,TD,TT,"['CH', 'AC', 'TD', 'TT']",CH + AC,TD + TT,CH|AC|TD|TT,"AC,CH||TD,TT",False,False,0.544255779435781,0.8402892172330179,0.9945037543500487,0.9945037543500487,0.4945037543500487
AC,FZ,CH,TD,"['AC', 'FZ', 'CH', 'TD']",AC + FZ,CH + TD,AC|FZ|CH|TD,"AC,FZ||CH,TD",False,False,0.5203433561928663,0.7331638639650158,0.9946461835684928,0.9946461835684928,0.49464618356849277
AC,RS,TD,CH,"['AC', 'RS', 'TD', 'CH']",AC + RS,TD + CH,AC|RS|TD|CH,"AC,RS||CH,TD",False,False,0.44838869539530857,0.05111644039715473,0.005336319777012007,0.005336319777012007,0.494663680222988
SY,NS,RS,TD,"['SY', 'NS', 'RS', 'TD']",SY + NS,RS + TD,SY|NS|RS|TD,"NS,SY||RS,TD",False,False,0.5559602312250158,0.9898740285829539,0.9947813007783946,0.9947813007783946,0.49478130077839455
AC,TD,FZ,RS,"['AC', 'TD', 'FZ', 'RS']",AC + TD,FZ + RS,AC|TD|FZ|RS,"AC,TD||FZ,RS",False,False,0.4105442459573689,0.5388768223975273,0.005186399945462536,0.005186399945462536,0.49481360005453745
TD,TT,FZ,RS,"['TD', 'TT', 'FZ', 'RS']",TD + TT,FZ + RS,TD|TT|FZ|RS,"FZ,RS||TD,TT",False,False,0.4130582099779857,0.47651157290691926,0.005186399945462536,0.005186399945462536,0.49481360005453745
TT,TD,FZ,RS,"['TT', 'TD', 'FZ', 'RS']",TT + TD,FZ + RS,TT|TD|FZ|RS,"FZ,RS||TD,TT",False,False,0.4130582099779857,0.47651157290691926,0.005186399945462536,0.005186399945462536,0.49481360005453745
FZ,NS,AC,TT,"['FZ', 'NS', 'AC', 'TT']",FZ + NS,AC + TT,FZ|NS|AC|TT,"AC,TT||FZ,NS",False,True,0.6099708703027863,0.9382804024309106,0.9948182159761457,0.9948182159761457,0.4948182159761457
NS,FZ,AC,TT,"['NS', 'FZ', 'AC', 'TT']",NS + FZ,AC + TT,NS|FZ|AC|TT,"AC,TT||FZ,NS",True,True,0.6099708703027863,0.9382804024309106,0.9948182159761457,0.9948182159761457,0.4948182159761457
FZ,NS,TT,AC,"['FZ', 'NS', 'TT', 'AC']",FZ + NS,TT + AC,FZ|NS|TT|AC,"AC,TT||FZ,NS",False,True,0.6099708703027863,0.9382804024309106,0.9948296222404256,0.9948296222404256,0.4948296222404256
NS,FZ,TT,AC,"['NS', 'FZ', 'TT', 'AC']",NS + FZ,TT + AC,NS|FZ|TT|AC,"AC,TT||FZ,NS",False,True,0.6099708703027863,0.9382804024309106,0.9948296222404256,0.9948296222404256,0.4948296222404256
SY,NS,TD,CH,"['SY', 'NS', 'TD', 'CH']",SY + NS,TD + CH,SY|NS|TD|CH,"CH,TD||NS,SY",False,True,0.5137087583999669,0.7095609680968836,0.9948315717839777,0.9948315717839777,0.49483157178397774
AC,RS,CH,TD,"['AC', 'RS', 'CH', 'TD']",AC + RS,CH + TD,AC|RS|CH|TD,"AC,RS||CH,TD",False,False,0.44838869539530857,0.05111644039715473,0.005167700680990857,0.005167700680990857,0.49483229931900913
CH,SY,RS,TT,"['CH', 'SY', 'RS', 'TT']",CH + SY,RS + TT,CH|SY|RS|TT,"CH,SY||RS,TT",False,True,0.5897624916066647,0.9955211897832937,0.9948430910535749,0.9948430910535749,0.49484309105357493
SY,CH,RS,TT,"['SY', 'CH', 'RS', 'TT']",SY + CH,RS + TT,SY|CH|RS|TT,"CH,SY||RS,TT",False,True,0.5897624916066647,0.9955211897832937,0.9948430910535749,0.9948430910535749,0.49484309105357493
FZ,AC,TD,TT,"['FZ', 'AC', 'TD', 'TT']",FZ + AC,TD + TT,FZ|AC|TD|TT,"AC,FZ||TD,TT",False,False,0.5735023704748304,0.9207051928008432,0.9948934823905021,0.9948934823905021,0.4948934823905021
SY,NS,AC,TT,"['SY', 'NS', 'AC', 'TT']",SY + NS,AC + TT,SY|NS|AC|TT,"AC,TT||NS,SY",False,False,0.5761125263261211,0.8763285063689374,0.9949951909802228,0.9949951909802228,0.4949951909802228
AC,RS,TD,FZ,"['AC', 'RS', 'TD', 'FZ']",AC + RS,TD + FZ,AC|RS|TD|FZ,"AC,RS||FZ,TD",False,False,0.41925052026230897,0.02197636647808892,0.005002944772565563,0.005002944772565563,0.4949970552274344
TT,RS,TD,FZ,"['TT', 'RS', 'TD', 'FZ']",TT + RS,TD + FZ,TT|RS|TD|FZ,"FZ,TD||RS,TT",False,False,0.4217796495966365,0.01525684331470911,0.005002944772565563,0.005002944772565563,0.4949970552274344
RS,TT,TD,FZ,"['RS', 'TT', 'TD', 'FZ']",RS + TT,TD + FZ,RS|TT|TD|FZ,"FZ,TD||RS,TT",False,False,0.4217796495966365,0.01525684331470911,0.0050010917648635085,0.0050010917648635085,0.4949989082351365
SY,NS,TT,AC,"['SY', 'NS', 'TT', 'AC']",SY + NS,TT + AC,SY|NS|TT|AC,"AC,TT||NS,SY",False,False,0.5761125263261211,0.8763285063689374,0.9950062096385032,0.9950062096385032,0.49500620963850317
CH,SY,TT,RS,"['CH', 'SY', 'TT', 'RS']",CH + SY,TT + RS,CH|SY|TT|RS,"CH,SY||RS,TT",False,True,0.5897624916066647,0.9955211897832937,0.9950187665388253,0.9950187665388253,0.49501876653882526
SY,CH,TT,RS,"['SY', 'CH', 'TT', 'RS']",SY + CH,TT + RS,SY|CH|TT|RS,"CH,SY||RS,TT",False,True,0.5897624916066647,0.9955211897832937,0.9950187665388253,0.9950187665388253,0.49501876653882526
SY,NS,RS,TT,"['SY', 'NS', 'RS', 'TT']",SY + NS,RS + TT,SY|NS|RS|TT,"NS,SY||RS,TT",False,False,0.5625833458464357,0.989576660250111,0.9950497064321533,0.9950497064321533,0.4950497064321533
SY,NS,TT,RS,"['SY', 'NS', 'TT', 'RS']",SY + NS,TT + RS,SY|NS|TT|RS,"NS,SY||RS,TT",False,False,0.5625833458464357,0.989576660250111,0.9952183771791381,0.9952183771791381,0.4952183771791381
CH,AC,SY,TD,"['CH', 'AC', 'SY', 'TD']",CH + AC,SY + TD,CH|AC|SY|TD,"AC,CH||SY,TD",False,False,0.49610953493753335,0.5658042178334401,0.9952334311857405,0.9952334311857405,0.4952334311857405
CH,AC,TD,SY,"['CH', 'AC', 'TD', 'SY']",CH + AC,TD + SY,CH|AC|TD|SY,"AC,CH||SY,TD",False,False,0.49610953493753335,0.5658042178334401,0.9952334311857405,0.9952334311857405,0.4952334311857405
CH,TD,RS,TT,"['CH', 'TD', 'RS', 'TT']",CH + TD,RS + TT,CH|TD|RS|TT,"CH,TD||RS,TT",False,True,0.5490428908713818,0.9628402243432502,0.9952985187572876,0.9952985187572876,0.4952985187572876
TD,CH,RS,TT,"['TD', 'CH', 'RS', 'TT']",TD + CH,RS + TT,TD|CH|RS|TT,"CH,TD||RS,TT",False,True,0.5490428908713818,0.9628402243432502,0.9952985187572876,0.9952985187572876,0.4952985187572876
NS,SY,AC,RS,"['NS', 'SY', 'AC', 'RS']",NS + SY,AC + RS,NS|SY|AC|RS,"AC,RS||NS,SY",False,False,0.5651357219016315,0.9846391050550048,0.9953041379642001,0.9953041379642001,0.49530413796420014
NS,SY,RS,AC,"['NS', 'SY', 'RS', 'AC']",NS + SY,RS + AC,NS|SY|RS|AC,"AC,RS||NS,SY",False,False,0.5651357219016315,0.9846391050550048,0.9953144796434709,0.9953144796434709,0.49531447964347086
TD,TT,RS,CH,"['TD', 'TT', 'RS', 'CH']",TD + TT,RS + CH,TD|TT|RS|CH,"CH,RS||TD,TT",False,False,0.4420936329872544,0.6271802393674039,0.004644484288810368,0.004644484288810368,0.49535551571118963
TT,TD,RS,CH,"['TT', 'TD', 'RS', 'CH']",TT + TD,RS + CH,TT|TD|RS|CH,"CH,RS||TD,TT",False,False,0.4420936329872544,0.6271802393674039,0.004644484288810368,0.004644484288810368,0.49535551571118963
CH,SY,AC,RS,"['CH', 'SY', 'AC', 'RS']",CH + SY,AC + RS,CH|SY|AC|RS,"AC,RS||CH,SY",False,False,0.5922712138395649,0.9931320592901763,0.9953574193994355,0.9953574193994355,0.49535741939943545
SY,CH,AC,RS,"['SY', 'CH', 'AC', 'RS']",SY + CH,AC + RS,SY|CH|AC|RS,"AC,RS||CH,SY",False,False,0.5922712138395649,0.9931320592901763,0.9953574193994355,0.9953574193994355,0.49535741939943545
CH,SY,RS,AC,"['CH', 'SY', 'RS', 'AC']",CH + SY,RS + AC,CH|SY|RS|AC,"AC,RS||CH,SY",False,False,0.5922712138395649,0.9931320592901763,0.9953676442833341,0.9953676442833341,0.49536764428333413
SY,CH,RS,AC,"['SY', 'CH', 'RS', 'AC']",SY + CH,RS + AC,SY|CH|RS|AC,"AC,RS||CH,SY",False,False,0.5922712138395649,0.9931320592901763,0.9953676442833341,0.9953676442833341,0.49536764428333413
FZ,AC,TT,TD,"['FZ', 'AC', 'TT', 'TD']",FZ + AC,TT + TD,FZ|AC|TT|TD,"AC,FZ||TD,TT",False,False,0.5735023704748304,0.9207051928008432,0.9954119550831759,0.9954119550831759,0.4954119550831759
CH,FZ,TD,RS,"['CH', 'FZ', 'TD', 'RS']",CH + FZ,TD + RS,CH|FZ|TD|RS,"CH,FZ||RS,TD",False,False,0.6169134859112162,0.9985139321182421,0.9954205807032246,0.9954205807032246,0.4954205807032246
FZ,CH,TD,RS,"['FZ', 'CH', 'TD', 'RS']",FZ + CH,TD + RS,FZ|CH|TD|RS,"CH,FZ||RS,TD",False,False,0.6169134859112162,0.9985139321182421,0.9954205807032246,0.9954205807032246,0.4954205807032246
CH,TD,TT,RS,"['CH', 'TD', 'TT', 'RS']",CH + TD,TT + RS,CH|TD|TT|RS,"CH,TD||RS,TT",False,True,0.5490428908713818,0.9628402243432502,0.995458750443484,0.995458750443484,0.495458750443484
TD,CH,TT,RS,"['TD', 'CH', 'TT', 'RS']",TD + CH,TT + RS,TD|CH|TT|RS,"CH,TD||RS,TT",False,True,0.5490428908713818,0.9628402243432502,0.995458750443484,0.995458750443484,0.495458750443484
TD,TT,CH,RS,"['TD', 'TT', 'CH', 'RS']",TD + TT,CH + RS,TD|TT|CH|RS,"CH,RS||TD,TT",False,False,0.4420936329872544,0.6271802393674039,0.0044976272284918215,0.0044976272284918215,0.49550237277150816
TT,TD,CH,RS,"['TT', 'TD', 'CH', 'RS']",TT + TD,CH + RS,TT|TD|CH|RS,"CH,RS||TD,TT",False,False,0.4420936329872544,0.6271802393674039,0.0044976272284918215,0.0044976272284918215,0.49550237277150816
FZ,TT,AC,RS,"['FZ', 'TT', 'AC', 'RS']",FZ + TT,AC + RS,FZ|TT|AC|RS,"AC,RS||FZ,TT",False,False,0.5741932386619888,0.9801104331530155,0.995520168292087,0.995520168292087,0.495520168292087
FZ,TT,RS,AC,"['FZ', 'TT', 'RS', 'AC']",FZ + TT,RS + AC,FZ|TT|RS|AC,"AC,RS||FZ,TT",False,False,0.5741932386619888,0.9801104331530155,0.9955300363452563,0.9955300363452563,0.4955300363452563
AC,FZ,SY,TD,"['AC', 'FZ', 'SY', 'TD']",AC + FZ,SY + TD,AC|FZ|SY|TD,"AC,FZ||SY,TD",False,False,0.525753564037108,0.7210381412746854,0.9956148076320013,0.9956148076320013,0.4956148076320013
FZ,AC,TD,SY,"['FZ', 'AC', 'TD', 'SY']",FZ + AC,TD + SY,FZ|AC|TD|SY,"AC,FZ||SY,TD",False,False,0.525753564037108,0.7210381412746854,0.9956323770058052,0.9956323770058052,0.4956323770058052
CH,FZ,TD,SY,"['CH', 'FZ', 'TD', 'SY']",CH + FZ,TD + SY,CH|FZ|TD|SY,"CH,FZ||SY,TD",True,True,0.5813265091040247,0.8891717681689333,0.9956522181931811,0.9956522181931811,0.49565221819318106
FZ,CH,TD,SY,"['FZ', 'CH', 'TD', 'SY']",FZ + CH,TD + SY,FZ|CH|TD|SY,"CH,FZ||SY,TD",True,True,0.5813265091040247,0.8891717681689333,0.9956522181931811,0.9956522181931811,0.49565221819318106
CH,TT,AC,TD,"['CH', 'TT', 'AC', 'TD']",CH + TT,AC + TD,CH|TT|AC|TD,"AC,TD||CH,TT",False,False,0.5493996286400901,0.7436265274746252,0.99571209831031,0.99571209831031,0.49571209831031005
CH,TT,TD,AC,"['CH', 'TT', 'TD', 'AC']",CH + TT,TD + AC,CH|TT|TD|AC,"AC,TD||CH,TT",False,False,0.5493996286400901,0.7436265274746252,0.99571209831031,0.99571209831031,0.49571209831031005
TT,CH,AC,TD,"['TT', 'CH', 'AC', 'TD']",TT + CH,AC + TD,TT|CH|AC|TD,"AC,TD||CH,TT",False,False,0.5493996286400901,0.7436265274746252,0.99571209831031,0.99571209831031,0.49571209831031005
TT,CH,TD,AC,"['TT', 'CH', 'TD', 'AC']",TT + CH,TD + AC,TT|CH|TD|AC,"AC,TD||CH,TT",False,False,0.5493996286400901,0.7436265274746252,0.99571209831031,0.99571209831031,0.49571209831031005
SY,AC,TT,TD,"['SY', 'AC', 'TT', 'TD']",SY + AC,TT + TD,SY|AC|TT|TD,"AC,SY||TD,TT",False,True,0.5388715165200654,0.8487073511978087,0.9957656573861465,0.9957656573861465,0.49576565738614653
SY,AC,TD,TT,"['SY', 'AC', 'TD', 'TT']",SY + AC,TD + TT,SY|AC|TD|TT,"AC,SY||TD,TT",False,True,0.5388715165200654,0.8487073511978087,0.9957697483613219,0.9957697483613219,0.4957697483613219
CH,TD,RS,AC,"['CH', 'TD', 'RS', 'AC']",CH + TD,RS + AC,CH|TD|RS|AC,"AC,RS||CH,TD",False,False,0.5516113046046914,0.9488835596028453,0.995776626087723,0.995776626087723,0.495776626087723
TD,CH,RS,AC,"['TD', 'CH', 'RS', 'AC']",TD + CH,RS + AC,TD|CH|RS|AC,"AC,RS||CH,TD",False,False,0.5516113046046914,0.9488835596028453,0.995776626087723,0.995776626087723,0.495776626087723
CH,TD,AC,RS,"['CH', 'TD', 'AC', 'RS']",CH + TD,AC + RS,CH|TD|AC|RS,"AC,RS||CH,TD",False,False,0.5516113046046914,0.9488835596028453,0.9957807065104816,0.9957807065104816,0.49578070651048156
TD,CH,AC,RS,"['TD', 'CH', 'AC', 'RS']",TD + CH,AC + RS,TD|CH|AC|RS,"AC,RS||CH,TD",False,False,0.5516113046046914,0.9488835596028453,0.9957807065104816,0.9957807065104816,0.49578070651048156
SY,NS,CH,AC,"['SY', 'NS', 'CH', 'AC']",SY + NS,CH + AC,SY|NS|CH|AC,"AC,CH||NS,SY",False,True,0.5230082598441458,0.6385878469365802,0.9958483135713476,0.9958483135713476,0.4958483135713476
CH,FZ,RS,TD,"['CH', 'FZ', 'RS', 'TD']",CH + FZ,RS + TD,CH|FZ|RS|TD,"CH,FZ||RS,TD",False,False,0.6169134859112162,0.9985139321182421,0.9958857575951067,0.9958857575951067,0.49588575759510667
FZ,CH,RS,TD,"['FZ', 'CH', 'RS', 'TD']",FZ + CH,RS + TD,FZ|CH|RS|TD,"CH,FZ||RS,TD",False,False,0.6169134859112162,0.9985139321182421,0.9958857575951067,0.9958857575951067,0.49588575759510667
CH,NS,AC,RS,"['CH', 'NS', 'AC', 'RS']",CH + NS,AC + RS,CH|NS|AC|RS,"AC,RS||CH,NS",False,False,0.5704577662730276,0.983346246753342,0.9959196416888627,0.9959196416888627,0.4959196416888627
CH,NS,RS,AC,"['CH', 'NS', 'RS', 'AC']",CH + NS,RS + AC,CH|NS|RS|AC,"AC,RS||CH,NS",False,False,0.5704577662730276,0.983346246753342,0.9959286333914624,0.9959286333914624,0.4959286333914624
SY,TD,RS,AC,"['SY', 'TD', 'RS', 'AC']",SY + TD,RS + AC,SY|TD|RS|AC,"AC,RS||SY,TD",False,False,0.546241491135294,0.952175530747659,0.9959472177867345,0.9959472177867345,0.49594721778673445
TD,SY,RS,AC,"['TD', 'SY', 'RS', 'AC']",TD + SY,RS + AC,TD|SY|RS|AC,"AC,RS||SY,TD",False,False,0.546241491135294,0.952175530747659,0.9959472177867345,0.9959472177867345,0.49594721778673445
SY,TD,AC,RS,"['SY', 'TD', 'AC', 'RS']",SY + TD,AC + RS,SY|TD|AC|RS,"AC,RS||SY,TD",False,False,0.546241491135294,0.952175530747659,0.9959511340620715,0.9959511340620715,0.4959511340620715
TD,SY,AC,RS,"['TD', 'SY', 'AC', 'RS']",TD + SY,AC + RS,TD|SY|AC|RS,"AC,RS||SY,TD",False,False,0.546241491135294,0.952175530747659,0.9959511340620715,0.9959511340620715,0.4959511340620715
CH,NS,TD,AC,"['CH', 'NS', 'TD', 'AC']",CH + NS,TD + AC,CH|NS|TD|AC,"AC,TD||CH,NS",False,True,0.5748462210705225,0.8731508161805464,0.9961638817772221,0.9961638817772221,0.49616388177722215
FZ,AC,TD,CH,"['FZ', 'AC', 'TD', 'CH']",FZ + AC,TD + CH,FZ|AC|TD|CH,"AC,FZ||CH,TD",False,False,0.5203433561928663,0.7331638639650158,0.9963286035592296,0.9963286035592296,0.4963286035592296
SY,NS,CH,TD,"['SY', 'NS', 'CH', 'TD']",SY + NS,CH + TD,SY|NS|CH|TD,"CH,TD||NS,SY",True,True,0.5137087583999669,0.7095609680968836,0.9964084856830122,0.9964084856830122,0.4964084856830122
CH,FZ,SY,TD,"['CH', 'FZ', 'SY', 'TD']",CH + FZ,SY + TD,CH|FZ|SY|TD,"CH,FZ||SY,TD",False,True,0.5813265091040247,0.8891717681689333,0.996483987476905,0.996483987476905,0.49648398747690503
FZ,CH,SY,TD,"['FZ', 'CH', 'SY', 'TD']",FZ + CH,SY + TD,FZ|CH|SY|TD,"CH,FZ||SY,TD",False,True,0.5813265091040247,0.8891717681689333,0.996483987476905,0.996483987476905,0.49648398747690503
CH,NS,AC,TD,"['CH', 'NS', 'AC', 'TD']",CH + NS,AC + TD,CH|NS|AC|TD,"AC,TD||CH,NS",True,True,0.5748462210705225,0.8731508161805464,0.9965461998675825,0.9965461998675825,0.4965461998675825
NS,FZ,TD,SY,"['NS', 'FZ', 'TD', 'SY']",NS + FZ,TD + SY,NS|FZ|TD|SY,"FZ,NS||SY,TD",False,False,0.5540111128390955,0.8157433649940451,0.9966253044408884,0.9966253044408884,0.49662530444088837
RS,AC,TT,CH,"['RS', 'AC', 'TT', 'CH']",RS + AC,TT + CH,RS|AC|TT|CH,"AC,RS||CH,TT",False,False,0.4550435668110588,0.047159095842257845,0.0033712451444372674,0.0033712451444372674,0.49662875485556274
NS,SY,TD,TT,"['NS', 'SY', 'TD', 'TT']",NS + SY,TD + TT,NS|SY|TD|TT,"NS,SY||TD,TT",False,False,0.5669911845942928,0.9102273435387415,0.9966585088304163,0.9966585088304163,0.4966585088304163
RS,AC,CH,TT,"['RS', 'AC', 'CH', 'TT']",RS + AC,CH + TT,RS|AC|CH|TT,"AC,RS||CH,TT",False,False,0.4550435668110588,0.047159095842257845,0.003331162493385659,0.003331162493385659,0.49666883750661434
CH,FZ,RS,TT,"['CH', 'FZ', 'RS', 'TT']",CH + FZ,RS + TT,CH|FZ|RS|TT,"CH,FZ||RS,TT",False,True,0.6232435511918604,0.9984833523959816,0.9968035998203594,0.9968035998203594,0.4968035998203594
CH,FZ,TT,RS,"['CH', 'FZ', 'TT', 'RS']",CH + FZ,TT + RS,CH|FZ|TT|RS,"CH,FZ||RS,TT",False,True,0.6232435511918604,0.9984833523959816,0.9968035998203594,0.9968035998203594,0.4968035998203594
FZ,CH,RS,TT,"['FZ', 'CH', 'RS', 'TT']",FZ + CH,RS + TT,FZ|CH|RS|TT,"CH,FZ||RS,TT",True,True,0.6232435511918604,0.9984833523959816,0.9968035998203594,0.9968035998203594,0.4968035998203594
FZ,CH,TT,RS,"['FZ', 'CH', 'TT', 'RS']",FZ + CH,TT + RS,FZ|CH|TT|RS,"CH,FZ||RS,TT",False,True,0.6232435511918604,0.9984833523959816,0.9968035998203594,0.9968035998203594,0.4968035998203594
AC,CH,RS,TD,"['AC', 'CH', 'RS', 'TD']",AC + CH,RS + TD,AC|CH|RS|TD,"AC,CH||RS,TD",False,False,0.5331225588577008,0.9773887769731783,0.9968058238437054,0.9968058238437054,0.4968058238437054
AC,CH,TD,RS,"['AC', 'CH', 'TD', 'RS']",AC + CH,TD + RS,AC|CH|TD|RS,"AC,CH||RS,TD",False,False,0.5331225588577008,0.9773887769731783,0.996808913091155,0.996808913091155,0.49680891309115505
CH,SY,TD,AC,"['CH', 'SY', 'TD', 'AC']",CH + SY,TD + AC,CH|SY|TD|AC,"AC,TD||CH,SY",False,False,0.5965944068891982,0.9332014802435863,0.9968437167624107,0.9968437167624107,0.4968437167624107
SY,CH,TD,AC,"['SY', 'CH', 'TD', 'AC']",SY + CH,TD + AC,SY|CH|TD|AC,"AC,TD||CH,SY",False,False,0.5965944068891982,0.9332014802435863,0.9968437167624107,0.9968437167624107,0.4968437167624107
CH,FZ,AC,RS,"['CH', 'FZ', 'AC', 'RS']",CH + FZ,AC + RS,CH|FZ|AC|RS,"AC,RS||CH,FZ",False,False,0.6256774796347419,0.9975712942451388,0.9968761199907505,0.9968761199907505,0.49687611999075054
FZ,CH,AC,RS,"['FZ', 'CH', 'AC', 'RS']",FZ + CH,AC + RS,FZ|CH|AC|RS,"AC,RS||CH,FZ",False,False,0.6256774796347419,0.9975712942451388,0.9968761199907505,0.9968761199907505,0.49687611999075054
CH,FZ,RS,AC,"['CH', 'FZ', 'RS', 'AC']",CH + FZ,RS + AC,CH|FZ|RS|AC,"AC,RS||CH,FZ",False,False,0.6256774796347419,0.9975712942451388,0.9968830105417624,0.9968830105417624,0.4968830105417624
FZ,CH,RS,AC,"['FZ', 'CH', 'RS', 'AC']",FZ + CH,RS + AC,FZ|CH|RS|AC,"AC,RS||CH,FZ",False,False,0.6256774796347419,0.9975712942451388,0.9968830105417624,0.9968830105417624,0.4968830105417624
AC,RS,TT,CH,"['AC', 'RS', 'TT', 'CH']",AC + RS,TT + CH,AC|RS|TT|CH,"AC,RS||CH,TT",False,False,0.4550435668110588,0.047159095842257845,0.0030359260248396173,0.0030359260248396173,0.4969640739751604
NS,SY,TT,TD,"['NS', 'SY', 'TT', 'TD']",NS + SY,TT + TD,NS|SY|TT|TD,"NS,SY||TD,TT",False,False,0.5669911845942928,0.9102273435387415,0.9969983163177883,0.9969983163177883,0.49699831631778835
AC,RS,CH,TT,"['AC', 'RS', 'CH', 'TT']",AC + RS,CH + TT,AC|RS|CH|TT,"AC,RS||CH,TT",False,False,0.4550435668110588,0.047159095842257845,0.002999818173397266,0.002999818173397266,0.4970001818266027
FZ,AC,SY,TD,"['FZ', 'AC', 'SY', 'TD']",FZ + AC,SY + TD,FZ|AC|SY|TD,"AC,FZ||SY,TD",False,False,0.525753564037108,0.7210381412746854,0.9971470739361308,0.9971470739361308,0.4971470739361308
CH,SY,AC,TD,"['CH', 'SY', 'AC', 'TD']",CH + SY,AC + TD,CH|SY|AC|TD,"AC,TD||CH,SY",False,False,0.5965944068891982,0.9332014802435863,0.9971584738955768,0.9971584738955768,0.49715847389557677
SY,CH,AC,TD,"['SY', 'CH', 'AC', 'TD']",SY + CH,AC + TD,SY|CH|AC|TD,"AC,TD||CH,SY",False,False,0.5965944068891982,0.9332014802435863,0.9971584738955768,0.9971584738955768,0.49715847389557677
CH,AC,RS,TD,"['CH', 'AC', 'RS', 'TD']",CH + AC,RS + TD,CH|AC|RS|TD,"AC,CH||RS,TD",False,False,0.5331225588577008,0.9773887769731783,0.9971940555145133,0.9971940555145133,0.49719405551451334
CH,AC,TD,RS,"['CH', 'AC', 'TD', 'RS']",CH + AC,TD + RS,CH|AC|TD|RS,"AC,CH||RS,TD",False,False,0.5331225588577008,0.9773887769731783,0.9971967703396296,0.9971967703396296,0.4971967703396296
SY,TT,AC,TD,"['SY', 'TT', 'AC', 'TD']",SY + TT,AC + TD,SY|TT|AC|TD,"AC,TD||SY,TT",False,True,0.5440252230141457,0.7549109322090126,0.9972828281697298,0.9972828281697298,0.4972828281697298
SY,TT,TD,AC,"['SY', 'TT', 'TD', 'AC']",SY + TT,TD + AC,SY|TT|TD|AC,"AC,TD||SY,TT",False,True,0.5440252230141457,0.7549109322090126,0.9972828281697298,0.9972828281697298,0.4972828281697298
TT,SY,AC,TD,"['TT', 'SY', 'AC', 'TD']",TT + SY,AC + TD,TT|SY|AC|TD,"AC,TD||SY,TT",False,True,0.5440252230141457,0.7549109322090126,0.9972828281697298,0.9972828281697298,0.4972828281697298
TT,SY,TD,AC,"['TT', 'SY', 'TD', 'AC']",TT + SY,TD + AC,TT|SY|TD|AC,"AC,TD||SY,TT",False,True,0.5440252230141457,0.7549109322090126,0.9972828281697298,0.9972828281697298,0.4972828281697298
CH,AC,RS,TT,"['CH', 'AC', 'RS', 'TT']",CH + AC,RS + TT,CH|AC|RS|TT,"AC,CH||RS,TT",False,False,0.5398043485228289,0.9766726839904339,0.9973397139656202,0.9973397139656202,0.49733971396562016
AC,CH,RS,TT,"['AC', 'CH', 'RS', 'TT']",AC + CH,RS + TT,AC|CH|RS|TT,"AC,CH||RS,TT",False,False,0.5398043485228289,0.9766726839904339,0.9973614671676829,0.9973614671676829,0.4973614671676829
FZ,NS,TD,SY,"['FZ', 'NS', 'TD', 'SY']",FZ + NS,TD + SY,FZ|NS|TD|SY,"FZ,NS||SY,TD",False,False,0.5540111128390955,0.8157433649940451,0.9973855778603252,0.9973855778603252,0.4973855778603252
SY,NS,AC,RS,"['SY', 'NS', 'AC', 'RS']",SY + NS,AC + RS,SY|NS|AC|RS,"AC,RS||NS,SY",False,False,0.5651357219016315,0.9846391050550048,0.9974241633116386,0.9974241633116386,0.49742416331163863
SY,NS,RS,AC,"['SY', 'NS', 'RS', 'AC']",SY + NS,RS + AC,SY|NS|RS|AC,"AC,RS||NS,SY",False,False,0.5651357219016315,0.9846391050550048,0.9974298481235322,0.9974298481235322,0.4974298481235322
CH,AC,TT,RS,"['CH', 'AC', 'TT', 'RS']",CH + AC,TT + RS,CH|AC|TT|RS,"AC,CH||RS,TT",False,False,0.5398043485228289,0.9766726839904339,0.9974305590496864,0.9974305590496864,0.49743055904968636
FZ,AC,CH,TD,"['FZ', 'AC', 'CH', 'TD']",FZ + AC,CH + TD,FZ|AC|CH|TD,"AC,FZ||CH,TD",False,False,0.5203433561928663,0.7331638639650158,0.9974406091422471,0.9974406091422471,0.4974406091422471
AC,CH,TT,RS,"['AC', 'CH', 'TT', 'RS']",AC + CH,TT + RS,AC|CH|TT|RS,"AC,CH||RS,TT",False,False,0.5398043485228289,0.9766726839904339,0.9974515713081517,0.9974515713081517,0.49745157130815165
NS,SY,TD,AC,"['NS', 'SY', 'TD', 'AC']",NS + SY,TD + AC,NS|SY|TD|AC,"AC,TD||NS,SY",False,False,0.5695375203345044,0.8803526416623499,0.9974608906437624,0.9974608906437624,0.4974608906437624
CH,FZ,TD,AC,"['CH', 'FZ', 'TD', 'AC']",CH + FZ,TD + AC,CH|FZ|TD|AC,"AC,TD||CH,FZ",False,False,0.6298678214960232,0.970068432480857,0.9975128639802456,0.9975128639802456,0.49751286398024563
FZ,CH,TD,AC,"['FZ', 'CH', 'TD', 'AC']",FZ + CH,TD + AC,FZ|CH|TD|AC,"AC,TD||CH,FZ",False,False,0.6298678214960232,0.970068432480857,0.9975128639802456,0.9975128639802456,0.49751286398024563
NS,SY,AC,TD,"['NS', 'SY', 'AC', 'TD']",NS + SY,AC + TD,NS|SY|AC|TD,"AC,TD||NS,SY",False,False,0.5695375203345044,0.8803526416623499,0.9977142418668945,0.9977142418668945,0.4977142418668945
CH,FZ,AC,TD,"['CH', 'FZ', 'AC', 'TD']",CH + FZ,AC + TD,CH|FZ|AC|TD,"AC,TD||CH,FZ",False,False,0.6298678214960232,0.970068432480857,0.9977610409670743,0.9977610409670743,0.4977610409670743
FZ,CH,AC,TD,"['FZ', 'CH', 'AC', 'TD']",FZ + CH,AC + TD,FZ|CH|AC|TD,"AC,TD||CH,FZ",False,False,0.6298678214960232,0.970068432480857,0.9977610409670743,0.9977610409670743,0.4977610409670743
SY,FZ,AC,CH,"['SY', 'FZ', 'AC', 'CH']",SY + FZ,AC + CH,SY|FZ|AC|CH,"AC,CH||FZ,SY",True,True,0.5798350427864972,0.8657745963181154,0.9977820987080692,0.9977820987080692,0.4977820987080692
FZ,SY,AC,CH,"['FZ', 'SY', 'AC', 'CH']",FZ + SY,AC + CH,FZ|SY|AC|CH,"AC,CH||FZ,SY",True,True,0.5798350427864972,0.8657745963181154,0.9977825342868069,0.9977825342868069,0.49778253428680685
NS,FZ,SY,TD,"['NS', 'FZ', 'SY', 'TD']",NS + FZ,SY + TD,NS|FZ|SY|TD,"FZ,NS||SY,TD",False,False,0.5540111128390955,0.8157433649940451,0.9977890651911792,0.9977890651911792,0.49778906519117916
SY,FZ,AC,TT,"['SY', 'FZ', 'AC', 'TT']",SY + FZ,AC + TT,SY|FZ|AC|TT,"AC,TT||FZ,SY",False,True,0.6310754216427559,0.9714869372392643,0.9980383251528745,0.9980383251528745,0.4980383251528745
FZ,SY,AC,TT,"['FZ', 'SY', 'AC', 'TT']",FZ + SY,AC + TT,FZ|SY|AC|TT,"AC,TT||FZ,SY",True,True,0.6310754216427559,0.9714869372392643,0.9980387105096246,0.9980387105096246,0.49803871050962456
SY,FZ,TT,AC,"['SY', 'FZ', 'TT', 'AC']",SY + FZ,TT + AC,SY|FZ|TT|AC,"AC,TT||FZ,SY",False,True,0.6310754216427559,0.9714869372392643,0.9980426571837276,0.9980426571837276,0.49804265718372764
FZ,SY,TT,AC,"['FZ', 'SY', 'TT', 'AC']",FZ + SY,TT + AC,FZ|SY|TT|AC,"AC,TT||FZ,SY",False,True,0.6310754216427559,0.9714869372392643,0.9980430416911504,0.9980430416911504,0.49804304169115043
SY,FZ,CH,AC,"['SY', 'FZ', 'CH', 'AC']",SY + FZ,CH + AC,SY|FZ|CH|AC,"AC,CH||FZ,SY",False,True,0.5798350427864972,0.8657745963181154,0.9980909843565892,0.9980909843565892,0.49809098435658916
FZ,SY,CH,AC,"['FZ', 'SY', 'CH', 'AC']",FZ + SY,CH + AC,FZ|SY|CH|AC,"AC,CH||FZ,SY",True,True,0.5798350427864972,0.8657745963181154,0.9980913593886044,0.9980913593886044,0.4980913593886044
SY,TT,RS,AC,"['SY', 'TT', 'RS', 'AC']",SY + TT,RS + AC,SY|TT|RS|AC,"AC,RS||SY,TT",False,False,0.539573445246089,0.9559446109855247,0.9981681401989224,0.9981681401989224,0.4981681401989224
SY,TT,AC,RS,"['SY', 'TT', 'AC', 'RS']",SY + TT,AC + RS,SY|TT|AC|RS,"AC,RS||SY,TT",False,False,0.539573445246089,0.9559446109855247,0.9981699143010998,0.9981699143010998,0.4981699143010998
SY,FZ,NS,AC,"['SY', 'FZ', 'NS', 'AC']",SY + FZ,NS + AC,SY|FZ|NS|AC,"AC,NS||FZ,SY",False,True,0.6066916525023602,0.9224120926420847,0.9981724511206463,0.9981724511206463,0.49817245112064634
FZ,SY,NS,AC,"['FZ', 'SY', 'NS', 'AC']",FZ + SY,NS + AC,FZ|SY|NS|AC,"AC,NS||FZ,SY",False,True,0.6066916525023602,0.9224120926420847,0.9981728101775634,0.9981728101775634,0.49817281017756343
TT,SY,RS,AC,"['TT', 'SY', 'RS', 'AC']",TT + SY,RS + AC,TT|SY|RS|AC,"AC,RS||SY,TT",False,False,0.539573445246089,0.9559446109855247,0.998172923842925,0.998172923842925,0.498172923842925
TT,SY,AC,RS,"['TT', 'SY', 'AC', 'RS']",TT + SY,AC + RS,TT|SY|AC|RS,"AC,RS||SY,TT",False,False,0.539573445246089,0.9559446109855247,0.9981746933207561,0.9981746933207561,0.49817469332075615
FZ,NS,SY,TD,"['FZ', 'NS', 'SY', 'TD']",FZ + NS,SY + TD,FZ|NS|SY|TD,"FZ,NS||SY,TD",False,False,0.5540111128390955,0.8157433649940451,0.9982876094748647,0.9982876094748647,0.4982876094748647
SY,FZ,NS,CH,"['SY', 'FZ', 'NS', 'CH']",SY + FZ,NS + CH,SY|FZ|NS|CH,"CH,NS||FZ,SY",True,True,0.551890257356548,0.7847151584934173,0.9983269760245979,0.9983269760245979,0.49832697602459786
FZ,SY,NS,CH,"['FZ', 'SY', 'NS', 'CH']",FZ + SY,NS + CH,FZ|SY|NS|CH,"CH,NS||FZ,SY",False,True,0.551890257356548,0.7847151584934173,0.9983273047730182,0.9983273047730182,0.49832730477301823
SY,FZ,AC,NS,"['SY', 'FZ', 'AC', 'NS']",SY + FZ,AC + NS,SY|FZ|AC|NS,"AC,NS||FZ,SY",True,True,0.6066916525023602,0.9224120926420847,0.9983549202466799,0.9983549202466799,0.49835492024667993
FZ,SY,AC,NS,"['FZ', 'SY', 'AC', 'NS']",FZ + SY,AC + NS,FZ|SY|AC|NS,"AC,NS||FZ,SY",True,True,0.6066916525023602,0.9224120926420847,0.9983552435131203,0.9983552435131203,0.4983552435131203
SY,FZ,NS,TT,"['SY', 'FZ', 'NS', 'TT']",SY + FZ,NS + TT,SY|FZ|NS|TT,"FZ,SY||NS,TT",False,True,0.6042123653556358,0.9438955470295612,0.9983826865609116,0.9983826865609116,0.49838268656091156
FZ,SY,NS,TT,"['FZ', 'SY', 'NS', 'TT']",FZ + SY,NS + TT,FZ|SY|NS|TT,"FZ,SY||NS,TT",True,True,0.6042123653556358,0.9438955470295612,0.9983830043799689,0.9983830043799689,0.49838300437996885
SY,NS,TD,TT,"['SY', 'NS', 'TD', 'TT']",SY + NS,TD + TT,SY|NS|TD|TT,"NS,SY||TD,TT",False,False,0.5669911845942928,0.9102273435387415,0.99840428587861,0.99840428587861,0.49840428587860997
SY,FZ,RS,TT,"['SY', 'FZ', 'RS', 'TT']",SY + FZ,RS + TT,SY|FZ|RS|TT,"FZ,SY||RS,TT",False,False,0.6181377275948945,0.9986330189234751,0.9984073245786627,0.9984073245786627,0.49840732457866266
SY,FZ,TT,RS,"['SY', 'FZ', 'TT', 'RS']",SY + FZ,TT + RS,SY|FZ|TT|RS,"FZ,SY||RS,TT",False,False,0.6181377275948945,0.9986330189234751,0.9984073245786627,0.9984073245786627,0.49840732457866266
FZ,SY,RS,TT,"['FZ', 'SY', 'RS', 'TT']",FZ + SY,RS + TT,FZ|SY|RS|TT,"FZ,SY||RS,TT",False,False,0.6181377275948945,0.9986330189234751,0.9984076375638132,0.9984076375638132,0.49840763756381323
FZ,SY,TT,RS,"['FZ', 'SY', 'TT', 'RS']",FZ + SY,TT + RS,FZ|SY|TT|RS,"FZ,SY||RS,TT",False,False,0.6181377275948945,0.9986330189234751,0.9984076375638132,0.9984076375638132,0.49840763756381323
SY,FZ,TT,NS,"['SY', 'FZ', 'TT', 'NS']",SY + FZ,TT + NS,SY|FZ|TT|NS,"FZ,SY||NS,TT",False,True,0.6042123653556358,0.9438955470295612,0.9985474121567418,0.9985474121567418,0.4985474121567418
FZ,SY,TT,NS,"['FZ', 'SY', 'TT', 'NS']",FZ + SY,TT + NS,FZ|SY|TT|NS,"FZ,SY||NS,TT",False,True,0.6042123653556358,0.9438955470295612,0.9985476976525791,0.9985476976525791,0.4985476976525791
SY,NS,TT,TD,"['SY', 'NS', 'TT', 'TD']",SY + NS,TT + TD,SY|NS|TT|TD,"NS,SY||TD,TT",False,False,0.5669911845942928,0.9102273435387415,0.9985668147122577,0.9985668147122577,0.4985668147122577
SY,FZ,TD,TT,"['SY', 'FZ', 'TD', 'TT']",SY + FZ,TD + TT,SY|FZ|TD|TT,"FZ,SY||TD,TT",False,False,0.6223615297713484,0.9812075084578686,0.9986607730322138,0.9986607730322138,0.4986607730322138
FZ,SY,TD,TT,"['FZ', 'SY', 'TD', 'TT']",FZ + SY,TD + TT,FZ|SY|TD|TT,"FZ,SY||TD,TT",False,False,0.6223615297713484,0.9812075084578686,0.9986610362776511,0.9986610362776511,0.4986610362776511
FZ,NS,RS,TT,"['FZ', 'NS', 'RS', 'TT']",FZ + NS,RS + TT,FZ|NS|RS|TT,"FZ,NS||RS,TT",False,False,0.5967659699082072,0.9960980592132354,0.9986613786056161,0.9986613786056161,0.4986613786056161
NS,FZ,RS,TT,"['NS', 'FZ', 'RS', 'TT']",NS + FZ,RS + TT,NS|FZ|RS|TT,"FZ,NS||RS,TT",False,False,0.5967659699082072,0.9960980592132354,0.9986613786056161,0.9986613786056161,0.4986613786056161
SY,FZ,TD,RS,"['SY', 'FZ', 'TD', 'RS']",SY + FZ,TD + RS,SY|FZ|TD|RS,"FZ,SY||RS,TD",False,False,0.611775313510087,0.9986598724258215,0.9986957233668684,0.9986957233668684,0.4986957233668684
FZ,SY,TD,RS,"['FZ', 'SY', 'TD', 'RS']",FZ + SY,TD + RS,FZ|SY|TD|RS,"FZ,SY||RS,TD",False,False,0.611775313510087,0.9986598724258215,0.9986959797512561,0.9986959797512561,0.4986959797512561
FZ,NS,TT,RS,"['FZ', 'NS', 'TT', 'RS']",FZ + NS,TT + RS,FZ|NS|TT|RS,"FZ,NS||RS,TT",False,False,0.5967659699082072,0.9960980592132354,0.9987071491783903,0.9987071491783903,0.4987071491783903
NS,FZ,TT,RS,"['NS', 'FZ', 'TT', 'RS']",NS + FZ,TT + RS,NS|FZ|TT|RS,"FZ,NS||RS,TT",False,False,0.5967659699082072,0.9960980592132354,0.9987071491783903,0.9987071491783903,0.4987071491783903
SY,FZ,NS,TD,"['SY', 'FZ', 'NS', 'TD']",SY + FZ,NS + TD,SY|FZ|NS|TD,"FZ,SY||NS,TD",False,False,0.5977689107126434,0.9457161201453697,0.9987320140573308,0.9987320140573308,0.4987320140573308
SY,FZ,TD,NS,"['SY', 'FZ', 'TD', 'NS']",SY + FZ,TD + NS,SY|FZ|TD|NS,"FZ,SY||NS,TD",False,False,0.5977689107126434,0.9457161201453697,0.9987320140573308,0.9987320140573308,0.4987320140573308
FZ,SY,NS,TD,"['FZ', 'SY', 'NS', 'TD']",FZ + SY,NS + TD,FZ|SY|NS|TD,"FZ,SY||NS,TD",False,False,0.5977689107126434,0.9457161201453697,0.9987322633170371,0.9987322633170371,0.49873226331703713
FZ,SY,TD,NS,"['FZ', 'SY', 'TD', 'NS']",FZ + SY,TD + NS,FZ|SY|TD|NS,"FZ,SY||NS,TD",False,False,0.5977689107126434,0.9457161201453697,0.9987322633170371,0.9987322633170371,0.49873226331703713
FZ,NS,TD,RS,"['FZ', 'NS', 'TD', 'RS']",FZ + NS,TD + RS,FZ|NS|TD|RS,"FZ,NS||RS,TD",False,False,0.590283492018757,0.9961949331929761,0.9987509452937211,0.9987509452937211,0.4987509452937211
NS,FZ,TD,RS,"['NS', 'FZ', 'TD', 'RS']",NS + FZ,TD + RS,NS|FZ|TD|RS,"FZ,NS||RS,TD",False,False,0.590283492018757,0.9961949331929761,0.9987509452937211,0.9987509452937211,0.4987509452937211
SY,NS,TD,AC,"['SY', 'NS', 'TD', 'AC']",SY + NS,TD + AC,SY|NS|TD|AC,"AC,TD||NS,SY",False,False,0.5695375203345044,0.8803526416623499,0.9987879695112067,0.9987879695112067,0.49878796951120674
SY,FZ,TT,TD,"['SY', 'FZ', 'TT', 'TD']",SY + FZ,TT + TD,SY|FZ|TT|TD,"FZ,SY||TD,TT",False,False,0.6223615297713484,0.9812075084578686,0.9987972092612907,0.9987972092612907,0.4987972092612907
FZ,SY,TT,TD,"['FZ', 'SY', 'TT', 'TD']",FZ + SY,TT + TD,FZ|SY|TT|TD,"FZ,SY||TD,TT",False,False,0.6223615297713484,0.9812075084578686,0.9987974457204053,0.9987974457204053,0.4987974457204053
SY,FZ,RS,TD,"['SY', 'FZ', 'RS', 'TD']",SY + FZ,RS + TD,SY|FZ|RS|TD,"FZ,SY||RS,TD",False,False,0.611775313510087,0.9986598724258215,0.9988286031423396,0.9988286031423396,0.49882860314233957
FZ,SY,RS,TD,"['FZ', 'SY', 'RS', 'TD']",FZ + SY,RS + TD,FZ|SY|RS|TD,"FZ,SY||RS,TD",False,False,0.611775313510087,0.9986598724258215,0.9988288334369033,0.9988288334369033,0.4988288334369033
FZ,NS,RS,TD,"['FZ', 'NS', 'RS', 'TD']",FZ + NS,RS + TD,FZ|NS|RS|TD,"FZ,NS||RS,TD",False,False,0.590283492018757,0.9961949331929761,0.9988782053757058,0.9988782053757058,0.4988782053757058
NS,FZ,RS,TD,"['NS', 'FZ', 'RS', 'TD']",NS + FZ,RS + TD,NS|FZ|RS|TD,"FZ,NS||RS,TD",False,False,0.590283492018757,0.9961949331929761,0.9988782053757058,0.9988782053757058,0.4988782053757058
SY,NS,AC,TD,"['SY', 'NS', 'AC', 'TD']",SY + NS,AC + TD,SY|NS|AC|TD,"AC,TD||NS,SY",False,False,0.5695375203345044,0.8803526416623499,0.9989090502105016,0.9989090502105016,0.4989090502105016
FZ,NS,AC,RS,"['FZ', 'NS', 'AC', 'RS']",FZ + NS,AC + RS,FZ|NS|AC|RS,"AC,RS||FZ,NS",False,False,0.5992609653332882,0.9939958457683896,0.9989195679162591,0.9989195679162591,0.49891956791625913
NS,FZ,AC,RS,"['NS', 'FZ', 'AC', 'RS']",NS + FZ,AC + RS,NS|FZ|AC|RS,"AC,RS||FZ,NS",False,False,0.5992609653332882,0.9939958457683896,0.9989195679162591,0.9989195679162591,0.49891956791625913
FZ,NS,RS,AC,"['FZ', 'NS', 'RS', 'AC']",FZ + NS,RS + AC,FZ|NS|RS|AC,"AC,RS||FZ,NS",False,False,0.5992609653332882,0.9939958457683896,0.9989219559719185,0.9989219559719185,0.49892195597191846
NS,FZ,RS,AC,"['NS', 'FZ', 'RS', 'AC']",NS + FZ,RS + AC,NS|FZ|RS|AC,"AC,RS||FZ,NS",False,False,0.5992609653332882,0.9939958457683896,0.9989219559719185,0.9989219559719185,0.49892195597191846
SY,FZ,AC,RS,"['SY', 'FZ', 'AC', 'RS']",SY + FZ,AC + RS,SY|FZ|AC|RS,"AC,RS||FZ,SY",False,False,0.6205845604699434,0.9978027071929298,0.9990987287127217,0.9990987287127217,0.49909872871272165
FZ,SY,AC,RS,"['FZ', 'SY', 'AC', 'RS']",FZ + SY,AC + RS,FZ|SY|AC|RS,"AC,RS||FZ,SY",False,False,0.6205845604699434,0.9978027071929298,0.9990989059489827,0.9990989059489827,0.49909890594898265
SY,FZ,RS,AC,"['SY', 'FZ', 'RS', 'AC']",SY + FZ,RS + AC,SY|FZ|RS|AC,"AC,RS||FZ,SY",False,False,0.6205845604699434,0.9978027071929298,0.9991007211296439,0.9991007211296439,0.4991007211296439
FZ,SY,RS,AC,"['FZ', 'SY', 'RS', 'AC']",FZ + SY,RS + AC,FZ|SY|RS|AC,"AC,RS||FZ,SY",False,False,0.6205845604699434,0.9978027071929298,0.999100897974446,0.999100897974446,0.499100897974446
SY,FZ,CH,NS,"['SY', 'FZ', 'CH', 'NS']",SY + FZ,CH + NS,SY|FZ|CH|NS,"CH,NS||FZ,SY",False,True,0.551890257356548,0.7847151584934173,0.9991534197060512,0.9991534197060512,0.4991534197060512
FZ,SY,CH,NS,"['FZ', 'SY', 'CH', 'NS']",FZ + SY,CH + NS,FZ|SY|CH|NS,"CH,NS||FZ,SY",False,True,0.551890257356548,0.7847151584934173,0.9991535861963633,0.9991535861963633,0.4991535861963633
SY,FZ,TD,AC,"['SY', 'FZ', 'TD', 'AC']",SY + FZ,TD + AC,SY|FZ|TD|AC,"AC,TD||FZ,SY",False,False,0.6247977259497831,0.9723672511474017,0.9992434369267019,0.9992434369267019,0.4992434369267019
FZ,SY,TD,AC,"['FZ', 'SY', 'TD', 'AC']",FZ + SY,TD + AC,FZ|SY|TD|AC,"AC,TD||FZ,SY",False,False,0.6247977259497831,0.9723672511474017,0.9992435857274349,0.9992435857274349,0.4992435857274349
FZ,NS,TD,AC,"['FZ', 'NS', 'TD', 'AC']",FZ + NS,TD + AC,FZ|NS|TD|AC,"AC,TD||FZ,NS",False,True,0.6035596533374707,0.9402888602820262,0.999253625765525,0.999253625765525,0.499253625765525
NS,FZ,TD,AC,"['NS', 'FZ', 'TD', 'AC']",NS + FZ,TD + AC,NS|FZ|TD|AC,"AC,TD||FZ,NS",False,True,0.6035596533374707,0.9402888602820262,0.999253625765525,0.999253625765525,0.499253625765525
SY,FZ,AC,TD,"['SY', 'FZ', 'AC', 'TD']",SY + FZ,AC + TD,SY|FZ|AC|TD,"AC,TD||FZ,SY",False,False,0.6247977259497831,0.9723672511474017,0.9993190478834846,0.9993190478834846,0.4993190478834846
FZ,SY,AC,TD,"['FZ', 'SY', 'AC', 'TD']",FZ + SY,AC + TD,FZ|SY|AC|TD,"AC,TD||FZ,SY",False,False,0.6247977259497831,0.9723672511474017,0.9993191818231958,0.9993191818231958,0.4993191818231958
FZ,NS,AC,TD,"['FZ', 'NS', 'AC', 'TD']",FZ + NS,AC + TD,FZ|NS|AC|TD,"AC,TD||FZ,NS",False,True,0.6035596533374707,0.9402888602820262,0.9993282191337476,0.9993282191337476,0.4993282191337476
NS,FZ,AC,TD,"['NS', 'FZ', 'AC', 'TD']",NS + FZ,AC + TD,NS|FZ|AC|TD,"AC,TD||FZ,NS",True,True,0.6035596533374707,0.9402888602820262,0.9993282191337476,0.9993282191337476,0.4993282191337476
SY,FZ,TD,CH,"['SY', 'FZ', 'TD', 'CH']",SY + FZ,TD + CH,SY|FZ|TD|CH,"CH,TD||FZ,SY",False,True,0.5707341185037352,0.902299017806124,0.9994385003554027,0.9994385003554027,0.4994385003554027
FZ,SY,TD,CH,"['FZ', 'SY', 'TD', 'CH']",FZ + SY,TD + CH,FZ|SY|TD|CH,"CH,TD||FZ,SY",False,True,0.5707341185037352,0.902299017806124,0.9994386108126382,0.9994386108126382,0.4994386108126382
SY,FZ,CH,TD,"['SY', 'FZ', 'CH', 'TD']",SY + FZ,CH + TD,SY|FZ|CH|TD,"CH,TD||FZ,SY",False,True,0.5707341185037352,0.902299017806124,0.9995171746514823,0.9995171746514823,0.49951717465148227
FZ,SY,CH,TD,"['FZ', 'SY', 'CH', 'TD']",FZ + SY,CH + TD,FZ|SY|CH|TD,"CH,TD||FZ,SY",False,True,0.5707341185037352,0.902299017806124,0.999517269639522,0.999517269639522,0.49951726963952203
FZ,NS,TD,TT,"['FZ', 'NS', 'TD', 'TT']",FZ + NS,TD + TT,FZ|NS|TD|TT,"FZ,NS||TD,TT",False,False,0.6010736050463715,0.9573419660794326,0.9995291247384847,0.9995291247384847,0.49952912473848465
NS,FZ,TD,TT,"['NS', 'FZ', 'TD', 'TT']",NS + FZ,TD + TT,NS|FZ|TD|TT,"FZ,NS||TD,TT",False,False,0.6010736050463715,0.9573419660794326,0.9995291247384847,0.9995291247384847,0.49952912473848465
FZ,NS,TT,TD,"['FZ', 'NS', 'TT', 'TD']",FZ + NS,TT + TD,FZ|NS|TT|TD,"FZ,NS||TD,TT",False,False,0.6010736050463715,0.9573419660794326,0.9995771334873612,0.9995771334873612,0.4995771334873612
NS,FZ,TT,TD,"['NS', 'FZ', 'TT', 'TD']",NS + FZ,TT + TD,NS|FZ|TT|TD,"FZ,NS||TD,TT",False,False,0.6010736050463715,0.9573419660794326,0.9995771334873612,0.9995771334873612,0.4995771334873612
