p1,p2,p3,p4,players,team1,team2,ordered_key,unique_key,played_ordered,played_unique,elo_pred_team1_win_prob,trueskill_pred_team1_win_prob,tree_pred_team1_win_prob,forest_pred_team1_win_prob,context_meta_pred_team1_win_prob,v3_meta_pred_team1_win_prob,ensemble_pred_team1_win_prob,sort_prob,closeness
RS,SY,AC,TD,"['RS', 'SY', 'AC', 'TD']",RS + SY,AC + TD,RS|SY|AC|TD,"AC,TD||RS,SY",False,False,0.7055597731885586,0.7640809017212234,0.47598300355970513,0.43462209419418907,0.601655031768952,0.6452290088148438,0.4997649398483466,0.4997649398483466,0.0002350601516534212
TD,NS,RS,AC,"['TD', 'NS', 'RS', 'AC']",TD + NS,RS + AC,TD|NS|RS|AC,"AC,RS||NS,TD",False,False,0.6114562407815121,0.6309163315225448,0.42742006648333447,0.39144661940862363,0.6729140794585245,0.546613104965475,0.501218928828085,0.501218928828085,0.001218928828085053
FZ,AC,SY,NS,"['FZ', 'AC', 'SY', 'NS']",FZ + AC,SY + NS,FZ|AC|SY|NS,"AC,FZ||NS,SY",False,False,0.5408897538852158,0.5255283515176072,0.48205677902094096,0.4953563726821485,0.5020391638215355,0.5046065957744299,0.49796266122650945,0.49796266122650945,0.002037338773490549
SY,TT,TD,FZ,"['SY', 'TT', 'TD', 'FZ']",SY + TT,TD + FZ,SY|TT|TD|FZ,"FZ,TD||SY,TT",False,False,0.5797414557491664,0.652361575587503,0.7207700521013313,0.4217461052231604,0.6171423252836056,0.6185729782360991,0.49795063104673404,0.49795063104673404,0.002049368953265962
NS,SY,FZ,AC,"['NS', 'SY', 'FZ', 'AC']",NS + SY,FZ + AC,NS|SY|FZ|AC,"AC,FZ||NS,SY",False,False,0.45911024611478435,0.47447164848239276,0.3043821262007079,0.42995450298687793,0.6041898929371542,0.4431733636344583,0.4979063050674857,0.4979063050674857,0.002093694932514323
AC,NS,RS,SY,"['AC', 'NS', 'RS', 'SY']",AC + NS,RS + SY,AC|NS|RS|SY,"AC,NS||RS,SY",False,False,0.5685114257789001,0.5800341639851929,0.08847666069423223,0.34511415955247643,0.7350560959230016,0.5687870469887619,0.49719151473698125,0.49719151473698125,0.002808485263018745
AC,SY,CH,RS,"['AC', 'SY', 'CH', 'RS']",AC + SY,CH + RS,AC|SY|CH|RS,"AC,SY||CH,RS",False,True,0.5237445659056948,0.6704181640467419,0.41996622367230135,0.3579466184388671,0.7323011716934771,0.6002432244066116,0.503944894208165,0.503944894208165,0.003944894208165017
CH,NS,AC,FZ,"['CH', 'NS', 'AC', 'FZ']",CH + NS,AC + FZ,CH|NS|AC|FZ,"AC,FZ||CH,NS",True,True,0.5282278765167094,0.4858704633434883,0.17622172856161478,0.3874669750489765,0.6648471710706204,0.4866961113518946,0.49564525149741756,0.49564525149741756,0.0043547485025824395
CH,AC,FZ,RS,"['CH', 'AC', 'FZ', 'RS']",CH + AC,FZ + RS,CH|AC|FZ|RS,"AC,CH||FZ,RS",False,True,0.4674149524805343,0.5150257405046784,0.490639946251851,0.3834299391436703,0.6711279977716844,0.6040376444046737,0.4956321820085958,0.4956321820085958,0.004367817991404177
TT,SY,TD,FZ,"['TT', 'SY', 'TD', 'FZ']",TT + SY,TD + FZ,TT|SY|TD|FZ,"FZ,TD||SY,TT",False,False,0.5797414557491664,0.652361575587503,0.4624676550937864,0.41356668792991996,0.6467625481016493,0.6151564774833778,0.5045130733968944,0.5045130733968944,0.00451307339689444
FZ,AC,CH,SY,"['FZ', 'AC', 'CH', 'SY']",FZ + AC,CH + SY,FZ|AC|CH|SY,"AC,FZ||CH,SY",False,True,0.4478755978643938,0.4072727546449011,0.5271063065552848,0.47572103140405597,0.5254408318690165,0.41981114643113276,0.49511175358539056,0.49511175358539056,0.004888246414609443
NS,TT,RS,FZ,"['NS', 'TT', 'RS', 'FZ']",NS + TT,RS + FZ,NS|TT|RS|FZ,"FZ,RS||NS,TT",False,True,0.5158347286813788,0.5253667874671687,0.12876976729442394,0.3938271155799448,0.6787235909398246,0.5838707750109622,0.504936740970298,0.504936740970298,0.004936740970297948
SY,RS,AC,TD,"['SY', 'RS', 'AC', 'TD']",SY + RS,AC + TD,SY|RS|AC|TD,"AC,TD||RS,SY",False,False,0.7055597731885586,0.7640809017212234,0.47522937298460227,0.44549709419418904,0.5979394440043075,0.650201692756634,0.5049496106201352,0.5049496106201352,0.004949610620135214
TD,FZ,TT,NS,"['TD', 'FZ', 'TT', 'NS']",TD + FZ,TT + NS,TD|FZ|TT|NS,"FZ,TD||NS,TT",True,True,0.4438661490907935,0.4503941294923061,0.2826096124945486,0.3550385167632625,0.7395841311650566,0.3706270162747845,0.5050113063799622,0.5050113063799622,0.005011306379962166
RS,FZ,TD,CH,"['RS', 'FZ', 'TD', 'CH']",RS + FZ,TD + CH,RS|FZ|TD|CH,"CH,TD||FZ,RS",False,True,0.6603058758816343,0.6883334840178165,0.1832342861154179,0.41737645580025046,0.6149100700767184,0.6379764300173401,0.49441456536807293,0.49441456536807293,0.0055854346319270665
FZ,RS,TD,CH,"['FZ', 'RS', 'TD', 'CH']",FZ + RS,TD + CH,FZ|RS|TD|CH,"CH,TD||FZ,RS",False,True,0.6603058758816343,0.6883334840178165,0.171142798436485,0.45747336618741513,0.5817294321880777,0.6376939110844295,0.5059332319276736,0.5059332319276736,0.005933231927673588
CH,TD,RS,AC,"['CH', 'TD', 'RS', 'AC']",CH + TD,RS + AC,CH|TD|RS|AC,"AC,RS||CH,TD",False,True,0.6956398945992462,0.7353958913927405,0.7207682642990598,0.4221694280764157,0.6063773065877065,0.6540692809566577,0.4940105006958191,0.4940105006958191,0.005989499304180912
FZ,RS,TT,AC,"['FZ', 'RS', 'TT', 'AC']",FZ + RS,TT + AC,FZ|RS|TT|AC,"AC,TT||FZ,RS",False,True,0.6346466314890574,0.6304815381227118,0.8980411099687196,0.490210854328801,0.499566991550085,0.6110997831596878,0.4938597478451018,0.4938597478451018,0.006140252154898218
FZ,AC,NS,SY,"['FZ', 'AC', 'NS', 'SY']",FZ + AC,NS + SY,FZ|AC|NS|SY,"AC,FZ||NS,SY",False,False,0.5408897538852158,0.5255283515176072,0.48205677902094096,0.5015647060154819,0.4815770385083942,0.49466165608465756,0.49376951568771765,0.49376951568771765,0.006230484312282347
FZ,RS,AC,TT,"['FZ', 'RS', 'AC', 'TT']",FZ + RS,AC + TT,FZ|RS|AC|TT,"AC,TT||FZ,RS",False,True,0.6346466314890574,0.6304815381227118,0.8955299919209662,0.5062111790041255,0.4742400618805636,0.6254078109132911,0.49374244332593636,0.49374244332593636,0.006257556674063636
TD,FZ,NS,TT,"['TD', 'FZ', 'NS', 'TT']",TD + FZ,NS + TT,TD|FZ|NS|TT,"FZ,TD||NS,TT",False,True,0.4438661490907935,0.4503941294923061,0.2771417275421461,0.35644068498268516,0.7422243605043615,0.38513072881791344,0.5068963184361389,0.5068963184361389,0.006896318436138915
SY,TT,FZ,RS,"['SY', 'TT', 'FZ', 'RS']",SY + TT,FZ + RS,SY|TT|FZ|RS,"FZ,RS||SY,TT",False,True,0.5398121130531834,0.6293662216804572,0.399822792252642,0.3689282243838635,0.686943042406788,0.6173339580738182,0.49295400341280404,0.49295400341280404,0.007045996587195957
TD,CH,RS,AC,"['TD', 'CH', 'RS', 'AC']",TD + CH,RS + AC,TD|CH|RS|AC,"AC,RS||CH,TD",False,True,0.6956398945992462,0.7353958913927405,0.7207682642990598,0.422814164918521,0.5998904785907271,0.6606249743632737,0.49187392725068135,0.49187392725068135,0.008126072749318647
AC,SY,CH,TD,"['AC', 'SY', 'CH', 'TD']",AC + SY,CH + TD,AC|SY|CH|TD,"AC,SY||CH,TD",False,True,0.5639418678212528,0.6925185542130574,0.33677198966048233,0.41435199708769,0.6554970755568832,0.671475469607832,0.5083985776906753,0.5083985776906753,0.008398577690675313
CH,NS,FZ,AC,"['CH', 'NS', 'FZ', 'AC']",CH + NS,FZ + AC,CH|NS|FZ|AC,"AC,FZ||CH,NS",True,True,0.5282278765167094,0.4858704633434883,0.24366523762369915,0.43735895842201467,0.6200201105629239,0.5339368024406038,0.5085968077569694,0.5085968077569694,0.00859680775696936
AC,CH,FZ,RS,"['AC', 'CH', 'FZ', 'RS']",AC + CH,FZ + RS,AC|CH|FZ|RS,"AC,CH||FZ,RS",True,True,0.4674149524805343,0.5150257405046784,0.16484777064731088,0.3543936085038977,0.7042071563450836,0.6181140712004561,0.4908208921619602,0.4908208921619602,0.009179107838039824
NS,AC,RS,SY,"['NS', 'AC', 'RS', 'SY']",NS + AC,RS + SY,NS|AC|RS|SY,"AC,NS||RS,SY",False,False,0.5685114257789001,0.5800341639851929,0.319584665398753,0.3959204882156531,0.692558721866553,0.5987621960031887,0.5116093993395041,0.5116093993395041,0.011609399339504112
NS,TD,RS,AC,"['NS', 'TD', 'RS', 'AC']",NS + TD,RS + AC,NS|TD|RS|AC,"AC,RS||NS,TD",False,False,0.6114562407815121,0.6309163315225448,0.42742006648333447,0.38372063679335533,0.712268238077585,0.5360278110857483,0.5118542012942049,0.5118542012942049,0.011854201294204891
TT,NS,RS,FZ,"['TT', 'NS', 'RS', 'FZ']",TT + NS,RS + FZ,TT|NS|RS|FZ,"FZ,RS||NS,TT",False,True,0.5158347286813788,0.5253667874671687,0.12876976729442394,0.3997265140498017,0.6881707070215539,0.5650563505875231,0.512219749308785,0.512219749308785,0.012219749308785
NS,CH,AC,FZ,"['NS', 'CH', 'AC', 'FZ']",NS + CH,AC + FZ,NS|CH|AC|FZ,"AC,FZ||CH,NS",True,True,0.5282278765167094,0.4858704633434883,0.17622172856161478,0.38497445078005343,0.6479877825750449,0.45155441883886627,0.4875496501801001,0.4875496501801001,0.012450349819899897
TT,SY,FZ,RS,"['TT', 'SY', 'FZ', 'RS']",TT + SY,FZ + RS,TT|SY|FZ|RS,"FZ,RS||SY,TT",False,True,0.5398121130531834,0.6293662216804572,0.18169578775285358,0.3510756599874148,0.6994455202835604,0.6039999788241598,0.4869399055029116,0.4869399055029116,0.013060094497088393
AC,SY,RS,CH,"['AC', 'SY', 'RS', 'CH']",AC + SY,RS + CH,AC|SY|RS|CH,"AC,SY||CH,RS",False,True,0.5237445659056948,0.6704181640467419,0.2362463848157893,0.36073757803886364,0.7522294782291375,0.6128241787862843,0.5134194191130705,0.5134194191130705,0.013419419113070541
FZ,AC,SY,CH,"['FZ', 'AC', 'SY', 'CH']",FZ + AC,SY + CH,FZ|AC|SY|CH,"AC,FZ||CH,SY",False,True,0.4478755978643938,0.4072727546449011,0.47620498164511316,0.477846031404056,0.49988990198206196,0.42667378683774937,0.4864431409294784,0.4864431409294784,0.01355685907052162
NS,SY,AC,FZ,"['NS', 'SY', 'AC', 'FZ']",NS + SY,AC + FZ,NS|SY|AC|FZ,"AC,FZ||NS,SY",False,False,0.45911024611478435,0.47447164848239276,0.18937856757182422,0.38961375148513794,0.7095907295640782,0.40063852678137357,0.5144047729359247,0.5144047729359247,0.014404772935924681
FZ,TD,NS,TT,"['FZ', 'TD', 'NS', 'TT']",FZ + TD,NS + TT,FZ|TD|NS|TT,"FZ,TD||NS,TT",False,True,0.4438661490907935,0.4503941294923061,0.2077927528097154,0.38719872459304844,0.7154210546456311,0.38120204482388015,0.5152054333135557,0.5152054333135557,0.015205433313555727
TT,SY,CH,AC,"['TT', 'SY', 'CH', 'AC']",TT + SY,CH + AC,TT|SY|CH|AC,"AC,CH||SY,TT",False,False,0.5720234225069297,0.6161361639411964,0.37351467399667515,0.46424076040604567,0.5956972227135131,0.6277180059208923,0.515508780705958,0.515508780705958,0.015508780705957959
SY,TT,FZ,TD,"['SY', 'TT', 'FZ', 'TD']",SY + TT,FZ + TD,SY|TT|FZ|TD,"FZ,TD||SY,TT",False,False,0.5797414557491664,0.652361575587503,0.728984462418078,0.44177463340793854,0.6346741179196348,0.642804599403134,0.5170054323675001,0.5170054323675001,0.017005432367500073
TT,SY,FZ,TD,"['TT', 'SY', 'FZ', 'TD']",TT + SY,FZ + TD,TT|SY|FZ|TD,"FZ,TD||SY,TT",False,False,0.5797414557491664,0.652361575587503,0.472721966716273,0.4272647366626433,0.659023177279413,0.6444162469795398,0.5176505285031835,0.5176505285031835,0.017650528503183494
RS,FZ,AC,TT,"['RS', 'FZ', 'AC', 'TT']",RS + FZ,AC + TT,RS|FZ|AC|TT,"AC,TT||FZ,RS",True,True,0.6346466314890574,0.6304815381227118,0.902871754552141,0.4553563140715067,0.5234800746326541,0.6027447764833103,0.48192458069035415,0.48192458069035415,0.018075419309645846
CH,TD,TT,RS,"['CH', 'TD', 'TT', 'RS']",CH + TD,TT + RS,CH|TD|TT|RS,"CH,TD||RS,TT",False,True,0.5645262348663934,0.6210205103225953,0.656201763233681,0.43458720522655364,0.5540522589899814,0.5710452393219069,0.4811785761942905,0.4811785761942905,0.018821423805709503
AC,NS,SY,RS,"['AC', 'NS', 'SY', 'RS']",AC + NS,SY + RS,AC|NS|SY|RS,"AC,NS||RS,SY",False,False,0.5685114257789001,0.5800341639851929,0.2692448020091409,0.3600932039099453,0.7679327298534938,0.5873221852642114,0.5191506190279292,0.5191506190279292,0.01915061902792925
AC,SY,TD,CH,"['AC', 'SY', 'TD', 'CH']",AC + SY,TD + CH,AC|SY|TD|CH,"AC,SY||CH,TD",False,True,0.5639418678212528,0.6925185542130574,0.13423260915596164,0.40870687112663945,0.6928386743616505,0.6788302880164008,0.5195182743882938,0.5195182743882938,0.019518274388293788
AC,CH,RS,FZ,"['AC', 'CH', 'RS', 'FZ']",AC + CH,RS + FZ,AC|CH|RS|FZ,"AC,CH||FZ,RS",False,True,0.4674149524805343,0.5150257405046784,0.2292099312698933,0.3541624279049474,0.6738708073429397,0.5817532442492568,0.4788486958857644,0.4788486958857644,0.021151304114235603
SY,AC,CH,RS,"['SY', 'AC', 'CH', 'RS']",SY + AC,CH + RS,SY|AC|CH|RS,"AC,SY||CH,RS",False,True,0.5237445659056948,0.6704181640467419,0.7631104418678383,0.40877629236174023,0.6981254133290278,0.6144202892964805,0.5216224495389824,0.5216224495389824,0.021622449538982402
TD,FZ,CH,RS,"['TD', 'FZ', 'CH', 'RS']",TD + FZ,CH + RS,TD|FZ|CH|RS,"CH,RS||FZ,TD",False,False,0.5842891168397892,0.644304197985938,0.5101601137732079,0.3545650081333695,0.7836052133439043,0.6207655853035845,0.5218906881654781,0.5218906881654781,0.021890688165478123
TT,SY,AC,CH,"['TT', 'SY', 'AC', 'CH']",TT + SY,AC + CH,TT|SY|AC|CH,"AC,CH||SY,TT",False,False,0.5720234225069297,0.6161361639411964,0.3425033589383501,0.46735585524271583,0.611248496651861,0.630649016760225,0.5234739853922824,0.5234739853922824,0.023473985392282404
SY,NS,FZ,AC,"['SY', 'NS', 'FZ', 'AC']",SY + NS,FZ + AC,SY|NS|FZ|AC,"AC,FZ||NS,SY",False,False,0.45911024611478435,0.47447164848239276,0.5715767192444087,0.46528712725265714,0.6146935036452642,0.5087958460621148,0.5235556140457739,0.5235556140457739,0.023555614045773887
NS,CH,FZ,AC,"['NS', 'CH', 'FZ', 'AC']",NS + CH,FZ + AC,NS|CH|FZ|AC,"AC,FZ||CH,NS",False,True,0.5282278765167094,0.4858704633434883,0.24366523762369915,0.4212664341530917,0.5624310584922582,0.4816066622940013,0.4763206376453666,0.4763206376453666,0.023679362354633415
CH,AC,RS,FZ,"['CH', 'AC', 'RS', 'FZ']",CH + AC,RS + FZ,CH|AC|RS|FZ,"AC,CH||FZ,RS",False,True,0.4674149524805343,0.5150257405046784,0.5920313473640666,0.3745728245472108,0.63427258394312,0.5836389697116158,0.4758557307116154,0.4758557307116154,0.02414426928838459
FZ,AC,CH,NS,"['FZ', 'AC', 'CH', 'NS']",FZ + AC,CH + NS,FZ|AC|CH|NS,"AC,FZ||CH,NS",True,True,0.47177212348329056,0.5141295366565117,0.08519684828682418,0.42553122792813497,0.5542882442153692,0.5184541133504807,0.4757464642801563,0.4757464642801563,0.024253535719843677
AC,FZ,SY,NS,"['AC', 'FZ', 'SY', 'NS']",AC + FZ,SY + NS,AC|FZ|SY|NS,"AC,FZ||NS,SY",False,False,0.5408897538852158,0.5255283515176072,0.2942583806467288,0.3899514179623153,0.6089266219276468,0.5259089498244933,0.4753517475087946,0.4753517475087946,0.02464825249120539
RS,FZ,TT,NS,"['RS', 'FZ', 'TT', 'NS']",RS + FZ,TT + NS,RS|FZ|TT|NS,"FZ,RS||NS,TT",True,True,0.4841652713186211,0.47463321253283125,0.3314597257491166,0.329975366720476,0.7024417558629296,0.4310006278546211,0.47523725848603293,0.47523725848603293,0.024762741513967068
RS,FZ,CH,TD,"['RS', 'FZ', 'CH', 'TD']",RS + FZ,CH + TD,RS|FZ|CH|TD,"CH,TD||FZ,RS",False,True,0.6603058758816343,0.6883334840178165,0.40468917315056424,0.4291998684986632,0.6746790020161755,0.6335843493135191,0.5249367305704931,0.5249367305704931,0.02493673057049306
RS,FZ,TT,AC,"['RS', 'FZ', 'TT', 'AC']",RS + FZ,TT + AC,RS|FZ|TT|AC,"AC,TT||FZ,RS",False,True,0.6346466314890574,0.6304815381227118,0.9052250768137785,0.4447176055577981,0.5206455471458029,0.6044318253473234,0.47432950277712,0.47432950277712,0.025670497222880007
NS,TT,FZ,RS,"['NS', 'TT', 'FZ', 'RS']",NS + TT,FZ + RS,NS|TT|FZ|RS,"FZ,RS||NS,TT",True,True,0.5158347286813788,0.5253667874671687,0.09292601974013251,0.3977044595544635,0.7259487009116699,0.6117532268902035,0.525719713683774,0.525719713683774,0.025719713683774015
RS,FZ,NS,AC,"['RS', 'FZ', 'NS', 'AC']",RS + FZ,NS + AC,RS|FZ|NS|AC,"AC,NS||FZ,RS",False,True,0.6233303683430563,0.602040430839962,0.25032026155165704,0.41592806392529363,0.6975952000068208,0.5178595602327362,0.5257782469970893,0.5257782469970893,0.025778246997089305
AC,FZ,NS,SY,"['AC', 'FZ', 'NS', 'SY']",AC + FZ,NS + SY,AC|FZ|NS|SY,"AC,FZ||NS,SY",False,False,0.5408897538852158,0.5255283515176072,0.2942583806467288,0.3959514179623153,0.5960777610136457,0.5119541572424928,0.47400069175233417,0.47400069175233417,0.02599930824766583
AC,FZ,NS,TT,"['AC', 'FZ', 'NS', 'TT']",AC + FZ,NS + TT,AC|FZ|NS|TT,"AC,FZ||NS,TT",True,True,0.5765548427274185,0.6588211614178392,0.4266790869159833,0.497603750758811,0.5718529765311656,0.5569022866381678,0.5265609488100294,0.5265609488100294,0.02656094881002935
FZ,TD,TT,NS,"['FZ', 'TD', 'TT', 'NS']",FZ + TD,TT + NS,FZ|TD|TT|NS,"FZ,TD||NS,TT",False,True,0.4438661490907935,0.4503941294923061,0.2122942430341935,0.38785012780219724,0.7439108822055278,0.39077918626864055,0.5267138220194961,0.5267138220194961,0.026713822019496125
TT,AC,SY,RS,"['TT', 'AC', 'SY', 'RS']",TT + AC,SY + RS,TT|AC|SY|RS,"AC,TT||RS,SY",False,False,0.5565779506174559,0.5504158956448203,0.3665365869378558,0.4255497754951316,0.5476624018949031,0.5714295091250634,0.4731736997910425,0.4731736997910425,0.026826300208957488
NS,AC,RS,CH,"['NS', 'AC', 'RS', 'CH']",NS + AC,RS + CH,NS|AC|RS|CH,"AC,NS||CH,RS",False,True,0.4997058944977087,0.5691098078241181,0.2464582312529331,0.34461373002279033,0.6704084242534918,0.5263349877948603,0.47167366077276396,0.47167366077276396,0.02832633922723604
SY,CH,FZ,TT,"['SY', 'CH', 'FZ', 'TT']",SY + CH,FZ + TT,SY|CH|FZ|TT,"CH,SY||FZ,TT",True,True,0.411489710446302,0.46402953474230557,0.6205243635737765,0.4933831344471173,0.5844600691346739,0.43025771506792077,0.5289031389752643,0.5289031389752643,0.02890313897526431
AC,NS,TD,TT,"['AC', 'NS', 'TD', 'TT']",AC + NS,TD + TT,AC|NS|TD|TT,"AC,NS||TD,TT",False,False,0.6416717886045051,0.7277156894490447,0.2024209809093489,0.44855865510599124,0.655181253537039,0.7081042114832014,0.5291414684940998,0.5291414684940998,0.02914146849409982
SY,AC,CH,TD,"['SY', 'AC', 'CH', 'TD']",SY + AC,CH + TD,SY|AC|CH|TD,"AC,SY||CH,TD",False,True,0.5639418678212528,0.6925185542130574,0.7180074344047539,0.47257305435756136,0.618014957962243,0.6618252189713837,0.5292953967633872,0.5292953967633872,0.029295396763387216
CH,NS,RS,FZ,"['CH', 'NS', 'RS', 'FZ']",CH + NS,RS + FZ,CH|NS|RS|FZ,"CH,NS||FZ,RS",False,True,0.6189368778375494,0.6685455760286974,0.2450725652285181,0.5309515155755932,0.52682895962564,0.7511602426425064,0.5293437187551114,0.5293437187551114,0.029343718755111436
TT,CH,RS,FZ,"['TT', 'CH', 'RS', 'FZ']",TT + CH,RS + FZ,TT|CH|RS|FZ,"CH,TT||FZ,RS",False,True,0.607435009904608,0.64049862841951,0.19746743507907397,0.48457889058445586,0.6004690373710205,0.6725563465138089,0.5297760478312161,0.5297760478312161,0.029776047831216124
TT,NS,FZ,RS,"['TT', 'NS', 'FZ', 'RS']",TT + NS,FZ + RS,TT|NS|FZ|RS,"FZ,RS||NS,TT",False,True,0.5158347286813788,0.5253667874671687,0.09292601974013251,0.40172885802432035,0.7301363646403747,0.6015289823788454,0.5298077856045815,0.5298077856045815,0.029807785604581527
TD,FZ,RS,CH,"['TD', 'FZ', 'RS', 'CH']",TD + FZ,RS + CH,TD|FZ|RS|CH,"CH,RS||FZ,TD",False,False,0.5842891168397892,0.644304197985938,0.24101119092693074,0.35176322899062734,0.8087402197350114,0.6074168176117819,0.5299842553809372,0.5299842553809372,0.029984255380937186
FZ,AC,NS,CH,"['FZ', 'AC', 'NS', 'CH']",FZ + AC,NS + CH,FZ|AC|NS|CH,"AC,FZ||CH,NS",False,True,0.47177212348329056,0.5141295366565117,0.07704336982730042,0.43256513383704087,0.5281816730051175,0.4964521810334961,0.46985558411259076,0.46985558411259076,0.030144415887409237
AC,NS,TD,SY,"['AC', 'NS', 'TD', 'SY']",AC + NS,TD + SY,AC|NS|TD|SY,"AC,NS||SY,TD",False,False,0.607760014497249,0.6038322531852813,0.07214777690477572,0.42453957036600865,0.6953740244068217,0.5877715242996726,0.5301650074419257,0.5301650074419257,0.03016500744192574
NS,TT,AC,SY,"['NS', 'TT', 'AC', 'SY']",NS + TT,AC + SY,NS|TT|AC|SY,"AC,SY||NS,TT",False,False,0.6155830487195373,0.5218779157978339,0.1598946773287407,0.4937551060526346,0.5873986560240639,0.6014989301562251,0.530276090541492,0.530276090541492,0.03027609054149205
SY,TT,CH,AC,"['SY', 'TT', 'CH', 'AC']",SY + TT,CH + AC,SY|TT|CH|AC,"AC,CH||SY,TT",False,False,0.5720234225069297,0.6161361639411964,0.6129737830600176,0.5021778966682182,0.5749611058958335,0.6314626794102974,0.5305633482669881,0.5305633482669881,0.030563348266988144
SY,NS,AC,FZ,"['SY', 'NS', 'AC', 'FZ']",SY + NS,AC + FZ,SY|NS|AC|FZ,"AC,FZ||NS,SY",False,False,0.45911024611478435,0.47447164848239276,0.41599178616590426,0.4217672090842505,0.7022993422236132,0.45613724773894365,0.531174741008602,0.531174741008602,0.03117474100860196
CH,SY,FZ,TT,"['CH', 'SY', 'FZ', 'TT']",CH + SY,FZ + TT,CH|SY|FZ|TT,"CH,SY||FZ,TT",True,True,0.411489710446302,0.46402953474230557,0.6205243635737765,0.4848626947994341,0.6054944194618599,0.43197673145505033,0.5319090674177802,0.5319090674177802,0.03190906741778021
CH,TT,RS,FZ,"['CH', 'TT', 'RS', 'FZ']",CH + TT,RS + FZ,CH|TT|RS|FZ,"CH,TT||FZ,RS",False,True,0.607435009904608,0.64049862841951,0.36478346406696865,0.49602663454297735,0.5881504853055138,0.6790074731261878,0.5319549363403666,0.5319549363403666,0.03195493634036661
CH,SY,NS,FZ,"['CH', 'SY', 'NS', 'FZ']",CH + SY,NS + FZ,CH|SY|NS|FZ,"CH,SY||FZ,NS",False,True,0.39979830700403945,0.43394732534670355,0.6035250629400302,0.4379005524028868,0.6799662341411644,0.31099140725508206,0.532306168280815,0.532306168280815,0.032306168280815006
NS,TT,SY,AC,"['NS', 'TT', 'SY', 'AC']",NS + TT,SY + AC,NS|TT|SY|AC,"AC,SY||NS,TT",False,False,0.6155830487195373,0.5218779157978339,0.1598946773287407,0.4982770757496042,0.586239349006143,0.603255258959334,0.5325823623196544,0.5325823623196544,0.03258236231965439
SY,CH,NS,FZ,"['SY', 'CH', 'NS', 'FZ']",SY + CH,NS + FZ,SY|CH|NS|FZ,"CH,SY||FZ,NS",False,True,0.39979830700403945,0.43394732534670355,0.6035250629400302,0.4444202064164511,0.6713391428570151,0.3057535197024719,0.532918591628271,0.532918591628271,0.03291859162827104
TT,NS,AC,SY,"['TT', 'NS', 'AC', 'SY']",TT + NS,AC + SY,TT|NS|AC|SY,"AC,SY||NS,TT",False,False,0.6155830487195373,0.5218779157978339,0.1535298311926092,0.5013047299047099,0.5825538836402104,0.6173968916221416,0.532991899861555,0.532991899861555,0.03299189986155504
TT,AC,SY,TD,"['TT', 'AC', 'SY', 'TD']",TT + AC,SY + TD,TT|AC|SY|TD,"AC,TT||SY,TD",False,False,0.5961409160664504,0.5744460778904117,0.35088180464861723,0.4479443148354803,0.49576661878556144,0.6201078520372584,0.46659501337601195,0.46659501337601195,0.03340498662398805
NS,AC,SY,RS,"['NS', 'AC', 'SY', 'RS']",NS + AC,SY + RS,NS|AC|SY|RS,"AC,NS||RS,SY",False,False,0.5685114257789001,0.5800341639851929,0.6406622678164487,0.41029819384335875,0.7260755785030555,0.6048516149434165,0.5334513738606406,0.5334513738606406,0.033451373860640565
SY,AC,RS,CH,"['SY', 'AC', 'RS', 'CH']",SY + AC,RS + CH,SY|AC|RS|CH,"AC,SY||CH,RS",False,True,0.5237445659056948,0.6704181640467419,0.5791660297793672,0.41116871716320214,0.7249259032695637,0.6314053695754293,0.5335340197446832,0.5335340197446832,0.033534019744683174
NS,SY,FZ,RS,"['NS', 'SY', 'FZ', 'RS']",NS + SY,FZ + RS,NS|SY|FZ|RS,"FZ,RS||NS,SY",True,True,0.5518334750772411,0.6576155025743564,0.4419609909922452,0.4309143625889698,0.6941396596851854,0.6424693822997664,0.5335722284564939,0.5335722284564939,0.03357222845649388
AC,FZ,TT,CH,"['AC', 'FZ', 'TT', 'CH']",AC + FZ,TT + CH,AC|FZ|TT|CH,"AC,FZ||CH,TT",False,True,0.48387146626387373,0.544257960789787,0.17366871337333917,0.4265188906540991,0.7015117679737692,0.4923009103597584,0.5337661128087705,0.5337661128087705,0.03376611280877051
SY,TT,AC,CH,"['SY', 'TT', 'AC', 'CH']",SY + TT,AC + CH,SY|TT|AC|CH,"AC,CH||SY,TT",False,False,0.5720234225069297,0.6161361639411964,0.5805032452445793,0.5033541787195003,0.581853417080692,0.6286292579739016,0.533968881680365,0.533968881680365,0.03396888168036505
TD,CH,TT,RS,"['TD', 'CH', 'TT', 'RS']",TD + CH,TT + RS,TD|CH|TT|RS,"CH,TD||RS,TT",False,True,0.5645262348663934,0.6210205103225953,0.6792352451372267,0.4273471616040216,0.5260713641631547,0.5726011891237031,0.46584960060208347,0.46584960060208347,0.03415039939791653
TT,NS,SY,AC,"['TT', 'NS', 'SY', 'AC']",TT + NS,SY + AC,TT|NS|SY|AC,"AC,SY||NS,TT",False,False,0.6155830487195373,0.5218779157978339,0.1535298311926092,0.5041212201496247,0.5813225162631975,0.6411349835607407,0.5342297256339181,0.5342297256339181,0.03422972563391813
TT,AC,NS,RS,"['TT', 'AC', 'NS', 'RS']",TT + AC,NS + RS,TT|AC|NS|RS,"AC,TT||NS,RS",False,False,0.5801797659675225,0.6531619259699859,0.1757351604641073,0.4403144727753283,0.5027696200623075,0.5957905564615229,0.4646719802172502,0.4646719802172502,0.0353280197827498
NS,TT,AC,CH,"['NS', 'TT', 'AC', 'CH']",NS + TT,AC + CH,NS|TT|AC|CH,"AC,CH||NS,TT",True,True,0.548320048378286,0.5104970940888778,0.09881928581516002,0.4177324571704322,0.536822018724309,0.5923569631957903,0.46417738617644416,0.46417738617644416,0.03582261382355584
FZ,RS,CH,TD,"['FZ', 'RS', 'CH', 'TD']",FZ + RS,CH + TD,FZ|RS|CH|TD,"CH,TD||FZ,RS",False,True,0.6603058758816343,0.6883334840178165,0.3848701771182488,0.4635775328540818,0.649047932775017,0.6422285951468351,0.5359109888232465,0.5359109888232465,0.035910988823246504
AC,NS,RS,TT,"['AC', 'NS', 'RS', 'TT']",AC + NS,RS + TT,AC|NS|RS|TT,"AC,NS||RS,TT",False,False,0.6036033036243956,0.7067251162812451,0.5352301192122346,0.46027168414769903,0.654774390551681,0.7164047031255274,0.536127739645252,0.536127739645252,0.036127739645251955
AC,FZ,TT,NS,"['AC', 'FZ', 'TT', 'NS']",AC + FZ,TT + NS,AC|FZ|TT|NS,"AC,FZ||NS,TT",False,True,0.5765548427274185,0.6588211614178392,0.43332867115277446,0.49012493231789855,0.6089696713971163,0.5572782826400944,0.5364743805587935,0.5364743805587935,0.036474380558793484
FZ,TD,RS,CH,"['FZ', 'TD', 'RS', 'CH']",FZ + TD,RS + CH,FZ|TD|RS|CH,"CH,RS||FZ,TD",False,False,0.5842891168397892,0.644304197985938,0.2228629759451955,0.3756398265611214,0.7911565476849225,0.6255500332026621,0.5376913477994039,0.5376913477994039,0.03769134779940386
TT,NS,AC,CH,"['TT', 'NS', 'AC', 'CH']",TT + NS,AC + CH,TT|NS|AC|CH,"AC,CH||NS,TT",False,True,0.548320048378286,0.5104970940888778,0.09461183771135778,0.419314558401759,0.5285847777637864,0.6026370931772789,0.46192994395294973,0.46192994395294973,0.03807005604705027
NS,CH,RS,FZ,"['NS', 'CH', 'RS', 'FZ']",NS + CH,RS + FZ,NS|CH|RS|FZ,"CH,NS||FZ,RS",False,True,0.6189368778375494,0.6685455760286974,0.2450725652285181,0.5186912120389738,0.5709073879284459,0.7573724525230882,0.5390555206358679,0.5390555206358679,0.039055520635867924
SY,CH,TT,FZ,"['SY', 'CH', 'TT', 'FZ']",SY + CH,TT + FZ,SY|CH|TT|FZ,"CH,SY||FZ,TT",False,True,0.411489710446302,0.46402953474230557,0.7001176975398767,0.4856158877131223,0.6233773405764931,0.42587145406701904,0.5393428543298369,0.5393428543298369,0.03934285432983686
AC,FZ,CH,TT,"['AC', 'FZ', 'CH', 'TT']",AC + FZ,CH + TT,AC|FZ|CH|TT,"AC,FZ||CH,TT",True,True,0.48387146626387373,0.544257960789787,0.17562164650053505,0.4333961277788354,0.7064061099377905,0.49389877516838615,0.5398700208208279,0.5398700208208279,0.03987002082082791
SY,TT,RS,FZ,"['SY', 'TT', 'RS', 'FZ']",SY + TT,RS + FZ,SY|TT|RS|FZ,"FZ,RS||SY,TT",False,True,0.5398121130531834,0.6293662216804572,0.4297248381908131,0.3438520593330276,0.6410736674284316,0.584032070893255,0.45976848649023516,0.45976848649023516,0.04023151350976484
FZ,TD,CH,RS,"['FZ', 'TD', 'CH', 'RS']",FZ + TD,CH + RS,FZ|TD|CH|RS,"CH,RS||FZ,TD",False,False,0.5842891168397892,0.644304197985938,0.48468732883417903,0.3809862485610063,0.7894229829771767,0.6289728238161356,0.5402765749833127,0.5402765749833127,0.04027657498331272
TD,CH,AC,RS,"['TD', 'CH', 'AC', 'RS']",TD + CH,AC + RS,TD|CH|AC|RS,"AC,RS||CH,TD",True,True,0.6956398945992462,0.7353958913927405,0.8937358947118127,0.44446803918752686,0.6901878107176489,0.6463361380070518,0.5402987500842744,0.5402987500842744,0.040298750084274415
TT,AC,NS,TD,"['TT', 'AC', 'NS', 'TD']",TT + AC,NS + TD,TT|AC|NS|TD,"AC,TT||NS,TD",False,False,0.6190781408415987,0.6756618352590782,0.04204099662358333,0.43926252220025297,0.4915769277182069,0.6812872576367429,0.45966514035225503,0.45966514035225503,0.04033485964774497
AC,FZ,CH,SY,"['AC', 'FZ', 'CH', 'SY']",AC + FZ,CH + SY,AC|FZ|CH|SY,"AC,FZ||CH,SY",True,True,0.4478755978643938,0.4072727546449011,0.3330426342187005,0.3827191393994912,0.5799379075458824,0.4661956995738791,0.4596344589765838,0.4596344589765838,0.04036554102341622
NS,AC,RS,TT,"['NS', 'AC', 'RS', 'TT']",NS + AC,RS + TT,NS|AC|RS|TT,"AC,NS||RS,TT",False,False,0.6036033036243956,0.7067251162812451,0.8358763558791298,0.49539337701427305,0.6114245428514127,0.7339580901352906,0.5406455316907575,0.5406455316907575,0.040645531690757464
SY,AC,TD,CH,"['SY', 'AC', 'TD', 'CH']",SY + AC,TD + CH,SY|AC|TD|CH,"AC,SY||CH,TD",False,True,0.5639418678212528,0.6925185542130574,0.43739769729509737,0.4667512950983022,0.6569899536134814,0.6738253960905144,0.5409443719192222,0.5409443719192222,0.04094437191922218
CH,SY,TT,FZ,"['CH', 'SY', 'TT', 'FZ']",CH + SY,TT + FZ,CH|SY|TT|FZ,"CH,SY||FZ,TT",False,True,0.411489710446302,0.46402953474230557,0.7001176975398767,0.4764886579419823,0.6426779028316292,0.4154700178187797,0.5413024634489445,0.5413024634489445,0.041302463448944504
FZ,RS,TT,NS,"['FZ', 'RS', 'TT', 'NS']",FZ + RS,TT + NS,FZ|RS|TT|NS,"FZ,RS||NS,TT",False,True,0.4841652713186211,0.47463321253283125,0.2596010968927689,0.3617058765689347,0.6093103106121572,0.46881726804781576,0.4582716058457915,0.4582716058457915,0.04172839415420848
AC,FZ,SY,CH,"['AC', 'FZ', 'SY', 'CH']",AC + FZ,SY + CH,AC|FZ|SY|CH,"AC,FZ||CH,SY",False,True,0.4478755978643938,0.4072727546449011,0.28941246166259366,0.3852069370185389,0.5721922743201114,0.4626841360831547,0.4581312185661522,0.4581312185661522,0.04186878143384781
TT,AC,RS,CH,"['TT', 'AC', 'RS', 'CH']",TT + AC,RS + CH,TT|AC|RS|CH,"AC,TT||CH,RS",False,True,0.48758465448207433,0.539291082234765,0.7551442101843453,0.37472970770828135,0.5869703305513577,0.5989864956966888,0.45750355061708115,0.45750355061708115,0.042496449382918855
RS,FZ,NS,TT,"['RS', 'FZ', 'NS', 'TT']",RS + FZ,NS + TT,RS|FZ|NS|TT,"FZ,RS||NS,TT",False,True,0.4841652713186211,0.47463321253283125,0.3254755026416919,0.33500996500982877,0.6489677740964278,0.445973410419976,0.4574535105536024,0.4574535105536024,0.042546489446397606
RS,CH,TD,AC,"['RS', 'CH', 'TD', 'AC']",RS + CH,TD + AC,RS|CH|TD|AC,"AC,TD||CH,RS",False,True,0.7596702058491354,0.7734407582209055,0.5317621057290081,0.4420164868043488,0.7003539295936555,0.7126955961905543,0.5427680894921785,0.5427680894921785,0.042768089492178474
CH,AC,FZ,TD,"['CH', 'AC', 'FZ', 'TD']",CH + AC,FZ + TD,CH|AC|FZ|TD,"AC,CH||FZ,TD",False,True,0.50789950873731,0.5393720916894646,0.6256951491241846,0.43044459280038955,0.4979077738419666,0.6025925735798063,0.4567552334066046,0.4567552334066046,0.04324476659339538
TT,SY,RS,FZ,"['TT', 'SY', 'RS', 'FZ']",TT + SY,RS + FZ,TT|SY|RS|FZ,"FZ,RS||SY,TT",False,True,0.5398121130531834,0.6293662216804572,0.20074080629702057,0.32894815620681556,0.6563140313412943,0.5351905150820481,0.4566208475092623,0.4566208475092623,0.043379152490737705
CH,SY,FZ,NS,"['CH', 'SY', 'FZ', 'NS']",CH + SY,FZ + NS,CH|SY|FZ|NS,"CH,SY||FZ,NS",True,True,0.39979830700403945,0.43394732534670355,0.7254841106815861,0.45067857008846823,0.6886715021103926,0.3395334686857126,0.5434958135770187,0.5434958135770187,0.043495813577018705
SY,NS,FZ,RS,"['SY', 'NS', 'FZ', 'RS']",SY + NS,FZ + RS,SY|NS|FZ|RS,"FZ,RS||NS,SY",False,True,0.5518334750772411,0.6576155025743564,0.7901923719605856,0.45536204130452157,0.6818209350945007,0.6177986331529196,0.5436810098826135,0.5436810098826135,0.043681009882613475
TT,NS,FZ,TD,"['TT', 'NS', 'FZ', 'TD']",TT + NS,FZ + TD,TT|NS|FZ|TD,"FZ,TD||NS,TT",False,True,0.5561338509092065,0.5496058705076939,0.30071190497905204,0.43015478667673507,0.49661128042382374,0.6061693901881792,0.4560728192380996,0.4560728192380996,0.043927180761900386
NS,AC,CH,RS,"['NS', 'AC', 'CH', 'RS']",NS + AC,CH + RS,NS|AC|CH|RS,"AC,NS||CH,RS",False,True,0.4997058944977087,0.5691098078241181,0.4528526344596736,0.34336861810856073,0.6303315199890209,0.5706552212359289,0.4552841498419402,0.4552841498419402,0.04471585015805979
NS,TT,FZ,TD,"['NS', 'TT', 'FZ', 'TD']",NS + TT,FZ + TD,NS|TT|FZ|TD,"FZ,TD||NS,TT",False,True,0.5561338509092065,0.5496058705076939,0.30071190497905204,0.42696417941566933,0.499045701599707,0.6065974100447704,0.455075973067444,0.455075973067444,0.04492402693255598
SY,RS,TD,AC,"['SY', 'RS', 'TD', 'AC']",SY + RS,TD + AC,SY|RS|TD|AC,"AC,TD||RS,SY",False,False,0.7055597731885586,0.7640809017212234,0.23467196316930025,0.423592554393194,0.5034697795438263,0.665163725031809,0.4547446722019406,0.4547446722019406,0.04525532779805941
FZ,RS,AC,SY,"['FZ', 'RS', 'AC', 'SY']",FZ + RS,AC + SY,FZ|RS|AC|SY,"AC,SY||FZ,RS",False,False,0.6004839535023653,0.49638156249006765,0.7606416280610758,0.4593775647175612,0.4474795474025948,0.5191020474401009,0.4547373379647243,0.4547373379647243,0.04526266203527568
NS,SY,RS,FZ,"['NS', 'SY', 'RS', 'FZ']",NS + SY,RS + FZ,NS|SY|RS|FZ,"FZ,RS||NS,SY",False,True,0.5518334750772411,0.6576155025743564,0.10306076031425562,0.4070443868195749,0.7617755004248098,0.6025839474586704,0.5453895211256166,0.5453895211256166,0.04538952112561656
NS,AC,TD,SY,"['NS', 'AC', 'TD', 'SY']",NS + AC,TD + SY,NS|AC|TD|SY,"AC,NS||SY,TD",False,False,0.607760014497249,0.6038322531852813,0.2733963105452481,0.45435167316200703,0.6887280350431231,0.6197208336241734,0.5457584542956423,0.5457584542956423,0.04575845429564229
NS,CH,SY,TT,"['NS', 'CH', 'SY', 'TT']",NS + CH,SY + TT,NS|CH|SY|TT,"CH,NS||SY,TT",False,True,0.5806523619513793,0.5415344767024952,0.5235276517072767,0.49447878800467615,0.6264572665992397,0.5819940936332578,0.5459503946565559,0.5459503946565559,0.045950394656555926
TT,NS,TD,FZ,"['TT', 'NS', 'TD', 'FZ']",TT + NS,TD + FZ,TT|NS|TD|FZ,"FZ,TD||NS,TT",False,True,0.5561338509092065,0.5496058705076939,0.3448417048422207,0.4205213238210975,0.505859175900081,0.590958766712489,0.4538030861319011,0.4538030861319011,0.04619691386809888
SY,CH,FZ,NS,"['SY', 'CH', 'FZ', 'NS']",SY + CH,FZ + NS,SY|CH|FZ|NS,"CH,SY||FZ,NS",False,True,0.39979830700403945,0.43394732534670355,0.7254841106815861,0.4606196526734611,0.6805245979715198,0.3071944843582302,0.546382581339704,0.546382581339704,0.046382581339703965
AC,TT,SY,TD,"['AC', 'TT', 'SY', 'TD']",AC + TT,SY + TD,AC|TT|SY|TD,"AC,TT||SY,TD",False,False,0.5961409160664504,0.5744460778904117,0.09789226015643392,0.40547692906929905,0.5272351534130058,0.5622123767162085,0.4529626365633447,0.4529626365633447,0.04703736343665532
CH,TD,AC,RS,"['CH', 'TD', 'AC', 'RS']",CH + TD,AC + RS,CH|TD|AC|RS,"AC,RS||CH,TD",False,True,0.6956398945992462,0.7353958913927405,0.8937358947118127,0.45139859474308247,0.6982381049268865,0.6619821655843461,0.547666003714766,0.547666003714766,0.047666003714766036
AC,TT,SY,RS,"['AC', 'TT', 'SY', 'RS']",AC + TT,SY + RS,AC|TT|SY|RS,"AC,TT||RS,SY",False,False,0.5565779506174559,0.5504158956448203,0.10356169897686884,0.3735522701571641,0.5749956864607308,0.5291409615853898,0.45211520251555515,0.45211520251555515,0.04788479748444485
TT,TD,AC,RS,"['TT', 'TD', 'AC', 'RS']",TT + TD,AC + RS,TT|TD|AC|RS,"AC,RS||TD,TT",False,False,0.5998745488135132,0.6022072360073211,0.49887056486128534,0.387020910486019,0.5530158360540225,0.5375785020894042,0.45175893145754037,0.45175893145754037,0.04824106854245963
SY,NS,RS,FZ,"['SY', 'NS', 'RS', 'FZ']",SY + NS,RS + FZ,SY|NS|RS|FZ,"FZ,RS||NS,SY",False,True,0.5518334750772411,0.6576155025743564,0.35334299377832873,0.43047408608307175,0.7327953238891005,0.6333323131754813,0.548379368827423,0.548379368827423,0.048379368827423
TT,RS,AC,TD,"['TT', 'RS', 'AC', 'TD']",TT + RS,AC + TD,TT|RS|AC|TD,"AC,TD||RS,TT",False,False,0.674628403557202,0.6479008556440682,0.11278162075623199,0.40618726307588277,0.5224190125214047,0.5052857050873204,0.45151764535963634,0.45151764535963634,0.048482354640363656
CH,NS,SY,TT,"['CH', 'NS', 'SY', 'TT']",CH + NS,SY + TT,CH|NS|SY|TT,"CH,NS||SY,TT",False,True,0.5806523619513793,0.5415344767024952,0.535527103426025,0.5228309651298987,0.5886939101299232,0.612202929653268,0.5485175136799083,0.5485175136799083,0.04851751367990831
CH,TD,RS,TT,"['CH', 'TD', 'RS', 'TT']",CH + TD,RS + TT,CH|TD|RS|TT,"CH,TD||RS,TT",False,True,0.5645262348663934,0.6210205103225953,0.4127011942896603,0.412872919512268,0.511311983805265,0.5798512187326484,0.4512641545865368,0.4512641545865368,0.04873584541346321
NS,TT,TD,FZ,"['NS', 'TT', 'TD', 'FZ']",NS + TT,TD + FZ,NS|TT|TD|FZ,"FZ,TD||NS,TT",False,True,0.5561338509092065,0.5496058705076939,0.3448417048422207,0.41295571656003177,0.5097206997937177,0.5903881161329099,0.4506940600211693,0.4506940600211693,0.049305939978830704
SY,TT,FZ,AC,"['SY', 'TT', 'FZ', 'AC']",SY + TT,FZ + AC,SY|TT|FZ|AC,"AC,FZ||SY,TT",False,True,0.4470937193058984,0.44454415676858305,0.168586916615302,0.411566100307454,0.5116268976739761,0.41101934973514476,0.4505898112803976,0.4505898112803976,0.0494101887196024
AC,TT,NS,TD,"['AC', 'TT', 'NS', 'TD']",AC + TT,NS + TD,AC|TT|NS|TD,"AC,TT||NS,TD",False,False,0.6190781408415987,0.6756618352590782,0.009187595492960714,0.39928348206254394,0.5305994712667084,0.6042695991299464,0.45049671785216805,0.45049671785216805,0.04950328214783195
CH,TD,NS,RS,"['CH', 'TD', 'NS', 'RS']",CH + TD,NS + RS,CH|TD|NS|RS,"CH,TD||NS,RS",False,False,0.552569285951843,0.5925212981985248,0.20181726813029377,0.3579825599456328,0.5935865268834879,0.5393548222481475,0.44986810705139624,0.44986810705139624,0.05013189294860376
TT,NS,CH,AC,"['TT', 'NS', 'CH', 'AC']",TT + NS,CH + AC,TT|NS|CH|AC,"AC,CH||NS,TT",True,True,0.548320048378286,0.5104970940888778,0.10682495433355764,0.4247564500970753,0.4885596779191082,0.6115975425589686,0.44963970894766814,0.44963970894766814,0.05036029105233186
RS,SY,TD,AC,"['RS', 'SY', 'TD', 'AC']",RS + SY,TD + AC,RS|SY|TD|AC,"AC,TD||RS,SY",False,False,0.7055597731885586,0.7640809017212234,0.2352151013968927,0.4101758877265273,0.5109380591259866,0.6684993751298266,0.4494731345723164,0.4494731345723164,0.05052686542768359
NS,RS,AC,TD,"['NS', 'RS', 'AC', 'TD']",NS + RS,AC + TD,NS|RS|AC|TD,"AC,TD||NS,RS",False,False,0.6851818902095456,0.6754928706541484,0.265263952652691,0.3951263767686789,0.5341950745002462,0.5380882410977758,0.44936316888399014,0.44936316888399014,0.05063683111600986
NS,TT,CH,AC,"['NS', 'TT', 'CH', 'AC']",NS + TT,CH + AC,NS|TT|CH|AC,"AC,CH||NS,TT",False,True,0.548320048378286,0.5104970940888778,0.11150863554495015,0.4292897048610132,0.4801336927878254,0.5912159070893483,0.44911886015246993,0.44911886015246993,0.050881139847530066
FZ,RS,SY,AC,"['FZ', 'RS', 'SY', 'AC']",FZ + RS,SY + AC,FZ|RS|SY|AC,"AC,SY||FZ,RS",False,False,0.6004839535023653,0.49638156249006765,0.7606416280610758,0.44929708526550644,0.44851819411877514,0.520685454152504,0.4489933177182812,0.4489933177182812,0.051006682281718785
CH,RS,TD,AC,"['CH', 'RS', 'TD', 'AC']",CH + RS,TD + AC,CH|RS|TD|AC,"AC,TD||CH,RS",False,True,0.7596702058491354,0.7734407582209055,0.5312814527099599,0.4428621345776282,0.7211253123818838,0.7314827597718051,0.5513847739212878,0.5513847739212878,0.05138477392128782
TD,NS,AC,RS,"['TD', 'NS', 'AC', 'RS']",TD + NS,AC + RS,TD|NS|AC|RS,"AC,RS||NS,TD",False,False,0.6114562407815121,0.6309163315225448,0.706299640711871,0.41590578883924834,0.7633547544286454,0.5222617757273176,0.5514108854191132,0.5514108854191132,0.051410885419113206
NS,AC,TD,CH,"['NS', 'AC', 'TD', 'CH']",NS + AC,TD + CH,NS|AC|TD|CH,"AC,NS||CH,TD",False,False,0.5401507200680781,0.593108618810645,0.04497228542580596,0.3543108308483243,0.5946040872024686,0.5292556004865734,0.4480252008264406,0.4480252008264406,0.051974799173559405
NS,AC,RS,FZ,"['NS', 'AC', 'RS', 'FZ']",NS + AC,RS + FZ,NS|AC|RS|FZ,"AC,NS||FZ,RS",False,True,0.37666963165694367,0.39795956916003805,0.16839406829020828,0.3300683941975293,0.6319298397725954,0.39712674085737487,0.4477943579718051,0.4477943579718051,0.05220564202819489
RS,FZ,AC,NS,"['RS', 'FZ', 'AC', 'NS']",RS + FZ,AC + NS,RS|FZ|AC|NS,"AC,NS||FZ,RS",True,True,0.6233303683430563,0.602040430839962,0.25032026155165704,0.4292088178935476,0.7462413191126195,0.5228546131216786,0.5528514933689856,0.5528514933689856,0.05285149336898565
TD,FZ,TT,AC,"['TD', 'FZ', 'TT', 'AC']",TD + FZ,TT + AC,TD|FZ|TT|AC,"AC,TT||FZ,TD",False,True,0.5963013531718001,0.6075813321215328,0.6165973186935735,0.41054020756186543,0.7762135190446582,0.6224912573677298,0.5531527990401546,0.5531527990401546,0.053152799040154575
TT,AC,CH,RS,"['TT', 'AC', 'CH', 'RS']",TT + AC,CH + RS,TT|AC|CH|RS,"AC,TT||CH,RS",False,True,0.48758465448207433,0.539291082234765,0.5967896792152791,0.36944635748876087,0.567260861144686,0.5858390459476044,0.44659401391457165,0.44659401391457165,0.05340598608542835
AC,TT,NS,RS,"['AC', 'TT', 'NS', 'RS']",AC + TT,NS + RS,AC|TT|NS|RS,"AC,TT||NS,RS",False,False,0.5801797659675225,0.6531619259699859,0.04116253187727311,0.3910742944702313,0.5328821737393531,0.5659866948975303,0.4463793673851888,0.4463793673851888,0.0536206326148112
AC,TT,RS,CH,"['AC', 'TT', 'RS', 'CH']",AC + TT,RS + CH,AC|TT|RS|CH,"AC,TT||CH,RS",False,True,0.48758465448207433,0.539291082234765,0.40892603508387515,0.32878012918045313,0.6302335476066152,0.5859875757520202,0.4463469623666564,0.4463469623666564,0.053653037633343614
AC,NS,RS,CH,"['AC', 'NS', 'RS', 'CH']",AC + NS,RS + CH,AC|NS|RS|CH,"AC,NS||CH,RS",False,True,0.4997058944977087,0.5691098078241181,0.10075695301449221,0.2985183200491483,0.6774724788377713,0.5263046401677265,0.44631044197671127,0.44631044197671127,0.05368955802328873
NS,AC,TT,RS,"['NS', 'AC', 'TT', 'RS']",NS + AC,TT + RS,NS|AC|TT|RS,"AC,NS||RS,TT",False,False,0.6036033036243956,0.7067251162812451,0.9529306583204619,0.5070998949297462,0.6266655953157564,0.7373970239615905,0.5537305180802902,0.5537305180802902,0.05373051808029017
FZ,TD,AC,CH,"['FZ', 'TD', 'AC', 'CH']",FZ + TD,AC + CH,FZ|TD|AC|CH,"AC,CH||FZ,TD",True,True,0.49210049126268995,0.4606279083105353,0.11186616266278503,0.31094598361558684,0.657423214323823,0.4351665121110916,0.44607210359179894,0.44607210359179894,0.05392789640820106
AC,NS,RS,FZ,"['AC', 'NS', 'RS', 'FZ']",AC + NS,RS + FZ,AC|NS|RS|FZ,"AC,NS||FZ,RS",True,True,0.37666963165694367,0.39795956916003805,0.04061371585711654,0.309445244661923,0.6596598525339464,0.3916879560049366,0.44602894173201213,0.44602894173201213,0.05397105826798787
AC,NS,TT,RS,"['AC', 'NS', 'TT', 'RS']",AC + NS,TT + RS,AC|NS|TT|RS,"AC,NS||RS,TT",False,False,0.6036033036243956,0.7067251162812451,0.8207171816136395,0.48603728996601014,0.6605964535812192,0.7317999576452124,0.5541153637759417,0.5541153637759417,0.05411536377594173
CH,NS,FZ,SY,"['CH', 'NS', 'FZ', 'SY']",CH + NS,FZ + SY,CH|NS|FZ|SY,"CH,NS||FZ,SY",False,True,0.3546279114014337,0.24000351648487744,0.13153810847665606,0.36100121856994966,0.5785917752833598,0.2367383280403867,0.44586153568817966,0.44586153568817966,0.054138464311820345
TD,CH,NS,RS,"['TD', 'CH', 'NS', 'RS']",TD + CH,NS + RS,TD|CH|NS|RS,"CH,TD||NS,RS",False,False,0.552569285951843,0.5925212981985248,0.20212839090014703,0.3481269473682459,0.5978258145911998,0.5222933480815412,0.4455095055851979,0.4455095055851979,0.05449049441480208
TD,SY,RS,AC,"['TD', 'SY', 'RS', 'AC']",TD + SY,RS + AC,TD|SY|RS|AC,"AC,RS||SY,TD",False,False,0.6340575804278988,0.7253728031229365,0.3037318221176675,0.42586351587897087,0.755858056634977,0.6750311898669809,0.5545613867738133,0.5545613867738133,0.05456138677381328
FZ,AC,NS,TT,"['FZ', 'AC', 'NS', 'TT']",FZ + AC,NS + TT,FZ|AC|NS|TT,"AC,FZ||NS,TT",False,True,0.5765548427274185,0.6588211614178392,0.6036279008350474,0.5762519722219541,0.5235289439127676,0.5784682637480565,0.5556899911813714,0.5556899911813714,0.05568999118137141
TD,CH,RS,TT,"['TD', 'CH', 'RS', 'TT']",TD + CH,RS + TT,TD|CH|RS|TT,"CH,TD||RS,TT",False,True,0.5645262348663934,0.6210205103225953,0.4380785794840434,0.4091374176123809,0.49824084607890007,0.5808423416483409,0.4438877547143234,0.4438877547143234,0.0561122452856766
NS,SY,CH,TT,"['NS', 'SY', 'CH', 'TT']",NS + SY,CH + TT,NS|SY|CH|TT,"CH,TT||NS,SY",False,True,0.4431317290065725,0.5187149407483014,0.7368684353843157,0.451544314663882,0.7200140733264249,0.46562613355934723,0.5562475205422737,0.5562475205422737,0.056247520542273666
RS,FZ,SY,AC,"['RS', 'FZ', 'SY', 'AC']",RS + FZ,SY + AC,RS|FZ|SY|AC,"AC,SY||FZ,RS",False,False,0.6004839535023653,0.49638156249006765,0.7750820182294745,0.40865630827867144,0.4981534522242885,0.5570891583659084,0.4435601944174621,0.4435601944174621,0.056439805582537916
RS,FZ,AC,SY,"['RS', 'FZ', 'AC', 'SY']",RS + FZ,AC + SY,RS|FZ|AC|SY,"AC,SY||FZ,RS",False,False,0.6004839535023653,0.49638156249006765,0.7750820182294745,0.4197675416989803,0.47706853822146356,0.5388232141366358,0.44211493034274874,0.44211493034274874,0.057885069657251265
CH,SY,AC,FZ,"['CH', 'SY', 'AC', 'FZ']",CH + SY,AC + FZ,CH|SY|AC|FZ,"AC,FZ||CH,SY",True,True,0.5521244021356062,0.5927272453550989,0.8599194962559701,0.547432099134276,0.5747109089241703,0.6125413003417393,0.5580708349523348,0.5580708349523348,0.05807083495233478
SY,TD,RS,AC,"['SY', 'TD', 'RS', 'AC']",SY + TD,RS + AC,SY|TD|RS|AC,"AC,RS||SY,TD",False,False,0.6340575804278988,0.7253728031229365,0.3037318221176675,0.4330301825456376,0.7562681439473616,0.6886247097049492,0.55909298749231,0.55909298749231,0.059092987492309956
TD,FZ,RS,NS,"['TD', 'FZ', 'RS', 'NS']",TD + FZ,RS + NS,TD|FZ|RS|NS,"FZ,TD||NS,RS",False,False,0.6711936857702195,0.7466292862848971,0.01934140901379582,0.4291525345506942,0.7628081814205688,0.7317923315291507,0.5592782368299454,0.5592782368299454,0.059278236829945374
NS,SY,TT,CH,"['NS', 'SY', 'TT', 'CH']",NS + SY,TT + CH,NS|SY|TT|CH,"CH,TT||NS,SY",False,True,0.4431317290065725,0.5187149407483014,0.7151248984536875,0.4477448384307365,0.7340998295391542,0.47065067890647333,0.5594232849630194,0.5594232849630194,0.05942328496301941
CH,NS,SY,FZ,"['CH', 'NS', 'SY', 'FZ']",CH + NS,SY + FZ,CH|NS|SY|FZ,"CH,NS||FZ,SY",False,True,0.3546279114014337,0.24000351648487744,0.0742726545200008,0.3541220418703802,0.5751947614848824,0.2357692331917095,0.44034040252003603,0.44034040252003603,0.059659597479963966
AC,NS,SY,TD,"['AC', 'NS', 'SY', 'TD']",AC + NS,SY + TD,AC|NS|SY|TD,"AC,NS||SY,TD",False,False,0.607760014497249,0.6038322531852813,0.22789507840013346,0.45166621008002816,0.7295769851460948,0.6058670683952098,0.5600514123557941,0.5600514123557941,0.06005141235579414
AC,FZ,CH,NS,"['AC', 'FZ', 'CH', 'NS']",AC + FZ,CH + NS,AC|FZ|CH|NS,"AC,FZ||CH,NS",True,True,0.47177212348329056,0.5141295366565117,0.04353152499351119,0.3346647738335584,0.6040139340956364,0.5319506362067998,0.4397109463357688,0.4397109463357688,0.06028905366423121
SY,AC,FZ,TD,"['SY', 'AC', 'FZ', 'TD']",SY + AC,FZ + TD,SY|AC|FZ|TD,"AC,SY||FZ,TD",False,True,0.4389668399269545,0.5278944715282134,0.8036272408368026,0.38187643723585046,0.5299497924404948,0.512031420555863,0.43962504576566175,0.43962504576566175,0.06037495423433825
NS,CH,TT,SY,"['NS', 'CH', 'TT', 'SY']",NS + CH,TT + SY,NS|CH|TT|SY,"CH,NS||SY,TT",True,True,0.5806523619513793,0.5415344767024952,0.5745975652595355,0.48608660364047135,0.6767115896700552,0.6106589044486002,0.560430348192009,0.560430348192009,0.06043034819200899
TT,SY,FZ,AC,"['TT', 'SY', 'FZ', 'AC']",TT + SY,FZ + AC,TT|SY|FZ|AC,"AC,FZ||SY,TT",False,True,0.4470937193058984,0.44454415676858305,0.10119179610479237,0.3809485039099922,0.5299267291005769,0.4047612250530767,0.43905001173432023,0.43905001173432023,0.060949988265679766
AC,FZ,NS,CH,"['AC', 'FZ', 'NS', 'CH']",AC + FZ,NS + CH,AC|FZ|NS|CH,"AC,FZ||CH,NS",True,True,0.47177212348329056,0.5141295366565117,0.03919464503226099,0.3418778693029039,0.5885413411815088,0.530265119926663,0.43807662333555986,0.43807662333555986,0.061923376664440144
CH,NS,TT,SY,"['CH', 'NS', 'TT', 'SY']",CH + NS,TT + SY,CH|NS|TT|SY,"CH,NS||SY,TT",False,True,0.5806523619513793,0.5415344767024952,0.5863271385342755,0.5116105059540859,0.6413855255511305,0.6292222704493159,0.5622227635969332,0.5622227635969332,0.06222276359693324
FZ,RS,NS,TT,"['FZ', 'RS', 'NS', 'TT']",FZ + RS,NS + TT,FZ|RS|NS|TT,"FZ,RS||NS,TT",False,True,0.4841652713186211,0.47463321253283125,0.2544205004329655,0.3654369034297161,0.5499221007146873,0.45126349393364407,0.43738613037085483,0.43738613037085483,0.06261386962914517
TT,AC,RS,NS,"['TT', 'AC', 'RS', 'NS']",TT + AC,RS + NS,TT|AC|RS|NS,"AC,TT||NS,RS",False,False,0.5801797659675225,0.6531619259699859,0.2982255595535348,0.4212643702037706,0.4623831523107117,0.6056750834307649,0.43730069522547765,0.43730069522547765,0.06269930477452235
CH,AC,TD,FZ,"['CH', 'AC', 'TD', 'FZ']",CH + AC,TD + FZ,CH|AC|TD|FZ,"AC,CH||FZ,TD",False,True,0.50789950873731,0.5393720916894646,0.7606670903382393,0.4192140804530169,0.46510170238476084,0.5843331810936929,0.43711025300639705,0.43711025300639705,0.06288974699360295
NS,CH,TT,FZ,"['NS', 'CH', 'TT', 'FZ']",NS + CH,TT + FZ,NS|CH|TT|FZ,"CH,NS||FZ,TT",True,True,0.3884014633070332,0.3592718341564994,0.041359931006952934,0.3804784378026678,0.5254993947136306,0.31192159320231805,0.43703661099794333,0.43703661099794333,0.06296338900205667
AC,CH,FZ,TD,"['AC', 'CH', 'FZ', 'TD']",AC + CH,FZ + TD,AC|CH|FZ|TD,"AC,CH||FZ,TD",False,True,0.50789950873731,0.5393720916894646,0.2534403010568592,0.39485169370876344,0.5027069832828107,0.5994364562732184,0.43691525664264186,0.43691525664264186,0.06308474335735814
AC,TT,CH,RS,"['AC', 'TT', 'CH', 'RS']",AC + TT,CH + RS,AC|TT|CH|RS,"AC,TT||CH,RS",True,True,0.48758465448207433,0.539291082234765,0.2492643266405061,0.32724214933130313,0.6074586832542354,0.5781089750965908,0.4365265975612467,0.4365265975612467,0.06347340243875332
NS,TD,AC,RS,"['NS', 'TD', 'AC', 'RS']",NS + TD,AC + RS,NS|TD|AC|RS,"AC,RS||NS,TD",False,False,0.6114562407815121,0.6309163315225448,0.706299640711871,0.4171727956419694,0.7940866331637266,0.5421062401295447,0.5641691922754548,0.5641691922754548,0.06416919227545481
TT,AC,TD,NS,"['TT', 'AC', 'TD', 'NS']",TT + AC,TD + NS,TT|AC|TD|NS,"AC,TT||NS,TD",False,False,0.6190781408415987,0.6756618352590782,0.0885842047484036,0.42999168886691963,0.4435783358340708,0.6885331787822462,0.43529048118410857,0.43529048118410857,0.06470951881589143
TD,FZ,RS,SY,"['TD', 'FZ', 'RS', 'SY']",TD + FZ,RS + SY,TD|FZ|RS|SY,"FZ,TD||RS,SY",False,False,0.6496184983640899,0.6543427472598665,0.07937030480653402,0.40843180885263836,0.8125039394574941,0.6871748068139384,0.5660199397885322,0.5660199397885322,0.06601993978853216
TD,FZ,AC,TT,"['TD', 'FZ', 'AC', 'TT']",TD + FZ,AC + TT,TD|FZ|AC|TT,"AC,TT||FZ,TD",True,True,0.5963013531718001,0.6075813321215328,0.6101635814003796,0.4277073792790372,0.7829551626174529,0.6104370161444483,0.5662540147810193,0.5662540147810193,0.06625401478101933
SY,NS,CH,TT,"['SY', 'NS', 'CH', 'TT']",SY + NS,CH + TT,SY|NS|CH|TT,"CH,TT||NS,SY",True,True,0.4431317290065725,0.5187149407483014,0.8927656461441106,0.48223158143716843,0.6978322587737106,0.4892753715894998,0.5663158455984199,0.5663158455984199,0.06631584559841985
NS,CH,SY,FZ,"['NS', 'CH', 'SY', 'FZ']",NS + CH,SY + FZ,NS|CH|SY|FZ,"CH,NS||FZ,SY",False,True,0.3546279114014337,0.24000351648487744,0.0742726545200008,0.3341452677098545,0.5891057173928355,0.2587191187035846,0.43357984308621705,0.43357984308621705,0.06642015691378295
FZ,TD,TT,AC,"['FZ', 'TD', 'TT', 'AC']",FZ + TD,TT + AC,FZ|TD|TT|AC,"AC,TT||FZ,TD",False,True,0.5963013531718001,0.6075813321215328,0.6165973186935735,0.44567018271882525,0.7553444267136753,0.6199466762143292,0.5664431378768168,0.5664431378768168,0.06644313787681677
TT,AC,RS,SY,"['TT', 'AC', 'RS', 'SY']",TT + AC,RS + SY,TT|AC|RS|SY,"AC,TT||RS,SY",False,False,0.5565779506174559,0.5504158956448203,0.5611693921183587,0.40995205387595474,0.470101600298571,0.5822106970791234,0.4334103769807751,0.4334103769807751,0.06658962301922489
TT,CH,FZ,RS,"['TT', 'CH', 'FZ', 'RS']",TT + CH,FZ + RS,TT|CH|FZ|RS,"CH,TT||FZ,RS",False,True,0.607435009904608,0.64049862841951,0.17866355254765925,0.5021062071354176,0.6680610807557392,0.668882026264971,0.566828607847343,0.566828607847343,0.06682860784734301
AC,NS,CH,RS,"['AC', 'NS', 'CH', 'RS']",AC + NS,CH + RS,AC|NS|CH|RS,"AC,NS||CH,RS",False,True,0.4997058944977087,0.5691098078241181,0.2209047611587958,0.3006019118386225,0.6399577574084143,0.5425592131239017,0.4329506916108413,0.4329506916108413,0.06704930838915868
NS,TT,CH,TD,"['NS', 'TT', 'CH', 'TD']",NS + TT,CH + TD,NS|TT|CH|TD,"CH,TD||NS,TT",False,True,0.6743701200765003,0.7114891130937564,0.11193980872741839,0.5077672621315839,0.660056377885766,0.7056913208573298,0.567160017275715,0.567160017275715,0.06716001727571497
FZ,RS,NS,AC,"['FZ', 'RS', 'NS', 'AC']",FZ + RS,NS + AC,FZ|RS|NS|AC,"AC,NS||FZ,RS",False,True,0.6233303683430563,0.602040430839962,0.23507595767487008,0.4692081633456472,0.7212198214612936,0.5360689900917349,0.5674927100107493,0.5674927100107493,0.0674927100107493
SY,CH,AC,FZ,"['SY', 'CH', 'AC', 'FZ']",SY + CH,AC + FZ,SY|CH|AC|FZ,"AC,FZ||CH,SY",True,True,0.5521244021356062,0.5927272453550989,0.8599194962559701,0.5529147075249935,0.5906781532897346,0.5707790217120583,0.5676424513732425,0.5676424513732425,0.06764245137324254
AC,SY,FZ,TD,"['AC', 'SY', 'FZ', 'TD']",AC + SY,FZ + TD,AC|SY|FZ|TD,"AC,SY||FZ,TD",False,True,0.4389668399269545,0.5278944715282134,0.45387671484888154,0.3442561286375703,0.5683086127692498,0.5199683131431716,0.43163659744892535,0.43163659744892535,0.06836340255107465
RS,CH,AC,TD,"['RS', 'CH', 'AC', 'TD']",RS + CH,AC + TD,RS|CH|AC|TD,"AC,TD||CH,RS",True,True,0.7596702058491354,0.7734407582209055,0.33794885436411787,0.4583179564299053,0.7411374712981317,0.7132367684809914,0.5686175672285136,0.5686175672285136,0.06861756722851364
RS,FZ,TD,NS,"['RS', 'FZ', 'TD', 'NS']",RS + FZ,TD + NS,RS|FZ|TD|NS,"FZ,RS||NS,TD",False,False,0.7384331300566465,0.7837449663317416,0.15413146563199728,0.47397600132085205,0.716649719723001,0.7374924226838986,0.5686187514976901,0.5686187514976901,0.06861875149769014
NS,AC,CH,TD,"['NS', 'AC', 'CH', 'TD']",NS + AC,CH + TD,NS|AC|CH|TD,"AC,NS||CH,TD",False,False,0.5401507200680781,0.593108618810645,0.11979546149923574,0.3586302614177547,0.5445239806424179,0.5860663800503192,0.4311288119153734,0.4311288119153734,0.06887118808462661
NS,AC,FZ,RS,"['NS', 'AC', 'FZ', 'RS']",NS + AC,FZ + RS,NS|AC|FZ|RS,"AC,NS||FZ,RS",False,True,0.37666963165694367,0.39795956916003805,0.41129123574733,0.3481015314428375,0.5606524323634053,0.44181352258806394,0.4309963828018589,0.4309963828018589,0.06900361719814108
TT,AC,TD,SY,"['TT', 'AC', 'TD', 'SY']",TT + AC,TD + SY,TT|AC|TD|SY,"AC,TT||SY,TD",False,False,0.5961409160664504,0.5744460778904117,0.5461074292202153,0.42887437099408116,0.4318856283200087,0.5961981274221493,0.43004876135119285,0.43004876135119285,0.06995123864880715
TT,NS,CH,TD,"['TT', 'NS', 'CH', 'TD']",TT + NS,CH + TD,TT|NS|CH|TD,"CH,TD||NS,TT",False,True,0.6743701200765003,0.7114891130937564,0.10724020293436169,0.5102528206730185,0.6643691017955562,0.6914568352410165,0.5703581703108082,0.5703581703108082,0.07035817031080815
CH,TT,FZ,RS,"['CH', 'TT', 'FZ', 'RS']",CH + TT,FZ + RS,CH|TT|FZ|RS,"CH,TT||FZ,RS",False,True,0.607435009904608,0.64049862841951,0.336732026707055,0.515009430545994,0.6573786958596681,0.6703198287575367,0.570533444018327,0.570533444018327,0.07053344401832695
NS,TT,TD,CH,"['NS', 'TT', 'TD', 'CH']",NS + TT,TD + CH,NS|TT|TD|CH,"CH,TD||NS,TT",False,True,0.6743701200765003,0.7114891130937564,0.18049193967411137,0.49718804284340934,0.6868969319450953,0.6947444238464934,0.5711745095930668,0.5711745095930668,0.07117450959306681
FZ,AC,TT,NS,"['FZ', 'AC', 'TT', 'NS']",FZ + AC,TT + NS,FZ|AC|TT|NS,"AC,FZ||NS,TT",False,True,0.5765548427274185,0.6588211614178392,0.6101005757374176,0.5667694829370455,0.5789835207190775,0.5672492080025758,0.571532957672038,0.571532957672038,0.07153295767203804
CH,NS,TT,FZ,"['CH', 'NS', 'TT', 'FZ']",CH + NS,TT + FZ,CH|NS|TT|FZ,"CH,NS||FZ,TT",True,True,0.3884014633070332,0.3592718341564994,0.041359931006952934,0.3855215995230023,0.49550863446062954,0.29718200396045036,0.42841654314867694,0.42841654314867694,0.07158345685132306
FZ,RS,TD,NS,"['FZ', 'RS', 'TD', 'NS']",FZ + RS,TD + NS,FZ|RS|TD|NS,"FZ,RS||NS,TD",False,False,0.7384331300566465,0.7837449663317416,0.14362274824706375,0.5077719414917921,0.671529351920649,0.7497482102775107,0.5716373315590463,0.5716373315590463,0.07163733155904628
FZ,TD,NS,AC,"['FZ', 'TD', 'NS', 'AC']",FZ + TD,NS + AC,FZ|TD|NS|AC,"AC,NS||FZ,TD",False,True,0.5845748359375317,0.5785645821780329,0.09350052475321867,0.3876464637439526,0.4918453657774011,0.5198621747232199,0.42828403553699756,0.42828403553699756,0.07171596446300244
NS,CH,FZ,SY,"['NS', 'CH', 'FZ', 'SY']",NS + CH,FZ + SY,NS|CH|FZ|SY,"CH,NS||FZ,SY",False,True,0.3546279114014337,0.24000351648487744,0.13153810847665606,0.3303744444094239,0.5802559585596345,0.2234454143560678,0.42782823492800603,0.42782823492800603,0.07217176507199397
FZ,TD,CH,AC,"['FZ', 'TD', 'CH', 'AC']",FZ + TD,CH + AC,FZ|TD|CH|AC,"AC,CH||FZ,TD",False,True,0.49210049126268995,0.4606279083105353,0.11125337763161192,0.3076724317217894,0.6146685642950709,0.43289996788722473,0.4274009234253692,0.4274009234253692,0.07259907657463083
SY,AC,FZ,RS,"['SY', 'AC', 'FZ', 'RS']",SY + AC,FZ + RS,SY|AC|FZ|RS,"AC,SY||FZ,RS",False,False,0.3995160464976347,0.5036184375099324,0.41605068224959185,0.34806794118945933,0.5512481568300874,0.5027503104633757,0.4273082252893043,0.4273082252893043,0.07269177471069571
RS,FZ,TD,SY,"['RS', 'FZ', 'TD', 'SY']",RS + FZ,TD + SY,RS|FZ|TD|SY,"FZ,RS||SY,TD",False,False,0.7194256434182954,0.6977071581776929,0.6391434918937905,0.4811594626672074,0.7160043450618231,0.6825856182707009,0.5727489668011075,0.5727489668011075,0.07274896680110754
SY,NS,TT,CH,"['SY', 'NS', 'TT', 'CH']",SY + NS,TT + CH,SY|NS|TT|CH,"CH,TT||NS,SY",False,True,0.4431317290065725,0.5187149407483014,0.8818387090949444,0.48354014091830855,0.7126282327223323,0.4761432159058923,0.5728844967218778,0.5728844967218778,0.0728844967218778
TT,SY,AC,FZ,"['TT', 'SY', 'AC', 'FZ']",TT + SY,AC + FZ,TT|SY|AC|FZ,"AC,FZ||SY,TT",False,True,0.4470937193058984,0.44454415676858305,0.05670115564706513,0.3621653081483717,0.5272808817759989,0.4380247096089428,0.42656038186314627,0.42656038186314627,0.07343961813685373
FZ,RS,AC,NS,"['FZ', 'RS', 'AC', 'NS']",FZ + RS,AC + NS,FZ|RS|AC|NS,"AC,NS||FZ,RS",False,True,0.6233303683430563,0.602040430839962,0.23507595767487008,0.47338126940625314,0.7313294270076997,0.5324843988478024,0.5739810508708172,0.5739810508708172,0.07398105087081719
TT,NS,TD,CH,"['TT', 'NS', 'TD', 'CH']",TT + NS,TD + CH,TT|NS|TD|CH,"CH,TD||NS,TT",False,True,0.6743701200765003,0.7114891130937564,0.1734764939890203,0.5018705710818137,0.686867861509575,0.6965353877371284,0.5740195143486406,0.5740195143486406,0.07401951434864062
NS,AC,SY,TD,"['NS', 'AC', 'SY', 'TD']",NS + AC,SY + TD,NS|AC|SY|TD,"AC,NS||SY,TD",False,False,0.607760014497249,0.6038322531852813,0.5881837460693663,0.47775197414626336,0.7249334520912388,0.6177512844600178,0.5741527505448039,0.5741527505448039,0.07415275054480386
FZ,TD,AC,NS,"['FZ', 'TD', 'AC', 'NS']",FZ + TD,AC + NS,FZ|TD|AC|NS,"AC,NS||FZ,TD",False,True,0.5845748359375317,0.5785645821780329,0.09350052475321867,0.38433754925661334,0.48966668659729495,0.5267233514451584,0.42541591281947916,0.42541591281947916,0.07458408718052084
RS,NS,AC,TD,"['RS', 'NS', 'AC', 'TD']",RS + NS,AC + TD,RS|NS|AC|TD,"AC,TD||NS,RS",False,False,0.6851818902095456,0.6754928706541484,0.2658532994780018,0.3877284175850053,0.48427602560325494,0.5397210039407309,0.4253819847121227,0.4253819847121227,0.07461801528787732
AC,CH,TD,FZ,"['AC', 'CH', 'TD', 'FZ']",AC + CH,TD + FZ,AC|CH|TD|FZ,"AC,CH||FZ,TD",False,True,0.50789950873731,0.5393720916894646,0.39226538233973773,0.3908463976555508,0.4790250755872448,0.536591739567904,0.42523608204891145,0.42523608204891145,0.07476391795108855
AC,FZ,SY,TT,"['AC', 'FZ', 'SY', 'TT']",AC + FZ,SY + TT,AC|FZ|SY|TT,"AC,FZ||SY,TT",True,True,0.5529062806941015,0.555455843231417,0.17715707414613932,0.4615675386756539,0.7528819360815029,0.5413479506752691,0.5751801536639349,0.5751801536639349,0.07518015366393493
SY,NS,TT,FZ,"['SY', 'NS', 'TT', 'FZ']",SY + NS,TT + FZ,SY|NS|TT|FZ,"FZ,TT||NS,SY",False,True,0.3249767749202505,0.349059427703002,0.28537598253299074,0.3545532017824717,0.53365693002493,0.17983332895247783,0.42440365579703043,0.42440365579703043,0.07559634420296957
CH,NS,FZ,RS,"['CH', 'NS', 'FZ', 'RS']",CH + NS,FZ + RS,CH|NS|FZ|RS,"CH,NS||FZ,RS",True,True,0.6189368778375494,0.6685455760286974,0.23231272348617912,0.5531690872196354,0.6113856640401699,0.7732706986910945,0.5758735521796439,0.5758735521796439,0.07587355217964387
RS,TT,AC,TD,"['RS', 'TT', 'AC', 'TD']",RS + TT,AC + TD,RS|TT|AC|TD,"AC,TD||RS,TT",False,False,0.674628403557202,0.6479008556440682,0.11308433337021098,0.3991001418637616,0.4630216453216676,0.5059828256906548,0.42402952821234496,0.42402952821234496,0.07597047178765504
AC,NS,FZ,RS,"['AC', 'NS', 'FZ', 'RS']",AC + NS,FZ + RS,AC|NS|FZ|RS,"AC,NS||FZ,RS",False,True,0.37666963165694367,0.39795956916003805,0.12744217667412933,0.3203979024551765,0.5850841211794777,0.43732245563356326,0.423625527757654,0.423625527757654,0.076374472242346
AC,NS,TT,TD,"['AC', 'NS', 'TT', 'TD']",AC + NS,TT + TD,AC|NS|TT|TD,"AC,NS||TD,TT",False,False,0.6416717886045051,0.7277156894490447,0.5317425361625843,0.4714820175698307,0.7415534013941758,0.7227640889418773,0.5768098572613253,0.5768098572613253,0.07680985726132528
NS,AC,TD,TT,"['NS', 'AC', 'TD', 'TT']",NS + AC,TD + TT,NS|AC|TD|TT,"AC,NS||TD,TT",False,False,0.6416717886045051,0.7277156894490447,0.5588896583836647,0.4964505132478495,0.7029827492363465,0.6819975392969416,0.5769980852833634,0.5769980852833634,0.07699808528336338
SY,TT,AC,FZ,"['SY', 'TT', 'AC', 'FZ']",SY + TT,AC + FZ,SY|TT|AC|FZ,"AC,FZ||SY,TT",False,True,0.4470937193058984,0.44454415676858305,0.09768533303691673,0.3770495712125001,0.49420698361551035,0.42394522384971717,0.4227409620496741,0.4227409620496741,0.0772590379503259
NS,CH,FZ,RS,"['NS', 'CH', 'FZ', 'RS']",NS + CH,FZ + RS,NS|CH|FZ|RS,"CH,NS||FZ,RS",False,True,0.6189368778375494,0.6685455760286974,0.23231272348617912,0.5392421170163494,0.6372509765562625,0.7683873904213793,0.5774655722369155,0.5774655722369155,0.07746557223691553
CH,SY,FZ,AC,"['CH', 'SY', 'FZ', 'AC']",CH + SY,FZ + AC,CH|SY|FZ|AC,"AC,FZ||CH,SY",False,True,0.5521244021356062,0.5927272453550989,0.8939589309490011,0.5908873985880638,0.5603240526951685,0.6392002848812135,0.5789676936898347,0.5789676936898347,0.0789676936898347
AC,TT,RS,NS,"['AC', 'TT', 'RS', 'NS']",AC + TT,RS + NS,AC|TT|RS|NS,"AC,TT||NS,RS",False,False,0.5801797659675225,0.6531619259699859,0.07882344094140217,0.3697173737168552,0.5008310870125982,0.5966291257489703,0.42085172190219494,0.42085172190219494,0.07914827809780506
FZ,AC,TT,CH,"['FZ', 'AC', 'TT', 'CH']",FZ + AC,TT + CH,FZ|AC|TT|CH,"AC,FZ||CH,TT",True,True,0.48387146626387373,0.544257960789787,0.29996307036873543,0.4877840232362422,0.722783070780657,0.4872439370191303,0.579433651778564,0.579433651778564,0.07943365177856399
TD,FZ,NS,RS,"['TD', 'FZ', 'NS', 'RS']",TD + FZ,NS + RS,TD|FZ|NS|RS,"FZ,TD||NS,RS",False,False,0.6711936857702195,0.7466292862848971,0.06633974256662246,0.43817024845443747,0.8004775537887002,0.7095682491756053,0.5794700975347999,0.5794700975347999,0.07947009753479994
AC,FZ,TT,SY,"['AC', 'FZ', 'TT', 'SY']",AC + FZ,TT + SY,AC|FZ|TT|SY,"AC,FZ||SY,TT",True,True,0.5529062806941015,0.555455843231417,0.187460627713234,0.45356022050866107,0.7766017492556545,0.5367107170003209,0.5795464167199885,0.5795464167199885,0.07954641671998852
AC,SY,TD,FZ,"['AC', 'SY', 'TD', 'FZ']",AC + SY,TD + FZ,AC|SY|TD|FZ,"AC,SY||FZ,TD",False,True,0.4389668399269545,0.5278944715282134,0.1994144483022398,0.33395361914821237,0.5556230499279814,0.46496487231504163,0.4204046971523223,0.4204046971523223,0.07959530284767768
FZ,AC,CH,TT,"['FZ', 'AC', 'CH', 'TT']",FZ + AC,CH + TT,FZ|AC|CH|TT,"AC,FZ||CH,TT",True,True,0.48387146626387373,0.544257960789787,0.30281576022175,0.48784047954865367,0.7232450763904124,0.4925406153328037,0.5796482723169396,0.5796482723169396,0.0796482723169396
TD,TT,AC,RS,"['TD', 'TT', 'AC', 'RS']",TD + TT,AC + RS,TD|TT|AC|RS,"AC,RS||TD,TT",False,False,0.5998745488135132,0.6022072360073211,0.49887056486128534,0.38409733802673224,0.4766360038087912,0.5369704906740248,0.42018741768173523,0.42018741768173523,0.07981258231826477
CH,RS,AC,TD,"['CH', 'RS', 'AC', 'TD']",CH + RS,AC + TD,CH|RS|AC|TD,"AC,TD||CH,RS",False,True,0.7596702058491354,0.7734407582209055,0.33751710888820846,0.4581000077119566,0.7708974071309307,0.7189293955556825,0.5800909934853564,0.5800909934853564,0.08009099348535642
FZ,TD,AC,TT,"['FZ', 'TD', 'AC', 'TT']",FZ + TD,AC + TT,FZ|TD|AC|TT,"AC,TT||FZ,TD",False,True,0.5963013531718001,0.6075813321215328,0.6101635814003796,0.46235124332488575,0.7649063005964364,0.6204406516374867,0.5803477156607906,0.5803477156607906,0.08034771566079058
TT,RS,TD,AC,"['TT', 'RS', 'TD', 'AC']",TT + RS,TD + AC,TT|RS|TD|AC,"AC,TD||RS,TT",False,False,0.674628403557202,0.6479008556440682,0.22017234743016306,0.39069938994155434,0.46461949276381864,0.4974522454462287,0.4195282300422374,0.4195282300422374,0.08047176995776262
SY,AC,TD,FZ,"['SY', 'AC', 'TD', 'FZ']",SY + AC,TD + FZ,SY|AC|TD|FZ,"AC,SY||FZ,TD",False,True,0.4389668399269545,0.5278944715282134,0.5508688694127468,0.36877608232707154,0.4983818930770325,0.4750811235037932,0.4193223485195563,0.4193223485195563,0.0806776514804437
AC,TT,TD,NS,"['AC', 'TT', 'TD', 'NS']",AC + TT,TD + NS,AC|TT|TD|NS,"AC,TT||NS,TD",False,False,0.6190781408415987,0.6756618352590782,0.020123132944690883,0.38917931539587736,0.46455757314656904,0.6062708979647432,0.41857683591864714,0.41857683591864714,0.08142316408135286
AC,TT,TD,SY,"['AC', 'TT', 'TD', 'SY']",AC + TT,TD + SY,AC|TT|TD|SY,"AC,TT||SY,TD",False,False,0.5961409160664504,0.5744460778904117,0.19454467540593495,0.3857251670460817,0.4689910044293179,0.5631190528935173,0.4181988436255438,0.4181988436255438,0.08180115637445617
SY,CH,FZ,AC,"['SY', 'CH', 'FZ', 'AC']",SY + CH,FZ + AC,SY|CH|FZ|AC,"AC,FZ||CH,SY",False,True,0.5521244021356062,0.5927272453550989,0.8939589309490011,0.5958985784073527,0.5605454664645806,0.5908817891096858,0.5821108647496716,0.5821108647496716,0.08211086474967155
TD,FZ,SY,RS,"['TD', 'FZ', 'SY', 'RS']",TD + FZ,SY + RS,TD|FZ|SY|RS,"FZ,TD||RS,SY",False,False,0.6496184983640899,0.6543427472598665,0.21930407906406332,0.4148453560897149,0.8451588341931178,0.6696376272960544,0.5826676125500421,0.5826676125500421,0.08266761255004207
FZ,TD,RS,SY,"['FZ', 'TD', 'RS', 'SY']",FZ + TD,RS + SY,FZ|TD|RS|SY,"FZ,TD||RS,SY",False,False,0.6496184983640899,0.6543427472598665,0.07937030480653402,0.4485562320988834,0.792440158884381,0.7045122174778012,0.5826709635452275,0.5826709635452275,0.08267096354522752
CH,NS,FZ,TT,"['CH', 'NS', 'FZ', 'TT']",CH + NS,FZ + TT,CH|NS|FZ|TT,"CH,NS||FZ,TT",True,True,0.3884014633070332,0.3592718341564994,0.03581478599357898,0.3854249089475556,0.46659768224690956,0.3145418733783982,0.4170822905343037,0.4170822905343037,0.08291770946569632
NS,CH,FZ,TT,"['NS', 'CH', 'FZ', 'TT']",NS + CH,FZ + TT,NS|CH|FZ|TT,"CH,NS||FZ,TT",True,True,0.3884014633070332,0.3592718341564994,0.03581478599357898,0.3638686519891258,0.49688225183753615,0.3114236758893976,0.41574395593000585,0.41574395593000585,0.08425604406999415
CH,TD,RS,NS,"['CH', 'TD', 'RS', 'NS']",CH + TD,RS + NS,CH|TD|RS|NS,"CH,TD||NS,RS",False,False,0.552569285951843,0.5925212981985248,0.07669529749387255,0.33496780130244935,0.541732858304376,0.5390871273359976,0.41560617353320073,0.41560617353320073,0.08439382646679927
AC,TT,RS,SY,"['AC', 'TT', 'RS', 'SY']",AC + TT,RS + SY,AC|TT|RS|SY,"AC,TT||RS,SY",False,False,0.5565779506174559,0.5504158956448203,0.20338857824845322,0.3606477303561689,0.5013707711188077,0.5414389102270729,0.415529716253598,0.415529716253598,0.08447028374640198
NS,RS,TD,AC,"['NS', 'RS', 'TD', 'AC']",NS + RS,TD + AC,NS|RS|TD|AC,"AC,TD||NS,RS",False,False,0.6851818902095456,0.6754928706541484,0.09496614047463273,0.3714162814121283,0.48231853947724523,0.5392166836483755,0.4146681620575239,0.4146681620575239,0.08533183794247612
FZ,RS,TD,SY,"['FZ', 'RS', 'TD', 'SY']",FZ + RS,TD + SY,FZ|RS|TD|SY,"FZ,RS||SY,TD",False,False,0.7194256434182954,0.6977071581776929,0.6202515305973274,0.5175251667606656,0.6914601813667164,0.684887057270666,0.5853598224570253,0.5853598224570253,0.08535982245702534
AC,NS,TD,CH,"['AC', 'NS', 'TD', 'CH']",AC + NS,TD + CH,AC|NS|TD|CH,"AC,NS||CH,TD",False,False,0.5401507200680781,0.593108618810645,0.009830839761761922,0.3044062564411216,0.5834765231307029,0.5108873149035625,0.41324366045005834,0.41324366045005834,0.08675633954994166
FZ,RS,CH,AC,"['FZ', 'RS', 'CH', 'AC']",FZ + RS,CH + AC,FZ|RS|CH|AC,"AC,CH||FZ,RS",False,True,0.5325850475194657,0.4849742594953216,0.24274161550273213,0.3088372139655449,0.5758648160589137,0.4370662906251836,0.41297797878195874,0.41297797878195874,0.08702202121804126
CH,NS,TD,FZ,"['CH', 'NS', 'TD', 'FZ']",CH + NS,TD + FZ,CH|NS|TD|FZ,"CH,NS||FZ,TD",False,True,0.6563711164676304,0.6907648143481752,0.6306653057789631,0.5470638357347566,0.6506885494903176,0.7843194830801955,0.5874774740994253,0.5874774740994253,0.0874774740994253
NS,SY,TT,FZ,"['NS', 'SY', 'TT', 'FZ']",NS + SY,TT + FZ,NS|SY|TT|FZ,"FZ,TT||NS,SY",True,True,0.3249767749202505,0.349059427703002,0.11316350439579177,0.32542463744745104,0.546991282370403,0.18939684542047802,0.41183562896740233,0.41183562896740233,0.08816437103259767
FZ,TD,RS,NS,"['FZ', 'TD', 'RS', 'NS']",FZ + TD,RS + NS,FZ|TD|RS|NS,"FZ,TD||NS,RS",False,False,0.6711936857702195,0.7466292862848971,0.019304830648296963,0.46921930805496764,0.7744595515609725,0.7102843076490888,0.5882630030223095,0.5882630030223095,0.0882630030223095
SY,TT,CH,NS,"['SY', 'TT', 'CH', 'NS']",SY + TT,CH + NS,SY|TT|CH|NS,"CH,NS||SY,TT",False,True,0.4193476380486207,0.4584655232975048,0.5346172554183001,0.40053564026021177,0.4283801686462632,0.364493933371051,0.41139500633077186,0.41139500633077186,0.08860499366922814
TD,SY,AC,RS,"['TD', 'SY', 'AC', 'RS']",TD + SY,AC + RS,TD|SY|AC|RS,"AC,RS||SY,TD",False,False,0.6340575804278988,0.7253728031229365,0.5870097294832205,0.4516593600277919,0.8030603960229835,0.6778459001778138,0.5887057640659166,0.5887057640659166,0.08870576406591657
SY,AC,TT,NS,"['SY', 'AC', 'TT', 'NS']",SY + AC,TT + NS,SY|AC|TT|NS,"AC,SY||NS,TT",False,False,0.38441695128046277,0.47812208420216606,0.38658379345361876,0.3524139097074034,0.5012179464255818,0.3817498139566902,0.410447484027493,0.410447484027493,0.08955251597250702
RS,FZ,NS,TD,"['RS', 'FZ', 'NS', 'TD']",RS + FZ,NS + TD,RS|FZ|NS|TD,"FZ,RS||NS,TD",False,False,0.7384331300566465,0.7837449663317416,0.37304859006985863,0.4817803313862115,0.7648516383270089,0.7312120089603013,0.5921781410931225,0.5921781410931225,0.0921781410931225
TD,CH,RS,NS,"['TD', 'CH', 'RS', 'NS']",TD + CH,RS + NS,TD|CH|RS|NS,"CH,TD||NS,RS",False,False,0.552569285951843,0.5925212981985248,0.07683209868969511,0.32452885539172927,0.5366130161010425,0.5172533596793008,0.4072416780683614,0.4072416780683614,0.09275832193163858
FZ,RS,AC,CH,"['FZ', 'RS', 'AC', 'CH']",FZ + RS,AC + CH,FZ|RS|AC|CH,"AC,CH||FZ,RS",False,True,0.5325850475194657,0.4849742594953216,0.24442906804059256,0.3061167674916738,0.5654034914803804,0.43500182500782875,0.40723858984726935,0.40723858984726935,0.09276141015273065
SY,AC,NS,TT,"['SY', 'AC', 'NS', 'TT']",SY + AC,NS + TT,SY|AC|NS|TT,"AC,SY||NS,TT",False,False,0.38441695128046277,0.47812208420216606,0.3620373121587435,0.36353732259838123,0.4753020954009995,0.3728940341586313,0.40712558399140236,0.40712558399140236,0.09287441600859764
NS,CH,TD,FZ,"['NS', 'CH', 'TD', 'FZ']",NS + CH,TD + FZ,NS|CH|TD|FZ,"CH,NS||FZ,TD",False,True,0.6563711164676304,0.6907648143481752,0.6306653057789631,0.5378822359018409,0.6804780438462302,0.7857638506958647,0.5934946010001527,0.5934946010001527,0.09349460100015272
SY,AC,RS,FZ,"['SY', 'AC', 'RS', 'FZ']",SY + AC,RS + FZ,SY|AC|RS|FZ,"AC,SY||FZ,RS",False,False,0.3995160464976347,0.5036184375099324,0.20341250182876425,0.3382731418362359,0.5129940736142066,0.45486050687592766,0.4064143052296445,0.4064143052296445,0.0935856947703555
AC,SY,FZ,RS,"['AC', 'SY', 'FZ', 'RS']",AC + SY,FZ + RS,AC|SY|FZ|RS,"AC,SY||FZ,RS",False,False,0.3995160464976347,0.5036184375099324,0.12640265342597565,0.30386814984771787,0.5640634500166759,0.5034681881078023,0.4053443169136115,0.4053443169136115,0.0946556830863885
FZ,TD,TT,CH,"['FZ', 'TD', 'TT', 'CH']",FZ + TD,TT + CH,FZ|TD|TT|CH,"CH,TT||FZ,TD",False,True,0.35464827900544477,0.3366593028217424,0.2033411552471503,0.3658681910103276,0.46667962636835625,0.3379411327929583,0.4051846507999588,0.4051846507999588,0.0948153492000412
SY,NS,FZ,TT,"['SY', 'NS', 'FZ', 'TT']",SY + NS,FZ + TT,SY|NS|FZ|TT,"FZ,TT||NS,SY",False,True,0.3249767749202505,0.349059427703002,0.2997154199943065,0.3475919278736916,0.4949767554506403,0.1721394351434347,0.4050720106287016,0.4050720106287016,0.09492798937129843
SY,TD,AC,RS,"['SY', 'TD', 'AC', 'RS']",SY + TD,AC + RS,SY|TD|AC|RS,"AC,RS||SY,TD",False,False,0.6340575804278988,0.7253728031229365,0.5870097294832205,0.45820102669445867,0.8095361581989794,0.6724810125476738,0.5952217279812217,0.5952217279812217,0.09522172798122175
TD,FZ,CH,TT,"['TD', 'FZ', 'CH', 'TT']",TD + FZ,CH + TT,TD|FZ|CH|TT,"CH,TT||FZ,TD",False,True,0.35464827900544477,0.3366593028217424,0.25546515879893916,0.34440735259701216,0.49846862371137507,0.26124775182107146,0.40449124833161365,0.40449124833161365,0.09550875166838635
TT,NS,CH,SY,"['TT', 'NS', 'CH', 'SY']",TT + NS,CH + SY,TT|NS|CH|SY,"CH,SY||NS,TT",False,True,0.37334240061612056,0.2602445581199534,0.03565786122863073,0.3473769714819,0.49208504708058787,0.23819689429832497,0.40381312096538824,0.40381312096538824,0.09618687903461176
FZ,RS,NS,TD,"['FZ', 'RS', 'NS', 'TD']",FZ + RS,NS + TD,FZ|RS|NS|TD,"FZ,RS||NS,TD",False,False,0.7384331300566465,0.7837449663317416,0.35385807614713766,0.5152101099409899,0.72421524828793,0.7415555530882906,0.5967221138962966,0.5967221138962966,0.09672211389629659
SY,TT,NS,CH,"['SY', 'TT', 'NS', 'CH']",SY + TT,NS + CH,SY|TT|NS|CH,"CH,NS||SY,TT",False,True,0.4193476380486207,0.4584655232975048,0.4924024765833831,0.3991114739943788,0.40921972330910816,0.3590211959791716,0.40305369122712326,0.40305369122712326,0.09694630877287674
CH,TT,FZ,NS,"['CH', 'TT', 'FZ', 'NS']",CH + TT,FZ + NS,CH|TT|FZ|NS,"CH,TT||FZ,NS",False,True,0.3656261890321632,0.3042980018117502,0.03528250216023024,0.353069311784854,0.4798446979474962,0.25503342941830837,0.4025117123882844,0.4025117123882844,0.09748828761171557
FZ,TD,CH,TT,"['FZ', 'TD', 'CH', 'TT']",FZ + TD,CH + TT,FZ|TD|CH|TT,"CH,TT||FZ,TD",False,True,0.35464827900544477,0.3366593028217424,0.2365677933438129,0.3659072614257278,0.45786833123356424,0.32967451217480875,0.401772078650784,0.401772078650784,0.09822792134921599
TT,NS,SY,CH,"['TT', 'NS', 'SY', 'CH']",TT + NS,SY + CH,TT|NS|SY|CH,"CH,SY||NS,TT",True,True,0.37334240061612056,0.2602445581199534,0.027759258395548388,0.34087726285719144,0.49530134145199006,0.2542609304069432,0.4011026535091629,0.4011026535091629,0.09889734649083709
TT,TD,RS,AC,"['TT', 'TD', 'RS', 'AC']",TT + TD,RS + AC,TT|TD|RS|AC,"AC,RS||TD,TT",False,False,0.5998745488135132,0.6022072360073211,0.24606861822014048,0.35813578062291207,0.46645802824595184,0.4936655528264887,0.40038145719589757,0.40038145719589757,0.09961854280410243
AC,SY,TT,NS,"['AC', 'SY', 'TT', 'NS']",AC + SY,TT + NS,AC|SY|TT|NS,"AC,SY||NS,TT",False,False,0.38441695128046277,0.47812208420216606,0.1352611676948887,0.29049949128225594,0.5716677212011566,0.38574963826285374,0.40015510095062723,0.40015510095062723,0.09984489904937277
AC,SY,NS,TT,"['AC', 'SY', 'NS', 'TT']",AC + SY,NS + TT,AC|SY|NS|TT,"AC,SY||NS,TT",False,False,0.38441695128046277,0.47812208420216606,0.12346082042715774,0.2924349729624114,0.5654066311318408,0.37844248163050165,0.39889391964848886,0.39889391964848886,0.10110608035151114
AC,SY,RS,FZ,"['AC', 'SY', 'RS', 'FZ']",AC + SY,RS + FZ,AC|SY|RS|FZ,"AC,SY||FZ,RS",False,False,0.3995160464976347,0.5036184375099324,0.049301568231464435,0.29766665045937,0.5558039154157093,0.43759887750951554,0.3983401837923423,0.3983401837923423,0.10165981620765768
NS,SY,TD,FZ,"['NS', 'SY', 'TD', 'FZ']",NS + SY,TD + FZ,NS|SY|TD|FZ,"FZ,TD||NS,SY",False,True,0.5915090696644743,0.6800370048698144,0.362358693459471,0.47344455422785187,0.8031629611461736,0.735884880180631,0.6020347329259974,0.6020347329259974,0.1020347329259974
TT,CH,NS,AC,"['TT', 'CH', 'NS', 'AC']",TT + CH,NS + AC,TT|CH|NS|AC,"AC,NS||CH,TT",False,True,0.71915040723865,0.733374841291635,0.38537391281926286,0.6361109669548033,0.5487554721502668,0.7486872140211429,0.6020423239810341,0.6020423239810341,0.10204232398103408
CH,TT,NS,SY,"['CH', 'TT', 'NS', 'SY']",CH + TT,NS + SY,CH|TT|NS|SY,"CH,TT||NS,SY",False,True,0.5568682709934276,0.4812850592516986,0.5723162261724083,0.44214310402180795,0.3286101236624352,0.5352011536078517,0.3978652416816526,0.3978652416816526,0.1021347583183474
TT,SY,CH,NS,"['TT', 'SY', 'CH', 'NS']",TT + SY,CH + NS,TT|SY|CH|NS,"CH,NS||SY,TT",False,True,0.4193476380486207,0.4584655232975048,0.3205299113055794,0.34857524699013437,0.47479331962777144,0.3543827519093576,0.39780029531881284,0.39780029531881284,0.10219970468118716
CH,TT,SY,NS,"['CH', 'TT', 'SY', 'NS']",CH + TT,SY + NS,CH|TT|SY|NS,"CH,TT||NS,SY",False,True,0.5568682709934276,0.4812850592516986,0.5372271504619207,0.43603893735514127,0.337914077882198,0.5186388449610604,0.39777024216069345,0.39777024216069345,0.10222975783930655
CH,AC,SY,NS,"['CH', 'AC', 'SY', 'NS']",CH + AC,SY + NS,CH|AC|SY|NS,"AC,CH||NS,SY",False,True,0.4161479803894953,0.3550370856570449,0.25419422564061805,0.3764722513882414,0.4302651817990334,0.2970864300236575,0.3974514942484503,0.3974514942484503,0.10254850575154972
RS,FZ,SY,TD,"['RS', 'FZ', 'SY', 'TD']",RS + FZ,SY + TD,RS|FZ|SY|TD,"FZ,RS||SY,TD",False,False,0.7194256434182954,0.6977071581776929,0.8523126276129115,0.4985471260659002,0.7661352410267532,0.6988257244228235,0.6029064909006329,0.6029064909006329,0.10290649090063286
FZ,TD,SY,RS,"['FZ', 'TD', 'SY', 'RS']",FZ + TD,SY + RS,FZ|TD|SY|RS,"FZ,TD||RS,SY",False,False,0.6496184983640899,0.6543427472598665,0.21930407906406332,0.4562197793359601,0.8327237909732026,0.678724599624258,0.6030563438744847,0.6030563438744847,0.1030563438744847
TT,CH,FZ,NS,"['TT', 'CH', 'FZ', 'NS']",TT + CH,FZ + NS,TT|CH|FZ|NS,"CH,TT||FZ,NS",False,True,0.3656261890321632,0.3042980018117502,0.03374861132995685,0.33424551306842004,0.494094075768029,0.2684301206449526,0.39658645252126756,0.39658645252126756,0.10341354747873244
RS,TT,TD,AC,"['RS', 'TT', 'TD', 'AC']",RS + TT,TD + AC,RS|TT|TD|AC,"AC,TD||RS,TT",False,False,0.674628403557202,0.6479008556440682,0.22069160398608048,0.37948726872943317,0.4232926967529637,0.5013973345427247,0.39657138565861005,0.39657138565861005,0.10342861434138995
NS,SY,CH,AC,"['NS', 'SY', 'CH', 'AC']",NS + SY,CH + AC,NS|SY|CH|AC,"AC,CH||NS,SY",False,True,0.5838520196105047,0.6449629143429552,0.825164239512664,0.5466172930832325,0.6930871864281205,0.6260939306743335,0.6037405514877388,0.6037405514877388,0.10374055148773875
TD,FZ,AC,NS,"['TD', 'FZ', 'AC', 'NS']",TD + FZ,AC + NS,TD|FZ|AC|NS,"AC,NS||FZ,TD",True,True,0.5845748359375317,0.5785645821780329,0.0936642605418211,0.3449791289337086,0.4764299970683425,0.5513582465296994,0.3962449675062158,0.3962449675062158,0.1037550324937842
NS,AC,TT,TD,"['NS', 'AC', 'TT', 'TD']",NS + AC,TT + TD,NS|AC|TT|TD,"AC,NS||TD,TT",False,False,0.6416717886045051,0.7277156894490447,0.8500546143979538,0.5115276802404936,0.7486495351183452,0.7224199353055737,0.6040052036428557,0.6040052036428557,0.1040052036428557
TD,FZ,RS,TT,"['TD', 'FZ', 'RS', 'TT']",TD + FZ,RS + TT,TD|FZ|RS|TT,"FZ,TD||RS,TT",False,False,0.6818060327156087,0.7694698855972635,0.1603155127345639,0.4884491263243432,0.7849384400588965,0.7409813836035521,0.604079958680819,0.604079958680819,0.10407995868081898
TD,FZ,TT,CH,"['TD', 'FZ', 'TT', 'CH']",TD + FZ,TT + CH,TD|FZ|TT|CH,"CH,TT||FZ,TD",False,True,0.35464827900544477,0.3366593028217424,0.2203504127966874,0.34418971075304045,0.47606069784876515,0.23309480601400598,0.3956193957203731,0.3956193957203731,0.10438060427962692
NS,TT,SY,CH,"['NS', 'TT', 'SY', 'CH']",NS + TT,SY + CH,NS|TT|SY|CH,"CH,SY||NS,TT",False,True,0.37334240061612056,0.2602445581199534,0.027759258395548388,0.3373815934588719,0.4846035638788717,0.2768053425229996,0.3947981619226718,0.3947981619226718,0.10520183807732819
NS,AC,FZ,TD,"['NS', 'AC', 'FZ', 'TD']",NS + AC,FZ + TD,NS|AC|FZ|TD,"AC,NS||FZ,TD",False,True,0.41542516406246843,0.42143541782196714,0.7532502168492217,0.39329905208559346,0.39694947482343684,0.4601373451162162,0.39472271695335237,0.39472271695335237,0.10527728304664763
NS,TT,CH,SY,"['NS', 'TT', 'CH', 'SY']",NS + TT,CH + SY,NS|TT|CH|SY,"CH,SY||NS,TT",False,True,0.37334240061612056,0.2602445581199534,0.03565786122863073,0.34471463541691383,0.47291267961766525,0.2524937287479279,0.3947118726552069,0.3947118726552069,0.10528812734479309
CH,AC,NS,SY,"['CH', 'AC', 'NS', 'SY']",CH + AC,NS + SY,CH|AC|NS|SY,"AC,CH||NS,SY",True,True,0.4161479803894953,0.3550370856570449,0.25419422564061805,0.3822836548970133,0.413602362841848,0.2908651067590897,0.39449795099549884,0.39449795099549884,0.10550204900450116
TT,SY,NS,AC,"['TT', 'SY', 'NS', 'AC']",TT + SY,NS + AC,TT|SY|NS|AC,"AC,NS||SY,TT",False,True,0.6600000531100364,0.7231788837083527,0.3952510358932682,0.5805866120731891,0.6447034429382599,0.6163787302637678,0.6055921761105667,0.6055921761105667,0.1055921761105667
RS,FZ,AC,CH,"['RS', 'FZ', 'AC', 'CH']",RS + FZ,AC + CH,RS|FZ|AC|CH,"AC,CH||FZ,RS",False,True,0.5325850475194657,0.4849742594953216,0.2597024021535463,0.28062861736017886,0.5723259391157988,0.45281485561830176,0.3943905728448706,0.3943905728448706,0.10560942715512939
NS,SY,FZ,TD,"['NS', 'SY', 'FZ', 'TD']",NS + SY,FZ + TD,NS|SY|FZ|TD,"FZ,TD||NS,SY",False,True,0.5915090696644743,0.6800370048698144,0.8240695026513268,0.4967283289176249,0.776103346650297,0.7357148089387006,0.605684585833367,0.605684585833367,0.10568458583336704
CH,TT,NS,FZ,"['CH', 'TT', 'NS', 'FZ']",CH + TT,NS + FZ,CH|TT|NS|FZ,"CH,TT||FZ,NS",False,True,0.3656261890321632,0.3042980018117502,0.020631206953594806,0.3404828990146178,0.47842885025777554,0.2691263316669783,0.39428181999944933,0.39428181999944933,0.10571818000055067
TT,CH,SY,NS,"['TT', 'CH', 'SY', 'NS']",TT + CH,SY + NS,TT|CH|SY|NS,"CH,TT||NS,SY",False,True,0.5568682709934276,0.4812850592516986,0.4211739902332144,0.41399476338990754,0.3633193988881531,0.4988771295838415,0.3942313712342233,0.3942313712342233,0.1057686287657767
AC,SY,RS,NS,"['AC', 'SY', 'RS', 'NS']",AC + SY,RS + NS,AC|SY|RS|NS,"AC,SY||NS,RS",False,False,0.6149653851539265,0.7690981936914466,0.05812932721640917,0.49646403311334003,0.7768395753374248,0.7430585537127338,0.6058104945807331,0.6058104945807331,0.1058104945807331
AC,SY,TD,TT,"['AC', 'SY', 'TD', 'TT']",AC + SY,TD + TT,AC|SY|TD|TT,"AC,SY||TD,TT",True,True,0.6634828213364831,0.8083153839883651,0.4179806121785574,0.5196184109761252,0.741180870898898,0.7417262889540135,0.6060277703460066,0.6060277703460066,0.10602777034600663
CH,TT,NS,AC,"['CH', 'TT', 'NS', 'AC']",CH + TT,NS + AC,CH|TT|NS|AC,"AC,NS||CH,TT",False,True,0.71915040723865,0.733374841291635,0.4745400810910854,0.6503801750766098,0.5385698931728343,0.7520917071379931,0.6067741651341374,0.6067741651341374,0.1067741651341374
RS,FZ,CH,AC,"['RS', 'FZ', 'CH', 'AC']",RS + FZ,CH + AC,RS|FZ|CH|AC,"AC,CH||FZ,RS",False,True,0.5325850475194657,0.4849742594953216,0.25794550479054096,0.2828044209769071,0.565043219896288,0.4442447880743109,0.39287755255546564,0.39287755255546564,0.10712244744453436
AC,NS,CH,TD,"['AC', 'NS', 'CH', 'TD']",AC + NS,CH + TD,AC|NS|CH|TD,"AC,NS||CH,TD",False,False,0.5401507200680781,0.593108618810645,0.02789473842861,0.30614520755849745,0.5284148076758668,0.5380688421453208,0.3928303516042715,0.3928303516042715,0.10716964839572851
SY,NS,TD,FZ,"['SY', 'NS', 'TD', 'FZ']",SY + NS,TD + FZ,SY|NS|TD|FZ,"FZ,TD||NS,SY",False,True,0.5915090696644743,0.6800370048698144,0.7299071004402828,0.4937588838508267,0.7857671672260035,0.7522453359367555,0.6076421143671457,0.6076421143671457,0.10764211436714566
FZ,TD,NS,RS,"['FZ', 'TD', 'NS', 'RS']",FZ + TD,NS + RS,FZ|TD|NS|RS,"FZ,TD||NS,RS",False,False,0.6711936857702195,0.7466292862848971,0.06622028315591688,0.47698702195871107,0.8120002594153518,0.7096771152041403,0.607642184566801,0.607642184566801,0.10764218456680097
SY,NS,FZ,TD,"['SY', 'NS', 'FZ', 'TD']",SY + NS,FZ + TD,SY|NS|FZ|TD,"FZ,TD||NS,SY",False,True,0.5915090696644743,0.6800370048698144,0.9570351785679758,0.5122117743562908,0.7579911132025443,0.7767672727496651,0.6080657165063297,0.6080657165063297,0.10806571650632968
TT,SY,NS,CH,"['TT', 'SY', 'NS', 'CH']",TT + SY,NS + CH,TT|SY|NS|CH,"CH,NS||SY,TT",False,True,0.4193476380486207,0.4584655232975048,0.2848721298413525,0.3487989422763297,0.45920506030338876,0.35612044127490344,0.3918573283068827,0.3918573283068827,0.10814267169311731
TD,FZ,NS,AC,"['TD', 'FZ', 'NS', 'AC']",TD + FZ,NS + AC,TD|FZ|NS|AC,"AC,NS||FZ,TD",False,True,0.5845748359375317,0.5785645821780329,0.0936642605418211,0.34650728945279374,0.4624667630514536,0.5493121600992712,0.3917314841562711,0.3917314841562711,0.10826851584372887
NS,SY,AC,CH,"['NS', 'SY', 'AC', 'CH']",NS + SY,AC + CH,NS|SY|AC|CH,"AC,CH||NS,SY",False,True,0.5838520196105047,0.6449629143429552,0.8048276738554755,0.5431466924878836,0.7107486587143793,0.6151041884746855,0.6085114593162169,0.6085114593162169,0.10851145931621686
CH,TT,FZ,SY,"['CH', 'TT', 'FZ', 'SY']",CH + TT,FZ + SY,CH|TT|FZ|SY,"CH,TT||FZ,SY",False,True,0.34360881182528663,0.21756850246530696,0.09459101839169023,0.34906492106402204,0.457831309936265,0.2361543779311293,0.39148381272419674,0.39148381272419674,0.10851618727580326
TD,FZ,TT,RS,"['TD', 'FZ', 'TT', 'RS']",TD + FZ,TT + RS,TD|FZ|TT|RS,"FZ,TD||RS,TT",False,False,0.6818060327156087,0.7694698855972635,0.3621932051682132,0.4987844411379834,0.7803536928784532,0.7180449163787971,0.6085964493167666,0.6085964493167666,0.1085964493167666
TD,FZ,AC,CH,"['TD', 'FZ', 'AC', 'CH']",TD + FZ,AC + CH,TD|FZ|AC|CH,"AC,CH||FZ,TD",True,True,0.49210049126268995,0.4606279083105353,0.11186616266278503,0.2762851017019851,0.5709596264075127,0.3935684021225892,0.3912081663371409,0.3912081663371409,0.1087918336628591
TT,CH,NS,SY,"['TT', 'CH', 'NS', 'SY']",TT + CH,NS + SY,TT|CH|NS|SY,"CH,TT||NS,SY",False,True,0.5568682709934276,0.4812850592516986,0.4211739902332144,0.41707809672324087,0.34989637023789616,0.5138778733910596,0.3908772233939564,0.3908772233939564,0.10912277660604358
CH,RS,SY,TD,"['CH', 'RS', 'SY', 'TD']",CH + RS,SY + TD,CH|RS|SY|TD,"CH,RS||SY,TD",False,True,0.6080404235796942,0.535345315584263,0.5875678255970109,0.4543558124870833,0.2914439859357393,0.5400703242660755,0.3908202001320591,0.3908202001320591,0.10917979986794091
SY,RS,TT,TD,"['SY', 'RS', 'TT', 'TD']",SY + RS,TT + TD,SY|RS|TT|TD,"RS,SY||TD,TT",False,True,0.5761155129783231,0.6551718614397803,0.9048683746489212,0.32935828165462594,0.48589030920809345,0.5228184454340967,0.39040577240047825,0.39040577240047825,0.10959422759952175
RS,NS,TD,AC,"['RS', 'NS', 'TD', 'AC']",RS + NS,TD + AC,RS|NS|TD|AC,"AC,TD||NS,RS",False,False,0.6851818902095456,0.6754928706541484,0.09522616761517948,0.3631433222284548,0.4313777777251928,0.5315448556926198,0.3897547598721826,0.3897547598721826,0.11024524012781739
CH,TT,SY,FZ,"['CH', 'TT', 'SY', 'FZ']",CH + TT,SY + FZ,CH|TT|SY|FZ,"CH,TT||FZ,SY",False,True,0.34360881182528663,0.21756850246530696,0.052439332517057645,0.3449938117403392,0.4597619362945801,0.2419408928168743,0.3897533803164932,0.3897533803164932,0.1102466196835068
TT,CH,NS,FZ,"['TT', 'CH', 'NS', 'FZ']",TT + CH,NS + FZ,TT|CH|NS|FZ,"CH,TT||FZ,NS",False,True,0.3656261890321632,0.3042980018117502,0.019721253525183755,0.3229091002981839,0.49335754963857237,0.26032895949773727,0.3893839955409354,0.3893839955409354,0.11061600445906461
AC,SY,RS,TT,"['AC', 'SY', 'RS', 'TT']",AC + SY,RS + TT,AC|SY|RS|TT,"AC,SY||RS,TT",False,False,0.6263823252003404,0.7907843801774572,0.5805564964333981,0.530944181834274,0.7352652714692712,0.7897075600113164,0.6106294067919229,0.6106294067919229,0.1106294067919229
TT,CH,AC,NS,"['TT', 'CH', 'AC', 'NS']",TT + CH,AC + NS,TT|CH|AC|NS,"AC,NS||CH,TT",True,True,0.71915040723865,0.733374841291635,0.38537391281926286,0.6288317604157284,0.5824928870724856,0.7401362351246263,0.6107595998118637,0.6107595998118637,0.11075959981186367
FZ,TD,SY,AC,"['FZ', 'TD', 'SY', 'AC']",FZ + TD,SY + AC,FZ|TD|SY|AC,"AC,SY||FZ,TD",False,True,0.5610331600730455,0.4721055284717866,0.07048307036597022,0.313418607750966,0.5062818246496685,0.4875849860613599,0.38863526234145995,0.38863526234145995,0.11136473765854005
FZ,AC,SY,TT,"['FZ', 'AC', 'SY', 'TT']",FZ + AC,SY + TT,FZ|AC|SY|TT,"AC,FZ||SY,TT",False,True,0.5529062806941015,0.555455843231417,0.32379475903688215,0.5400386813648204,0.7229498067142794,0.5822833601326164,0.6113740202511094,0.6113740202511094,0.11137402025110943
CH,TT,TD,FZ,"['CH', 'TT', 'TD', 'FZ']",CH + TT,TD + FZ,CH|TT|TD|FZ,"CH,TT||FZ,TD",False,True,0.6453517209945552,0.6633406971782576,0.6034640836375309,0.5160511099415044,0.7605796870502696,0.6920944746037693,0.6114172550139227,0.6114172550139227,0.11141725501392274
NS,SY,FZ,TT,"['NS', 'SY', 'FZ', 'TT']",NS + SY,FZ + TT,NS|SY|FZ|TT,"FZ,TT||NS,SY",False,True,0.3249767749202505,0.349059427703002,0.12030645952585316,0.30726276830057575,0.5113301032652863,0.17052912493045902,0.38684902893681283,0.38684902893681283,0.11315097106318717
CH,TT,AC,NS,"['CH', 'TT', 'AC', 'NS']",CH + TT,AC + NS,CH|TT|AC|NS,"AC,NS||CH,TT",False,True,0.71915040723865,0.733374841291635,0.4745400810910854,0.6476937715678378,0.5613397813592945,0.7354611509495419,0.6140157153865059,0.6140157153865059,0.1140157153865059
TT,CH,TD,FZ,"['TT', 'CH', 'TD', 'FZ']",TT + CH,TD + FZ,TT|CH|TD|FZ,"CH,TT||FZ,TD",False,True,0.6453517209945552,0.6633406971782576,0.4782228277464681,0.5151899988303933,0.769606502730508,0.6857767470487734,0.6144124353514381,0.6144124353514381,0.11441243535143808
SY,RS,NS,TD,"['SY', 'RS', 'NS', 'TD']",SY + RS,NS + TD,SY|RS|NS|TD,"NS,TD||RS,SY",False,False,0.5642311416887413,0.6276475047491121,0.2792121919067163,0.3666370089383774,0.4151727859480615,0.5154714851644867,0.3855659619721542,0.3855659619721542,0.1144340380278458
TD,FZ,CH,AC,"['TD', 'FZ', 'CH', 'AC']",TD + FZ,CH + AC,TD|FZ|CH|AC,"AC,CH||FZ,TD",False,True,0.49210049126268995,0.4606279083105353,0.11125337763161192,0.2717169069510447,0.5622863512530526,0.42047991283954245,0.3850389902288278,0.3850389902288278,0.11496100977117218
SY,AC,RS,TT,"['SY', 'AC', 'RS', 'TT']",SY + AC,RS + TT,SY|AC|RS|TT,"AC,SY||RS,TT",False,False,0.6263823252003404,0.7907843801774572,0.8619730881424527,0.5763136256805913,0.6755907126118997,0.7966203239949531,0.6150316895838016,0.6150316895838016,0.11503168958380161
NS,CH,FZ,TD,"['NS', 'CH', 'FZ', 'TD']",NS + CH,FZ + TD,NS|CH|FZ|TD,"CH,NS||FZ,TD",False,True,0.6563711164676304,0.6907648143481752,0.6523222502750149,0.5575434349968637,0.7057783859346277,0.7810745942739351,0.6153550658625917,0.6153550658625917,0.1153550658625917
FZ,RS,SY,TD,"['FZ', 'RS', 'SY', 'TD']",FZ + RS,SY + TD,FZ|RS|SY|TD,"FZ,RS||SY,TD",False,False,0.7194256434182954,0.6977071581776929,0.8418187351134553,0.5335239412704695,0.744523708815294,0.6980044608639301,0.6158138506129511,0.6158138506129511,0.11581385061295113
AC,CH,TD,NS,"['AC', 'CH', 'TD', 'NS']",AC + CH,TD + NS,AC|CH|TD|NS,"AC,CH||NS,TD",False,False,0.7124504957138578,0.7966455575126529,0.285155357385521,0.5166390810965308,0.7729326595401441,0.7475824836698869,0.61659357668954,0.61659357668954,0.11659357668953996
RS,SY,TT,TD,"['RS', 'SY', 'TT', 'TD']",RS + SY,TT + TD,RS|SY|TT|TD,"RS,SY||TD,TT",False,True,0.5761155129783231,0.6551718614397803,0.9048683746489212,0.32282345453574707,0.47815057419988044,0.5337854242628156,0.3834010312047591,0.3834010312047591,0.1165989687952409
RS,CH,SY,TD,"['RS', 'CH', 'SY', 'TD']",RS + CH,SY + TD,RS|CH|SY|TD,"CH,RS||SY,TD",False,True,0.6080404235796942,0.535345315584263,0.5875678255970109,0.44750092828398486,0.28124225444591167,0.539967483244142,0.38266004548713634,0.38266004548713634,0.11733995451286366
NS,TT,RS,CH,"['NS', 'TT', 'RS', 'CH']",NS + TT,RS + CH,NS|TT|RS|CH,"CH,RS||NS,TT",False,False,0.6378147017432712,0.6899386191273016,0.8707592928720959,0.5508369560855406,0.7213983810313291,0.7128013391021581,0.6173559118143981,0.6173559118143981,0.11735591181439808
AC,CH,NS,TD,"['AC', 'CH', 'NS', 'TD']",AC + CH,NS + TD,AC|CH|NS|TD,"AC,CH||NS,TD",False,False,0.7124504957138578,0.7966455575126529,0.1757173675653094,0.5315215620739964,0.7520387897480983,0.7429242455142686,0.6175232808668962,0.6175232808668962,0.11752328086689623
NS,AC,TD,FZ,"['NS', 'AC', 'TD', 'FZ']",NS + AC,TD + FZ,NS|AC|TD|FZ,"AC,NS||FZ,TD",False,True,0.41542516406246843,0.42143541782196714,0.4252533726941687,0.36664256599883294,0.40722616052753685,0.40841008278949803,0.38247016786502747,0.38247016786502747,0.11752983213497253
TT,CH,FZ,SY,"['TT', 'CH', 'FZ', 'SY']",TT + CH,FZ + SY,TT|CH|FZ|SY,"CH,TT||FZ,SY",False,True,0.34360881182528663,0.21756850246530696,0.08719404624038755,0.32800428024232503,0.467349577852654,0.22989181794668367,0.3823489463103533,0.3823489463103533,0.11765105368964668
TT,CH,SY,FZ,"['TT', 'CH', 'SY', 'FZ']",TT + CH,SY + FZ,TT|CH|SY|FZ,"CH,TT||FZ,SY",False,True,0.34360881182528663,0.21756850246530696,0.048163258261112424,0.32583317091864217,0.47061861818306866,0.23772346111410916,0.38229949535176855,0.38229949535176855,0.11770050464823145
FZ,TD,AC,SY,"['FZ', 'TD', 'AC', 'SY']",FZ + TD,AC + SY,FZ|TD|AC|SY,"AC,SY||FZ,TD",True,True,0.5610331600730455,0.4721055284717866,0.07048307036597022,0.3128115872030208,0.49035615318756365,0.4851573131717503,0.38205396793699253,0.38205396793699253,0.11794603206300747
SY,AC,TD,TT,"['SY', 'AC', 'TD', 'TT']",SY + AC,TD + TT,SY|AC|TD|TT,"AC,SY||TD,TT",False,True,0.6634828213364831,0.8083153839883651,0.7815347016987547,0.5763525862835764,0.6843319682227715,0.7517548806155241,0.6184645452398625,0.6184645452398625,0.1184645452398625
AC,SY,NS,RS,"['AC', 'SY', 'NS', 'RS']",AC + SY,NS + RS,AC|SY|NS|RS,"AC,SY||NS,RS",False,False,0.6149653851539265,0.7690981936914466,0.18189737973554354,0.5261452363194231,0.7629927272814366,0.7471615210001682,0.6185157577946084,0.6185157577946084,0.11851575779460843
TT,NS,RS,CH,"['TT', 'NS', 'RS', 'CH']",TT + NS,RS + CH,TT|NS|RS|CH,"CH,RS||NS,TT",False,False,0.6378147017432712,0.6899386191273016,0.865241087485282,0.5503508515350761,0.7254766026823862,0.7077433597930022,0.6186498944825272,0.6186498944825272,0.11864989448252716
TD,TT,RS,AC,"['TD', 'TT', 'RS', 'AC']",TD + TT,RS + AC,TD|TT|RS|AC,"AC,RS||TD,TT",False,False,0.5998745488135132,0.6022072360073211,0.24606861822014048,0.36370519758161474,0.40757623962299605,0.5231429504956245,0.3808149039777534,0.3808149039777534,0.11918509602224658
CH,NS,FZ,TD,"['CH', 'NS', 'FZ', 'TD']",CH + NS,FZ + TD,CH|NS|FZ|TD,"CH,NS||FZ,TD",True,True,0.6563711164676304,0.6907648143481752,0.6523222502750149,0.5721417014964458,0.6938138851774465,0.7994823429926549,0.6195938531320361,0.6195938531320361,0.11959385313203608
FZ,TD,TT,SY,"['FZ', 'TD', 'TT', 'SY']",FZ + TD,TT + SY,FZ|TD|TT|SY,"FZ,TD||SY,TT",False,False,0.42025854425083364,0.347638424412497,0.08560478483660246,0.28444713374380987,0.5304082173614728,0.27974693455357197,0.38037195635469845,0.38037195635469845,0.11962804364530155
SY,AC,RS,NS,"['SY', 'AC', 'RS', 'NS']",SY + AC,RS + NS,SY|AC|RS|NS,"AC,SY||NS,RS",False,False,0.6149653851539265,0.7690981936914466,0.23459970076098932,0.5480049271335803,0.7321223392959403,0.7703216323159093,0.6198107178769008,0.6198107178769008,0.11981071787690079
NS,RS,SY,TD,"['NS', 'RS', 'SY', 'TD']",NS + RS,SY + TD,NS|RS|SY|TD,"NS,RS||SY,TD",False,True,0.5164689576376628,0.4187901209899531,0.5538218933658527,0.33160017633035027,0.45563471259172417,0.3446775204734019,0.37997364547228607,0.37997364547228607,0.12002635452771393
FZ,TD,RS,TT,"['FZ', 'TD', 'RS', 'TT']",FZ + TD,RS + TT,FZ|TD|RS|TT,"FZ,TD||RS,TT",False,False,0.6818060327156087,0.7694698855972635,0.146824338786045,0.5156686776063945,0.7837268700684821,0.7356121377779278,0.6202113726666085,0.6202113726666085,0.12021137266660853
SY,NS,CH,AC,"['SY', 'NS', 'CH', 'AC']",SY + NS,CH + AC,SY|NS|CH|AC,"AC,CH||NS,SY",False,True,0.5838520196105047,0.6449629143429552,0.9336266452776217,0.585773018913596,0.6744697814196666,0.6300854167515301,0.6203647562909635,0.6203647562909635,0.12036475629096355
SY,TD,CH,RS,"['SY', 'TD', 'CH', 'RS']",SY + TD,CH + RS,SY|TD|CH|RS,"CH,RS||SY,TD",False,True,0.3919595764203059,0.464654684415737,0.27607782659400787,0.2851845910358534,0.526414316839927,0.39389530416608565,0.37926418409944207,0.37926418409944207,0.12073581590055793
RS,SY,NS,TD,"['RS', 'SY', 'NS', 'TD']",RS + SY,NS + TD,RS|SY|NS|TD,"NS,TD||RS,SY",False,False,0.5642311416887413,0.6276475047491121,0.27982072591938684,0.35613194372426044,0.41453941462601357,0.5197936361816842,0.37891085737594415,0.37891085737594415,0.12108914262405585
SY,RS,TD,TT,"['SY', 'RS', 'TD', 'TT']",SY + RS,TD + TT,SY|RS|TD|TT,"RS,SY||TD,TT",False,True,0.5761155129783231,0.6551718614397803,0.7244180150027547,0.3089847098241576,0.48609851481850935,0.5034657599784809,0.3780590937719548,0.3780590937719548,0.12194090622804521
AC,CH,SY,NS,"['AC', 'CH', 'SY', 'NS']",AC + CH,SY + NS,AC|CH|SY|NS,"AC,CH||NS,SY",False,True,0.4161479803894953,0.3550370856570449,0.07050105672151183,0.3051892450772202,0.49062304619173075,0.3102422975591134,0.3775084275118793,0.3775084275118793,0.1224915724881207
SY,NS,AC,CH,"['SY', 'NS', 'AC', 'CH']",SY + NS,AC + CH,SY|NS|AC|CH,"AC,CH||NS,SY",False,True,0.5838520196105047,0.6449629143429552,0.9247557944697309,0.5785731293423829,0.6920938234645568,0.6285833501403494,0.6228462000500308,0.6228462000500308,0.12284620005003077
CH,AC,TD,NS,"['CH', 'AC', 'TD', 'NS']",CH + AC,TD + NS,CH|AC|TD|NS,"AC,CH||NS,TD",False,False,0.7124504957138578,0.7966455575126529,0.6625447675183728,0.5585395880815118,0.7244037104357702,0.7783146715155028,0.6232265957996725,0.6232265957996725,0.12322659579967254
SY,TT,NS,AC,"['SY', 'TT', 'NS', 'AC']",SY + TT,NS + AC,SY|TT|NS|AC,"AC,NS||SY,TT",False,True,0.6600000531100364,0.7231788837083527,0.5745286311060493,0.6348522825814367,0.606170030713732,0.6492539461681807,0.6236662043530319,0.6236662043530319,0.12366620435303188
CH,AC,TT,SY,"['CH', 'AC', 'TT', 'SY']",CH + AC,TT + SY,CH|AC|TT|SY,"AC,CH||SY,TT",False,False,0.42797657749307033,0.3838638360588036,0.2961984362945119,0.36035350068665395,0.4009139217376603,0.39995830982654185,0.3761720648965464,0.3761720648965464,0.12382793510345358
CH,AC,NS,TD,"['CH', 'AC', 'NS', 'TD']",CH + AC,NS + TD,CH|AC|NS|TD,"AC,CH||NS,TD",False,False,0.7124504957138578,0.7966455575126529,0.5120101217004934,0.5700887357256442,0.7098403526648339,0.7598822260201973,0.6245918663319282,0.6245918663319282,0.1245918663319282
CH,AC,SY,TT,"['CH', 'AC', 'SY', 'TT']",CH + AC,SY + TT,CH|AC|SY|TT,"AC,CH||SY,TT",False,False,0.42797657749307033,0.3838638360588036,0.2550379446596259,0.36632691417126567,0.3881033721794767,0.3870013329068133,0.374819732794468,0.374819732794468,0.125180267205532
SY,NS,CH,FZ,"['SY', 'NS', 'CH', 'FZ']",SY + NS,CH + FZ,SY|NS|CH|FZ,"CH,FZ||NS,SY",False,True,0.2400014548715838,0.22248113385239182,0.2461343481326717,0.36757110768296597,0.3845620003704726,0.18323028013465376,0.3741975558310936,0.3741975558310936,0.1258024441689064
FZ,TD,TT,RS,"['FZ', 'TD', 'TT', 'RS']",FZ + TD,TT + RS,FZ|TD|TT|RS,"FZ,TD||RS,TT",False,False,0.6818060327156087,0.7694698855972635,0.33856316774401957,0.5247539924200347,0.7846826136053014,0.7272024084450472,0.6261261546822887,0.6261261546822887,0.12612615468228872
NS,TT,CH,RS,"['NS', 'TT', 'CH', 'RS']",NS + TT,CH + RS,NS|TT|CH|RS,"CH,RS||NS,TT",False,False,0.6378147017432712,0.6899386191273016,0.7825330931593669,0.5666554801865494,0.7196377638848497,0.7165965669981726,0.6263185708288865,0.6263185708288865,0.12631857082888653
AC,CH,RS,NS,"['AC', 'CH', 'RS', 'NS']",AC + CH,RS + NS,AC|CH|RS|NS,"AC,CH||NS,RS",False,True,0.6781296229633789,0.7784244479201454,0.254260180474493,0.5492918534198691,0.7471353704929438,0.7702955248198117,0.6264508250783682,0.6264508250783682,0.12645082507836825
NS,TD,SY,RS,"['NS', 'TD', 'SY', 'RS']",NS + TD,SY + RS,NS|TD|SY|RS,"NS,TD||RS,SY",False,False,0.43576885831125867,0.3723524952508879,0.11392123273295406,0.23295889821843535,0.5931445426631633,0.33601857498995924,0.37343129955187926,0.37343129955187926,0.12656870044812074
CH,RS,NS,TD,"['CH', 'RS', 'NS', 'TD']",CH + RS,NS + TD,CH|RS|NS|TD,"CH,RS||NS,TD",False,False,0.630720459802872,0.6387324333792622,0.1652163717493379,0.40443648191113907,0.32479055904728077,0.5420724223526641,0.3733745719942343,0.3733745719942343,0.1266254280057657
AC,CH,RS,TT,"['AC', 'CH', 'RS', 'TT']",AC + CH,RS + TT,AC|CH|RS|TT,"AC,CH||RS,TT",False,False,0.688621962342891,0.7996355675447371,0.8363223576071225,0.567299129685223,0.7196482773527867,0.794872870783861,0.6267152972755728,0.6267152972755728,0.12671529727557285
AC,NS,FZ,TD,"['AC', 'NS', 'FZ', 'TD']",AC + NS,FZ + TD,AC|NS|FZ|TD,"AC,NS||FZ,TD",False,True,0.41542516406246843,0.42143541782196714,0.387435116089425,0.3461329538861099,0.41535565817989506,0.4517601165673608,0.3731298085606861,0.3731298085606861,0.12687019143931388
AC,CH,NS,SY,"['AC', 'CH', 'NS', 'SY']",AC + CH,NS + SY,AC|CH|NS|SY,"AC,CH||NS,SY",False,True,0.4161479803894953,0.3550370856570449,0.07050105672151183,0.3068559117438869,0.4746027359524616,0.2877740381475921,0.372277173185231,0.372277173185231,0.12772282681476899
CH,AC,RS,TT,"['CH', 'AC', 'RS', 'TT']",CH + AC,RS + TT,CH|AC|RS|TT,"AC,CH||RS,TT",False,False,0.688621962342891,0.7996355675447371,0.9584265954223602,0.6023687198173132,0.6689083679599379,0.811483271364522,0.6283191825929368,0.6283191825929368,0.12831918259293684
TT,NS,CH,RS,"['TT', 'NS', 'CH', 'RS']",TT + NS,CH + RS,TT|NS|CH|RS,"CH,RS||NS,TT",False,False,0.6378147017432712,0.6899386191273016,0.7742246136698437,0.5678360423027516,0.7245245950325,0.7192496282226625,0.6289445778673535,0.6289445778673535,0.12894457786735347
CH,AC,RS,NS,"['CH', 'AC', 'RS', 'NS']",CH + AC,RS + NS,CH|AC|RS|NS,"AC,CH||NS,RS",False,True,0.6781296229633789,0.7784244479201454,0.6266022271240554,0.5874663400929413,0.6939774871593879,0.7806726612854745,0.6290056874488554,0.6290056874488554,0.12900568744885543
SY,AC,NS,RS,"['SY', 'AC', 'NS', 'RS']",SY + AC,NS + RS,SY|AC|NS|RS,"AC,SY||NS,RS",False,False,0.6149653851539265,0.7690981936914466,0.5247632887712604,0.5697633630384715,0.7220666245526497,0.7773820520103335,0.629161635029001,0.629161635029001,0.12916163502900102
TD,FZ,TT,SY,"['TD', 'FZ', 'TT', 'SY']",TD + FZ,TT + SY,TD|FZ|TT|SY,"FZ,TD||SY,TT",False,False,0.42025854425083364,0.347638424412497,0.08560478483660246,0.25477218455996914,0.551895310326638,0.3180101957529378,0.37065020360897,0.37065020360897,0.12934979639103
AC,SY,TT,TD,"['AC', 'SY', 'TT', 'TD']",AC + SY,TT + TD,AC|SY|TT|TD,"AC,SY||TD,TT",False,True,0.6634828213364831,0.8083153839883651,0.706255943872286,0.5497639956621867,0.753888055470174,0.7781579338115066,0.6293723789873018,0.6293723789873018,0.1293723789873018
FZ,AC,TT,SY,"['FZ', 'AC', 'TT', 'SY']",FZ + AC,TT + SY,FZ|AC|TT|SY,"AC,FZ||SY,TT",False,True,0.5529062806941015,0.555455843231417,0.3391120433192492,0.5385386813648203,0.7718923489488494,0.5623600185931829,0.6295466117225916,0.6295466117225916,0.12954661172259163
CH,RS,TT,TD,"['CH', 'RS', 'TT', 'TD']",CH + RS,TT + TD,CH|RS|TT|TD,"CH,RS||TD,TT",False,True,0.641942237188835,0.6660173779493603,0.4708630277997542,0.38686283470450056,0.34263210206711087,0.591607862828369,0.36961284897591856,0.36961284897591856,0.13038715102408144
TT,AC,CH,TD,"['TT', 'AC', 'CH', 'TD']",TT + AC,CH + TD,TT|AC|CH|TD,"AC,TT||CH,TD",False,False,0.5280839750537559,0.5634730330871593,0.07215042148681845,0.35785928636549147,0.38730937967131274,0.588382387871691,0.36934482275476177,0.36934482275476177,0.13065517724523823
SY,TD,RS,CH,"['SY', 'TD', 'RS', 'CH']",SY + TD,RS + CH,SY|TD|RS|CH,"CH,RS||SY,TD",False,True,0.3919595764203059,0.464654684415737,0.14010007635150873,0.2825539784480287,0.5044031123544535,0.3666050196490343,0.36907514067153435,0.36907514067153435,0.13092485932846565
CH,TT,FZ,TD,"['CH', 'TT', 'FZ', 'TD']",CH + TT,FZ + TD,CH|TT|FZ|TD,"CH,TT||FZ,TD",False,True,0.6453517209945552,0.6633406971782576,0.6463959756974585,0.5367739846158497,0.7795422406271709,0.6839654278501625,0.631453604460265,0.631453604460265,0.131453604460265
FZ,TD,SY,TT,"['FZ', 'TD', 'SY', 'TT']",FZ + TD,SY + TT,FZ|TD|SY|TT,"FZ,TD||SY,TT",False,False,0.42025854425083364,0.347638424412497,0.0747882560158446,0.28835583950380705,0.493971620720566,0.2886528349905028,0.36854599417834305,0.36854599417834305,0.13145400582165695
SY,TD,RS,TT,"['SY', 'TD', 'RS', 'TT']",SY + TD,RS + TT,SY|TD|RS|TT,"RS,TT||SY,TD",False,False,0.49564898509756267,0.6098532531992202,0.023813369959659828,0.32733208373065237,0.4287432808711556,0.4781912433138862,0.36688245061544866,0.36688245061544866,0.13311754938455134
SY,RS,TD,NS,"['SY', 'RS', 'TD', 'NS']",SY + RS,TD + NS,SY|RS|TD|NS,"NS,TD||RS,SY",False,False,0.5642311416887413,0.6276475047491121,0.10604703573386062,0.3577742581132467,0.38015409146066015,0.5108806847100794,0.366502393118738,0.366502393118738,0.133497606881262
AC,NS,TD,FZ,"['AC', 'NS', 'TD', 'FZ']",AC + NS,TD + FZ,AC|NS|TD|FZ,"AC,NS||FZ,TD",False,True,0.41542516406246843,0.42143541782196714,0.13292121295962925,0.3322828093203696,0.4199849116881038,0.3949287013424039,0.36648662924378594,0.36648662924378594,0.13351337075621406
TD,SY,CH,RS,"['TD', 'SY', 'CH', 'RS']",TD + SY,CH + RS,TD|SY|CH|RS,"CH,RS||SY,TD",False,True,0.3919595764203059,0.464654684415737,0.29690387386066713,0.2751548851095958,0.5087210807373145,0.3941378450399262,0.36624570140440604,0.36624570140440604,0.13375429859559396
TT,SY,AC,NS,"['TT', 'SY', 'AC', 'NS']",TT + SY,AC + NS,TT|SY|AC|NS,"AC,NS||SY,TT",False,True,0.6600000531100364,0.7231788837083527,0.3952510358932682,0.5828688090428861,0.7134204279593581,0.6004074990944063,0.6337839404203103,0.6337839404203103,0.13378394042031028
NS,SY,CH,FZ,"['NS', 'SY', 'CH', 'FZ']",NS + SY,CH + FZ,NS|SY|CH|FZ,"CH,FZ||NS,SY",False,True,0.2400014548715838,0.22248113385239182,0.08508405310547688,0.3361887347371806,0.4125806707886687,0.20342217060061887,0.365981589797261,0.365981589797261,0.13401841020273902
TT,CH,FZ,TD,"['TT', 'CH', 'FZ', 'TD']",TT + CH,FZ + TD,TT|CH|FZ|TD,"CH,TT||FZ,TD",True,True,0.6453517209945552,0.6633406971782576,0.48850899943394915,0.5351992371411022,0.7889226691343728,0.6808749379864506,0.6341513756184778,0.6341513756184778,0.1341513756184778
NS,RS,TD,SY,"['NS', 'RS', 'TD', 'SY']",NS + RS,TD + SY,NS|RS|TD|SY,"NS,RS||SY,TD",False,True,0.5164689576376628,0.4187901209899531,0.30840087749212364,0.3210655764173257,0.43502879168309105,0.3401150390721146,0.3655112303709742,0.3655112303709742,0.13448876962902578
NS,TD,RS,SY,"['NS', 'TD', 'RS', 'SY']",NS + TD,RS + SY,NS|TD|RS|SY,"NS,TD||RS,SY",False,False,0.43576885831125867,0.3723524952508879,0.052958648898890376,0.2331767141814969,0.5718463970151199,0.3447856154938867,0.36525789048660984,0.36525789048660984,0.13474210951339016
AC,CH,TD,SY,"['AC', 'CH', 'TD', 'SY']",AC + CH,TD + SY,AC|CH|TD|SY,"AC,CH||SY,TD",False,False,0.6923415607017435,0.7122989442943455,0.6657487649106725,0.5585734687555418,0.7556062195217629,0.7605011485617971,0.635416241554368,0.635416241554368,0.13541624155436804
TT,AC,TD,CH,"['TT', 'AC', 'TD', 'CH']",TT + AC,TD + CH,TT|AC|TD|CH,"AC,TT||CH,TD",False,False,0.5280839750537559,0.5634730330871593,0.14377616825220232,0.3561846068783119,0.37735414971783116,0.5671021821211268,0.3644407285857244,0.3644407285857244,0.1355592714142756
SY,AC,TT,TD,"['SY', 'AC', 'TT', 'TD']",SY + AC,TT + TD,SY|AC|TT|TD,"AC,SY||TD,TT",False,True,0.6634828213364831,0.8083153839883651,0.9229392929900718,0.5960227019941692,0.699050849933623,0.7895295513590145,0.6362036796905561,0.6362036796905561,0.13620367969055613
SY,TD,TT,RS,"['SY', 'TD', 'TT', 'RS']",SY + TD,TT + RS,SY|TD|TT|RS,"RS,TT||SY,TD",False,False,0.49564898509756267,0.6098532531992202,0.04937207266211743,0.32270551819848337,0.4276254146572369,0.4583847230593545,0.36362427781739726,0.36362427781739726,0.13637572218260274
RS,NS,SY,TD,"['RS', 'NS', 'SY', 'TD']",RS + NS,SY + TD,RS|NS|SY|TD,"NS,RS||SY,TD",False,True,0.5164689576376628,0.4187901209899531,0.5538218933658527,0.3224817986762583,0.4279063770289833,0.3430104453777927,0.36359738423382104,0.36359738423382104,0.13640261576617896
CH,RS,TD,SY,"['CH', 'RS', 'TD', 'SY']",CH + RS,TD + SY,CH|RS|TD|SY,"CH,RS||SY,TD",True,True,0.6080404235796942,0.535345315584263,0.7395437514780943,0.42997222832861937,0.2591680623819114,0.5207650162923396,0.36335860360940325,0.36335860360940325,0.13664139639059675
RS,SY,TD,TT,"['RS', 'SY', 'TD', 'TT']",RS + SY,TD + TT,RS|SY|TD|TT,"RS,SY||TD,TT",False,True,0.5761155129783231,0.6551718614397803,0.7244180150027547,0.29823072686112295,0.46466154633578544,0.5032833909485726,0.36313874645624133,0.36313874645624133,0.13686125354375867
CH,AC,TD,SY,"['CH', 'AC', 'TD', 'SY']",CH + AC,TD + SY,CH|AC|TD|SY,"AC,CH||SY,TD",False,False,0.6923415607017435,0.7122989442943455,0.9076880815434154,0.5951640879072467,0.7023887469058808,0.760356159030386,0.636981704916714,0.636981704916714,0.13698170491671402
AC,SY,TT,RS,"['AC', 'SY', 'TT', 'RS']",AC + SY,TT + RS,AC|SY|TT|RS,"AC,SY||RS,TT",False,False,0.6263823252003404,0.7907843801774572,0.8164966767971445,0.566012374004027,0.7487909538278906,0.7998142186032117,0.6372960201353338,0.6372960201353338,0.13729602013533382
SY,AC,TT,RS,"['SY', 'AC', 'TT', 'RS']",SY + AC,TT + RS,SY|AC|TT|RS,"AC,SY||RS,TT",False,False,0.6263823252003404,0.7907843801774572,0.9525518568225685,0.6010636360321625,0.6951747183040329,0.8083543125879707,0.637766958118192,0.637766958118192,0.13776695811819195
TD,FZ,SY,TT,"['TD', 'FZ', 'SY', 'TT']",TD + FZ,SY + TT,TD|FZ|SY|TT,"FZ,TD||SY,TT",False,False,0.42025854425083364,0.347638424412497,0.0747882560158446,0.26090112841520446,0.5206729946338645,0.3342605715429713,0.36221215624048186,0.36221215624048186,0.13778784375951814
TD,SY,RS,CH,"['TD', 'SY', 'RS', 'CH']",TD + SY,RS + CH,TD|SY|RS|CH,"CH,RS||SY,TD",False,True,0.3919595764203059,0.464654684415737,0.1528341520972701,0.2760659391884377,0.49691468322807336,0.3728242828201102,0.36219694936389557,0.36219694936389557,0.13780305063610443
RS,CH,NS,TD,"['RS', 'CH', 'NS', 'TD']",RS + CH,NS + TD,RS|CH|NS|TD,"CH,RS||NS,TD",False,False,0.630720459802872,0.6387324333792622,0.16548276845563326,0.3942781680028253,0.3071435222481799,0.5337330012492678,0.36029565615851356,0.36029565615851356,0.13970434384148644
RS,FZ,TD,TT,"['RS', 'FZ', 'TD', 'TT']",RS + FZ,TD + TT,RS|FZ|TD|TT,"FZ,RS||TD,TT",False,False,0.7476910920416288,0.8045065458346641,0.809261467413381,0.5220850350740563,0.8255588678126842,0.7392863657712293,0.6404398298421212,0.6404398298421212,0.14043982984212122
CH,TD,SY,RS,"['CH', 'TD', 'SY', 'RS']",CH + TD,SY + RS,CH|TD|SY|RS,"CH,TD||RS,SY",True,True,0.5286762341089225,0.48720207837370627,0.3124382877161714,0.30947432877020514,0.4374546455048332,0.5696067661599881,0.3593866522967101,0.3593866522967101,0.14061334770328993
NS,TD,RS,CH,"['NS', 'TD', 'RS', 'CH']",NS + TD,RS + CH,NS|TD|RS|CH,"CH,RS||NS,TD",False,False,0.369279540197128,0.3612675666207378,0.380039868969271,0.26165975714297374,0.5121526590797675,0.28004809896340305,0.3593519888983233,0.3593519888983233,0.14064801110167668
SY,NS,FZ,CH,"['SY', 'NS', 'FZ', 'CH']",SY + NS,FZ + CH,SY|NS|FZ|CH,"CH,FZ||NS,SY",True,True,0.2400014548715838,0.22248113385239182,0.26699470054443775,0.3481791312534516,0.37582763457633134,0.19965973195698236,0.3589620475493747,0.3589620475493747,0.14103795245062528
TD,FZ,SY,AC,"['TD', 'FZ', 'SY', 'AC']",TD + FZ,SY + AC,TD|FZ|SY|AC,"AC,SY||FZ,TD",False,True,0.5610331600730455,0.4721055284717866,0.07048307036597022,0.27570947547661384,0.48695861677818486,0.543814143109382,0.3580966405842265,0.3580966405842265,0.14190335941577348
CH,AC,TT,NS,"['CH', 'AC', 'TT', 'NS']",CH + AC,TT + NS,CH|AC|TT|NS,"AC,CH||NS,TT",False,True,0.45167995162171404,0.48950290591112217,0.28562480955076736,0.3818590927768575,0.3205890284143696,0.4913720856799112,0.3579637676754872,0.3579637676754872,0.1420362323245128
RS,SY,TD,NS,"['RS', 'SY', 'TD', 'NS']",RS + SY,TD + NS,RS|SY|TD|NS,"NS,TD||RS,SY",False,False,0.5642311416887413,0.6276475047491121,0.10633383874559073,0.34254697067690765,0.3818213169823811,0.5402485178621983,0.3578639657360423,0.3578639657360423,0.1421360342639577
TD,FZ,AC,SY,"['TD', 'FZ', 'AC', 'SY']",TD + FZ,AC + SY,TD|FZ|AC|SY,"AC,SY||FZ,TD",False,True,0.5610331600730455,0.4721055284717866,0.07048307036597022,0.2757720977858115,0.4861289426078438,0.5140077516454528,0.3578112672664041,0.3578112672664041,0.1421887327335959
TT,NS,RS,SY,"['TT', 'NS', 'RS', 'SY']",TT + NS,RS + SY,TT|NS|RS|SY,"NS,TT||RS,SY",False,False,0.699064835802778,0.6993148708569814,0.4004475158714458,0.5346278076999713,0.8112274321862699,0.7472937237075045,0.6425016612496277,0.6425016612496277,0.1425016612496277
NS,TT,RS,SY,"['NS', 'TT', 'RS', 'SY']",NS + TT,RS + SY,NS|TT|RS|SY,"NS,TT||RS,SY",False,False,0.699064835802778,0.6993148708569814,0.41206563565661675,0.5353411849777084,0.8113007514133427,0.7643279214331608,0.6429654158876057,0.6429654158876057,0.1429654158876057
TT,NS,TD,SY,"['TT', 'NS', 'TD', 'SY']",TT + NS,TD + SY,TT|NS|TD|SY,"NS,TT||SY,TD",False,False,0.7320355004567033,0.7205062041445294,0.3537544815049624,0.5334439459206614,0.8144447302505033,0.7500301425241972,0.6430342518092997,0.6430342518092997,0.14303425180929974
RS,FZ,TT,TD,"['RS', 'FZ', 'TT', 'TD']",RS + FZ,TT + TD,RS|FZ|TT|TD,"FZ,RS||TD,TT",False,False,0.7476910920416288,0.8045065458346641,0.9342298302420976,0.5283742119489532,0.8240865893976649,0.732104188698569,0.6437020391539507,0.6437020391539507,0.14370203915395074
AC,SY,TD,NS,"['AC', 'SY', 'TD', 'NS']",AC + SY,TD + NS,AC|SY|TD|NS,"AC,SY||NS,TD",True,True,0.6525707677349769,0.7876834405993665,0.08842695719248261,0.5147001582093553,0.8458870641471572,0.7448635584082094,0.643863051525098,0.643863051525098,0.14386305152509804
CH,TT,FZ,AC,"['CH', 'TT', 'FZ', 'AC']",CH + TT,FZ + AC,CH|TT|FZ|AC,"AC,FZ||CH,TT",False,True,0.5161285337361263,0.45574203921021295,0.07655395839110847,0.3820285015385317,0.3152250880485471,0.39080567780971387,0.3559751702774377,0.3559751702774377,0.1440248297225623
AC,NS,RS,TD,"['AC', 'NS', 'RS', 'TD']",AC + NS,RS + TD,AC|NS|RS|TD,"AC,NS||RS,TD",False,False,0.8207890332869676,0.9175627561799036,0.3665921569936537,0.4669558469223828,0.9235405474973283,0.7720289531555706,0.6450238801466115,0.6450238801466115,0.1450238801466115
NS,TT,TD,SY,"['NS', 'TT', 'TD', 'SY']",NS + TT,TD + SY,NS|TT|TD|SY,"NS,TT||SY,TD",False,False,0.7320355004567033,0.7205062041445294,0.36484227015327786,0.5381771264945177,0.8127530837287745,0.764283910585317,0.6452617498158779,0.6452617498158779,0.14526174981587792
CH,RS,TD,NS,"['CH', 'RS', 'TD', 'NS']",CH + RS,TD + NS,CH|RS|TD|NS,"CH,RS||NS,TD",False,False,0.630720459802872,0.6387324333792622,0.28186194120017816,0.39413908496728695,0.29138176163772406,0.5168766324028752,0.3540637288687574,0.3540637288687574,0.14593627113124258
AC,CH,NS,RS,"['AC', 'CH', 'NS', 'RS']",AC + CH,NS + RS,AC|CH|NS|RS,"AC,CH||NS,RS",False,True,0.6781296229633789,0.7784244479201454,0.16836463395740134,0.5792874296354299,0.7509670463194614,0.764555007394512,0.6462424801422022,0.6462424801422022,0.1462424801422022
CH,AC,NS,RS,"['CH', 'AC', 'NS', 'RS']",CH + AC,NS + RS,CH|AC|NS|RS,"AC,CH||NS,RS",False,True,0.6781296229633789,0.7784244479201454,0.49910608786629795,0.6092086695552554,0.7046396859358264,0.7970406621639297,0.6464267659436781,0.6464267659436781,0.1464267659436781
RS,CH,TD,SY,"['RS', 'CH', 'TD', 'SY']",RS + CH,TD + SY,RS|CH|TD|SY,"CH,RS||SY,TD",False,True,0.6080404235796942,0.535345315584263,0.7395437514780943,0.4247840107921876,0.24213389274387043,0.5232371374236305,0.35355046475334384,0.35355046475334384,0.14644953524665616
AC,CH,TT,SY,"['AC', 'CH', 'TT', 'SY']",AC + CH,TT + SY,AC|CH|TT|SY,"AC,CH||SY,TT",False,False,0.42797657749307033,0.3838638360588036,0.10778477218688126,0.29176923405894506,0.45013876930036834,0.3961789446665963,0.35353335280310016,0.35353335280310016,0.14646664719689984
AC,SY,NS,TD,"['AC', 'SY', 'NS', 'TD']",AC + SY,NS + TD,AC|SY|NS|TD,"AC,SY||NS,TD",False,True,0.6525707677349769,0.7876834405993665,0.24056266758764644,0.529035253565906,0.8321601820958417,0.7618892584845055,0.647253975692581,0.647253975692581,0.14725397569258103
SY,TT,AC,NS,"['SY', 'TT', 'AC', 'NS']",SY + TT,AC + NS,SY|TT|AC|NS,"AC,NS||SY,TT",False,True,0.6600000531100364,0.7231788837083527,0.5745286311060493,0.63881061591477,0.6624248156071156,0.6621226249410546,0.6480201537947847,0.6480201537947847,0.14802015379478473
TD,SY,RS,TT,"['TD', 'SY', 'RS', 'TT']",TD + SY,RS + TT,TD|SY|RS|TT,"RS,TT||SY,TD",False,False,0.49564898509756267,0.6098532531992202,0.02635059518264884,0.3107726158996328,0.4146330262310142,0.47464780013633523,0.35127817592887156,0.35127817592887156,0.14872182407112844
CH,TD,SY,AC,"['CH', 'TD', 'SY', 'AC']",CH + TD,SY + AC,CH|TD|SY|AC,"AC,SY||CH,TD",True,True,0.4360581321787472,0.30748144578694253,0.30578863817846025,0.24497429306670468,0.5160592263432795,0.37018724975109785,0.35069741704456886,0.35069741704456886,0.14930258295543114
AC,TT,CH,TD,"['AC', 'TT', 'CH', 'TD']",AC + TT,CH + TD,AC|TT|CH|TD,"AC,TT||CH,TD",False,False,0.5280839750537559,0.5634730330871593,0.01559273236110366,0.30096130326828713,0.42772833153048473,0.5582298425022074,0.3504004442905442,0.3504004442905442,0.14959955570945582
AC,NS,TD,RS,"['AC', 'NS', 'TD', 'RS']",AC + NS,TD + RS,AC|NS|TD|RS,"AC,NS||RS,TD",False,False,0.8207890332869676,0.9175627561799036,0.3665921569936537,0.4734479104144462,0.9257115910350578,0.771482364115683,0.6498307458564847,0.6498307458564847,0.1498307458564847
AC,CH,SY,TT,"['AC', 'CH', 'SY', 'TT']",AC + CH,SY + TT,AC|CH|SY|TT,"AC,CH||SY,TT",False,False,0.42797657749307033,0.3838638360588036,0.0894780122941953,0.29520046696368235,0.43559100984289156,0.3653782186066411,0.34995277868657393,0.34995277868657393,0.15004722131342607
SY,AC,NS,TD,"['SY', 'AC', 'NS', 'TD']",SY + AC,NS + TD,SY|AC|NS|TD,"AC,SY||NS,TD",False,True,0.6525707677349769,0.7876834405993665,0.611371800580171,0.5689756323920607,0.7771781100966408,0.7638064302811193,0.650174598696847,0.650174598696847,0.15017459869684702
RS,NS,TD,SY,"['RS', 'NS', 'TD', 'SY']",RS + NS,TD + SY,RS|NS|TD|SY,"NS,RS||SY,TD",False,True,0.5164689576376628,0.4187901209899531,0.30840087749212364,0.31194719876323374,0.40833423745681524,0.3672761701802928,0.3495381438537305,0.3495381438537305,0.1504618561462695
TD,CH,SY,RS,"['TD', 'CH', 'SY', 'RS']",TD + CH,SY + RS,TD|CH|SY|RS,"CH,TD||RS,SY",False,True,0.5286762341089225,0.48720207837370627,0.3124382877161714,0.3017245448879328,0.4215077782769231,0.5885195012562686,0.34844000590963903,0.34844000590963903,0.15155999409036097
AC,CH,TT,RS,"['AC', 'CH', 'TT', 'RS']",AC + CH,TT + RS,AC|CH|TT|RS,"AC,CH||RS,TT",False,False,0.688621962342891,0.7996355675447371,0.7476350626578966,0.5986772418756159,0.7342832990343889,0.8034661633991259,0.6515636041675374,0.6515636041675374,0.15156360416753745
TT,NS,FZ,AC,"['TT', 'NS', 'FZ', 'AC']",TT + NS,FZ + AC,TT|NS|FZ|AC,"AC,FZ||NS,TT",False,True,0.4234451572725814,0.3411788385821608,0.013726490542473288,0.38170403296166405,0.2952778989000158,0.2644652367030099,0.34799784067762124,0.34799784067762124,0.15200215932237876
CH,AC,NS,TT,"['CH', 'AC', 'NS', 'TT']",CH + AC,NS + TT,CH|AC|NS|TT,"AC,CH||NS,TT",False,True,0.45167995162171404,0.48950290591112217,0.25328263245356786,0.38998326477714707,0.2815172398411326,0.47228376239697173,0.34768151505210143,0.34768151505210143,0.15231848494789857
FZ,RS,TD,TT,"['FZ', 'RS', 'TD', 'TT']",FZ + RS,TD + TT,FZ|RS|TD|TT,"FZ,RS||TD,TT",False,False,0.7476910920416288,0.8045065458346641,0.7964391739996423,0.54577680857833,0.8203169302694857,0.7206295723394408,0.6528474560378807,0.6528474560378807,0.15284745603788075
FZ,TD,CH,NS,"['FZ', 'TD', 'CH', 'NS']",FZ + TD,CH + NS,FZ|TD|CH|NS,"CH,NS||FZ,TD",True,True,0.34362888353236964,0.30923518565182484,0.03242125578614766,0.28721503069565185,0.43949067313122836,0.30056629171830873,0.3466025312455267,0.3466025312455267,0.1533974687544733
RS,CH,TT,TD,"['RS', 'CH', 'TT', 'TD']",RS + CH,TT + TD,RS|CH|TT|TD,"CH,RS||TD,TT",True,True,0.641942237188835,0.6660173779493603,0.4708630277997542,0.37545452079618663,0.30137058167368014,0.5881941177785662,0.3465617845384091,0.3465617845384091,0.15343821546159092
CH,TD,AC,SY,"['CH', 'TD', 'AC', 'SY']",CH + TD,AC + SY,CH|TD|AC|SY,"AC,SY||CH,TD",False,True,0.4360581321787472,0.30748144578694253,0.342680024281561,0.24098215231980952,0.51122212853715,0.3775998248951875,0.3463757430445723,0.3463757430445723,0.1536242569554277
FZ,RS,TT,TD,"['FZ', 'RS', 'TT', 'TD']",FZ + RS,TT + TD,FZ|RS|TT|TD,"FZ,RS||TD,TT",False,False,0.7476910920416288,0.8045065458346641,0.9290721659330424,0.5473556679929092,0.8199843530600092,0.7161390135434509,0.6536808551690783,0.6536808551690783,0.15368085516907826
TT,NS,AC,FZ,"['TT', 'NS', 'AC', 'FZ']",TT + NS,AC + FZ,TT|NS|AC|FZ,"AC,FZ||NS,TT",True,True,0.4234451572725814,0.3411788385821608,0.007494531718913068,0.3688576133719004,0.3106482017886635,0.29542244662619654,0.346155942854438,0.346155942854438,0.15384405714556199
AC,TT,RS,TD,"['AC', 'TT', 'RS', 'TD']",AC + TT,RS + TD,AC|TT|RS|TD,"AC,TT||RS,TD",False,True,0.8135443822825966,0.9051409279810807,0.6805679027195873,0.4882083999249357,0.9129169543218387,0.7942385728360323,0.6538447361397279,0.6538447361397279,0.15384473613972793
TT,NS,SY,TD,"['TT', 'NS', 'SY', 'TD']",TT + NS,SY + TD,TT|NS|SY|TD,"NS,TT||SY,TD",False,False,0.7320355004567033,0.7205062041445294,0.22827865462342467,0.5505821087163089,0.8155200192284215,0.754394758524923,0.6539078938160328,0.6539078938160328,0.15390789381603276
CH,AC,TT,RS,"['CH', 'AC', 'TT', 'RS']",CH + AC,TT + RS,CH|AC|TT|RS,"AC,CH||RS,TT",False,False,0.688621962342891,0.7996355675447371,0.9303939015842819,0.6323675046786885,0.68798938637597,0.8177217736030241,0.6540600385406283,0.6540600385406283,0.15406003854062833
SY,AC,TD,NS,"['SY', 'AC', 'TD', 'NS']",SY + AC,TD + NS,SY|AC|TD|NS,"AC,SY||NS,TD",False,True,0.6525707677349769,0.7876834405993665,0.3251254984946926,0.5606127592577324,0.8005243684338925,0.7710256134044958,0.6541782868364348,0.6541782868364348,0.15417828683643475
NS,TT,SY,RS,"['NS', 'TT', 'SY', 'RS']",NS + TT,SY + RS,NS|TT|SY|RS,"NS,TT||RS,SY",False,False,0.699064835802778,0.6993148708569814,0.27611692932774784,0.5530323780763863,0.8161783106398188,0.756908333140008,0.655659291776125,0.655659291776125,0.15565929177612503
AC,CH,TT,NS,"['AC', 'CH', 'TT', 'NS']",AC + CH,TT + NS,AC|CH|TT|NS,"AC,CH||NS,TT",False,True,0.45167995162171404,0.48950290591112217,0.08925392233148301,0.33118209358393147,0.3632412583639835,0.4792422046042814,0.34368516784815173,0.34368516784815173,0.15631483215184827
RS,CH,TD,NS,"['RS', 'CH', 'TD', 'NS']",RS + CH,TD + NS,RS|CH|TD|NS,"CH,RS||NS,TD",False,False,0.630720459802872,0.6387324333792622,0.28225282564831694,0.38064743772563964,0.2848555924472105,0.5185246180508609,0.34328861806705224,0.34328861806705224,0.15671138193294776
NS,TT,SY,TD,"['NS', 'TT', 'SY', 'TD']",NS + TT,SY + TD,NS|TT|SY|TD,"NS,TT||SY,TD",False,False,0.7320355004567033,0.7205062041445294,0.23687516697245514,0.5578152892901652,0.8127061036293258,0.7571298279689642,0.6572227068824379,0.6572227068824379,0.1572227068824379
TT,NS,SY,FZ,"['TT', 'NS', 'SY', 'FZ']",TT + NS,SY + FZ,TT|NS|SY|FZ,"FZ,SY||NS,TT",False,True,0.26494246555888334,0.14072478085435536,0.012050974239235047,0.3354724549097425,0.35373808555102054,0.2635594022936866,0.3425960508598409,0.3425960508598409,0.1574039491401591
TD,SY,TT,RS,"['TD', 'SY', 'TT', 'RS']",TD + SY,TT + RS,TD|SY|TT|RS,"RS,TT||SY,TD",False,False,0.49564898509756267,0.6098532531992202,0.05448050219245975,0.3045210503674638,0.4021020114188231,0.4596142450051191,0.3425776251774939,0.3425776251774939,0.1574223748225061
TD,CH,SY,AC,"['TD', 'CH', 'SY', 'AC']",TD + CH,SY + AC,TD|CH|SY|AC,"AC,SY||CH,TD",False,True,0.4360581321787472,0.30748144578694253,0.30578863817846025,0.23179492765485082,0.5156229533640201,0.3473591114143406,0.34248785768142687,0.34248785768142687,0.15751214231857313
TT,NS,SY,RS,"['TT', 'NS', 'SY', 'RS']",TT + NS,SY + RS,TT|NS|SY|RS,"NS,TT||RS,SY",False,False,0.699064835802778,0.6993148708569814,0.26659379611308054,0.5555008189804673,0.8175878159756801,0.7422225890562603,0.6577147478086003,0.6577147478086003,0.1577147478086003
NS,SY,FZ,CH,"['NS', 'SY', 'FZ', 'CH']",NS + SY,FZ + CH,NS|SY|FZ|CH,"CH,FZ||NS,SY",True,True,0.2400014548715838,0.22248113385239182,0.09399697539934053,0.30489675830766616,0.3993945483648647,0.2013766127489687,0.3417508964299736,0.3417508964299736,0.15824910357002642
SY,TD,NS,RS,"['SY', 'TD', 'NS', 'RS']",SY + TD,NS + RS,SY|TD|NS|RS,"NS,RS||SY,TD",False,True,0.48353104236233724,0.5812098790100468,0.04852837237064187,0.28782275652491407,0.42487870226564695,0.4967403129456292,0.3412745753637999,0.3412745753637999,0.1587254246362001
TT,CH,SY,AC,"['TT', 'CH', 'SY', 'AC']",TT + CH,SY + AC,TT|CH|SY|AC,"AC,SY||CH,TT",False,True,0.6993122655108387,0.6378461368914561,0.49037049139894884,0.5627273333314404,0.8094816442548559,0.598275532794713,0.6589615145915725,0.6589615145915725,0.15896151459157248
AC,TT,TD,RS,"['AC', 'TT', 'TD', 'RS']",AC + TT,TD + RS,AC|TT|TD|RS,"AC,TT||RS,TD",True,True,0.8135443822825966,0.9051409279810807,0.6805679027195873,0.49470046341699914,0.9168917147627573,0.7851427380108742,0.6593550514418449,0.6593550514418449,0.15935505144184492
NS,TD,TT,RS,"['NS', 'TD', 'TT', 'RS']",NS + TD,TT + RS,NS|TD|TT|RS,"NS,TD||RS,TT",False,False,0.47162285698521167,0.5056706624132561,0.18170100138820194,0.3123054648867944,0.38448264123860404,0.4856755114721775,0.3404545636640002,0.3404545636640002,0.15954543633599982
TD,NS,RS,SY,"['TD', 'NS', 'RS', 'SY']",TD + NS,RS + SY,TD|NS|RS|SY,"NS,TD||RS,SY",False,False,0.43576885831125867,0.3723524952508879,0.052958648898890376,0.223834310553379,0.522794699598895,0.3620016441139989,0.34042886228113023,0.34042886228113023,0.15957113771886977
TD,NS,SY,RS,"['TD', 'NS', 'SY', 'RS']",TD + NS,SY + RS,TD|NS|SY|RS,"NS,TD||RS,SY",False,False,0.43576885831125867,0.3723524952508879,0.11392123273295406,0.22499528246910533,0.5208681272556294,0.34461010404043335,0.34038569193584967,0.34038569193584967,0.15961430806415033
NS,TT,SY,FZ,"['NS', 'TT', 'SY', 'FZ']",NS + TT,SY + FZ,NS|TT|SY|FZ,"FZ,SY||NS,TT",False,True,0.26494246555888334,0.14072478085435536,0.012050974239235047,0.3359972988641281,0.3461913415687079,0.2680246802237395,0.33997297551891426,0.33997297551891426,0.16002702448108574
TD,CH,AC,SY,"['TD', 'CH', 'AC', 'SY']",TD + CH,AC + SY,TD|CH|AC|SY,"AC,SY||CH,TD",False,True,0.4360581321787472,0.30748144578694253,0.342680024281561,0.23174824145341016,0.5088242274077446,0.3573049053529836,0.3398078759756006,0.3398078759756006,0.16019212402439942
CH,RS,TD,TT,"['CH', 'RS', 'TD', 'TT']",CH + RS,TD + TT,CH|RS|TD|TT,"CH,RS||TD,TT",False,True,0.641942237188835,0.6660173779493603,0.6149978923658201,0.37114007829424417,0.28963777994407025,0.5587312532844367,0.33935418193767636,0.33935418193767636,0.16064581806232364
TT,CH,FZ,AC,"['TT', 'CH', 'FZ', 'AC']",TT + CH,FZ + AC,TT|CH|FZ|AC,"AC,FZ||CH,TT",False,True,0.5161285337361263,0.45574203921021295,0.06729500032559205,0.35404150424874153,0.31503890836693954,0.38685101082497275,0.3388304918548387,0.3388304918548387,0.1611695081451613
AC,CH,SY,TD,"['AC', 'CH', 'SY', 'TD']",AC + CH,SY + TD,AC|CH|SY|TD,"AC,CH||SY,TD",False,False,0.6923415607017435,0.7122989442943455,0.5143479197457309,0.5809559497330075,0.7868799123330429,0.7398305393807009,0.6612662951470213,0.6612662951470213,0.1612662951470213
TD,NS,RS,CH,"['TD', 'NS', 'RS', 'CH']",TD + NS,RS + CH,TD|NS|RS|CH,"CH,RS||NS,TD",False,False,0.369279540197128,0.3612675666207378,0.40432815400583527,0.2525673535148558,0.4714742804575684,0.2757031912944757,0.3379410550225137,0.3379410550225137,0.1620589449774863
TD,FZ,RS,AC,"['TD', 'FZ', 'RS', 'AC']",TD + FZ,RS + AC,TD|FZ|RS|AC,"AC,RS||FZ,TD",False,True,0.7907003846198764,0.8551618394285136,0.4045842577244733,0.47579623523211517,0.9544578787937473,0.7997414317662985,0.6624742762211517,0.6624742762211517,0.16247427622115174
CH,TD,AC,TT,"['CH', 'TD', 'AC', 'TT']",CH + TD,AC + TT,CH|TD|AC|TT,"AC,TT||CH,TD",False,False,0.4719160249462441,0.43652696691284065,0.33437551403534155,0.26730819776595743,0.4468486153344574,0.43467149958913354,0.3373289606176724,0.3373289606176724,0.16267103938232758
AC,CH,TD,TT,"['AC', 'CH', 'TD', 'TT']",AC + CH,TD + TT,AC|CH|TD|TT,"AC,CH||TD,TT",False,False,0.722282227061824,0.8167812656768922,0.7789433348701312,0.5721040496400466,0.805996195826036,0.7840665237886427,0.6633219866525825,0.6633219866525825,0.16332198665258246
TT,NS,FZ,SY,"['TT', 'NS', 'FZ', 'SY']",TT + NS,FZ + SY,TT|NS|FZ|SY,"FZ,SY||NS,TT",False,True,0.26494246555888334,0.14072478085435536,0.0224027073805118,0.3246598459438497,0.3542008907492576,0.2397156513784148,0.3361808534179588,0.3361808534179588,0.16381914658204122
AC,TT,TD,CH,"['AC', 'TT', 'TD', 'CH']",AC + TT,TD + CH,AC|TT|TD|CH,"AC,TT||CH,TD",False,False,0.5280839750537559,0.5634730330871593,0.033073427498947976,0.303744957114441,0.38659008566707276,0.5279082683234837,0.33605455724996736,0.33605455724996736,0.16394544275003264
CH,AC,SY,TD,"['CH', 'AC', 'SY', 'TD']",CH + AC,SY + TD,CH|AC|SY|TD,"AC,CH||SY,TD",False,False,0.6923415607017435,0.7122989442943455,0.8394464989512785,0.6143647507028941,0.7416926167148503,0.732974713533851,0.6640226184475571,0.6640226184475571,0.16402261844755706
AC,CH,NS,TT,"['AC', 'CH', 'NS', 'TT']",AC + CH,NS + TT,AC|CH|NS|TT,"AC,CH||NS,TT",True,True,0.45167995162171404,0.48950290591112217,0.07675824450789695,0.33405507526408695,0.3376087505921974,0.49524371263295347,0.33544100864205006,0.33544100864205006,0.16455899135794994
TT,CH,AC,SY,"['TT', 'CH', 'AC', 'SY']",TT + CH,AC + SY,TT|CH|AC|SY,"AC,SY||CH,TT",True,True,0.6993122655108387,0.6378461368914561,0.49037049139894884,0.5568856267923655,0.8338335010959088,0.6275682824385134,0.6648952977707474,0.6648952977707474,0.1648952977707474
NS,TD,RS,TT,"['NS', 'TD', 'RS', 'TT']",NS + TD,RS + TT,NS|TD|RS|TT,"NS,TD||RS,TT",False,False,0.47162285698521167,0.5056706624132561,0.08916097309169044,0.3100869542307837,0.37421093691122914,0.49986800370368273,0.33509530747615746,0.33509530747615746,0.16490469252384254
FZ,TD,NS,CH,"['FZ', 'TD', 'NS', 'CH']",FZ + TD,NS + CH,FZ|TD|NS|CH,"CH,NS||FZ,TD",False,True,0.34362888353236964,0.30923518565182484,0.029294833342538785,0.2931571094502306,0.40036695974383124,0.3036673703515677,0.3349689510647349,0.3349689510647349,0.1650310489352651
CH,TT,SY,AC,"['CH', 'TT', 'SY', 'AC']",CH + TT,SY + AC,CH|TT|SY|AC,"AC,SY||CH,TT",False,True,0.6993122655108387,0.6378461368914561,0.5979341883347138,0.5771354303421357,0.8037610611743411,0.6249397178504899,0.6655194263666957,0.6655194263666957,0.1655194263666957
NS,TD,CH,RS,"['NS', 'TD', 'CH', 'RS']",NS + TD,CH + RS,NS|TD|CH|RS,"CH,RS||NS,TD",False,False,0.369279540197128,0.3612675666207378,0.5865536494208418,0.2596432899587187,0.44977870044090995,0.3126266116764444,0.3337961000467733,0.3337961000467733,0.1662038999532267
RS,FZ,TD,AC,"['RS', 'FZ', 'TD', 'AC']",RS + FZ,TD + AC,RS|FZ|TD|AC,"AC,TD||FZ,RS",False,True,0.8393505835324583,0.8809580004580668,0.2638588043731377,0.5148791803931126,0.9032067609392587,0.8251510432077811,0.6663269368061095,0.6663269368061095,0.16632693680610955
NS,TT,FZ,SY,"['NS', 'TT', 'FZ', 'SY']",NS + TT,FZ + SY,NS|TT|FZ|SY,"FZ,SY||NS,TT",False,True,0.26494246555888334,0.14072478085435536,0.0224027073805118,0.32643468989823526,0.34394776604380084,0.21676885123470144,0.33326478959500583,0.33326478959500583,0.16673521040499417
CH,TD,RS,SY,"['CH', 'TD', 'RS', 'SY']",CH + TD,RS + SY,CH|TD|RS|SY,"CH,TD||RS,SY",False,True,0.5286762341089225,0.48720207837370627,0.18783930236074386,0.30004073895819067,0.3849033353675383,0.5536389403172474,0.33313715155783624,0.33313715155783624,0.16686284844216376
RS,FZ,TT,CH,"['RS', 'FZ', 'TT', 'CH']",RS + FZ,TT + CH,RS|FZ|TT|CH,"CH,TT||FZ,RS",False,True,0.3925649900953921,0.35950137158049,0.2512785821584737,0.332067566929234,0.334356245247603,0.27358191679321814,0.3329601514733979,0.3329601514733979,0.16703984852660209
CH,TT,AC,FZ,"['CH', 'TT', 'AC', 'FZ']",CH + TT,AC + FZ,CH|TT|AC|FZ,"AC,FZ||CH,TT",True,True,0.5161285337361263,0.45574203921021295,0.03786699813922576,0.3398977415796238,0.32206160361047276,0.3916752251744205,0.3329416477716549,0.3329416477716549,0.1670583522283451
TD,FZ,CH,NS,"['TD', 'FZ', 'CH', 'NS']",TD + FZ,CH + NS,TD|FZ|CH|NS,"CH,NS||FZ,TD",True,True,0.34362888353236964,0.30923518565182484,0.03577529937595153,0.2662971023864167,0.4350434734139625,0.2657154120475149,0.33210818708715956,0.33210818708715956,0.16789181291284044
RS,FZ,CH,TT,"['RS', 'FZ', 'CH', 'TT']",RS + FZ,CH + TT,RS|FZ|CH|TT,"CH,TT||FZ,RS",True,True,0.3925649900953921,0.35950137158049,0.2894919331317649,0.3409727087732057,0.31799120501725675,0.2760505445101995,0.33200992230838555,0.33200992230838555,0.16799007769161445
CH,TT,AC,SY,"['CH', 'TT', 'AC', 'SY']",CH + TT,AC + SY,CH|TT|AC|SY,"AC,SY||CH,TT",False,True,0.6993122655108387,0.6378461368914561,0.5979341883347138,0.5721156935000304,0.8193628428245976,0.623049895850946,0.6685420817366117,0.6685420817366117,0.16854208173661167
FZ,TT,NS,SY,"['FZ', 'TT', 'NS', 'SY']",FZ + TT,NS + SY,FZ|TT|NS|SY,"FZ,TT||NS,SY",False,True,0.6750232250797495,0.650940572296998,0.959033263563918,0.7403134851233844,0.559186056450023,0.6731025649287469,0.6696737879407735,0.6696737879407735,0.16967378794077348
FZ,RS,TT,CH,"['FZ', 'RS', 'TT', 'CH']",FZ + RS,TT + CH,FZ|RS|TT|CH,"CH,TT||FZ,RS",False,True,0.3925649900953921,0.35950137158049,0.23259415964361824,0.35574232694842595,0.2854585832465856,0.2718213960488784,0.3283316669047082,0.3283316669047082,0.17166833309529178
NS,RS,TT,TD,"['NS', 'RS', 'TT', 'TD']",NS + RS,TT + TD,NS|RS|TT|TD,"NS,RS||TD,TT",False,False,0.5524614605682159,0.553629032722877,0.27301229821408696,0.3032429634116799,0.36722623792833625,0.47383204185431393,0.32819644047317587,0.32819644047317587,0.17180355952682413
NS,AC,RS,TD,"['NS', 'AC', 'RS', 'TD']",NS + AC,RS + TD,NS|AC|RS|TD,"AC,NS||RS,TD",False,False,0.8207890332869676,0.9175627561799036,0.7815324951209253,0.5169126009171803,0.9147311216705956,0.788609573149919,0.6720618240110123,0.6720618240110123,0.17206182401101233
FZ,RS,CH,TT,"['FZ', 'RS', 'CH', 'TT']",FZ + RS,CH + TT,FZ|RS|CH|TT,"CH,TT||FZ,RS",False,True,0.3925649900953921,0.35950137158049,0.2689868875018188,0.36496889736382604,0.2691145996094663,0.28190134032630326,0.32758572123962576,0.32758572123962576,0.17241427876037424
TD,SY,NS,RS,"['TD', 'SY', 'NS', 'RS']",TD + SY,NS + RS,TD|SY|NS|RS,"NS,RS||SY,TD",True,True,0.48353104236233724,0.5812098790100468,0.0486175778046014,0.2662632886938945,0.42126170846384964,0.4915013666375343,0.326712672404177,0.326712672404177,0.173287327595823
FZ,TT,SY,NS,"['FZ', 'TT', 'SY', 'NS']",FZ + TT,SY + NS,FZ|TT|SY|NS,"FZ,TT||NS,SY",False,True,0.6750232250797495,0.650940572296998,0.959033263563918,0.7347301517900512,0.5783823580578141,0.6710957657577686,0.6737545122344788,0.6737545122344788,0.1737545122344788
TD,FZ,AC,RS,"['TD', 'FZ', 'AC', 'RS']",TD + FZ,AC + RS,TD|FZ|AC|RS,"AC,RS||FZ,TD",True,True,0.7907003846198764,0.8551618394285136,0.6888626048097138,0.4945374472531232,0.9554005952922031,0.7898314474193876,0.6742740749883644,0.6742740749883644,0.17427407498836445
TT,NS,TD,AC,"['TT', 'NS', 'TD', 'AC']",TT + NS,TD + AC,TT|NS|TD|AC,"AC,TD||NS,TT",False,False,0.8477115658555101,0.8943884836024285,0.286458854862082,0.5630654679343701,0.850661912476594,0.8599739219586586,0.6752280813058373,0.6752280813058373,0.17522808130583734
NS,TT,AC,FZ,"['NS', 'TT', 'AC', 'FZ']",NS + TT,AC + FZ,NS|TT|AC|FZ,"AC,FZ||NS,TT",False,True,0.4234451572725814,0.3411788385821608,0.007494531718913068,0.35654154823537687,0.2724701256622574,0.32195786341245336,0.3237536934318603,0.3237536934318603,0.17624630656813972
TT,CH,AC,FZ,"['TT', 'CH', 'AC', 'FZ']",TT + CH,AC + FZ,TT|CH|AC|FZ,"AC,FZ||CH,TT",False,True,0.5161285337361263,0.45574203921021295,0.03798508840849931,0.3230872874997102,0.32424335543649196,0.38291687961392734,0.3235381539950551,0.3235381539950551,0.1764618460049449
CH,AC,TD,TT,"['CH', 'AC', 'TD', 'TT']",CH + AC,TD + TT,CH|AC|TD|TT,"AC,CH||TD,TT",False,False,0.722282227061824,0.8167812656768922,0.945639689041866,0.6123537164004894,0.7770094996681121,0.8014538214004083,0.6765694718748623,0.6765694718748623,0.17656947187486227
TT,SY,CH,TD,"['TT', 'SY', 'CH', 'TD']",TT + SY,CH + TD,TT|SY|CH|TD,"CH,TD||SY,TT",False,True,0.6951364552326352,0.7950400116935246,0.330090214215745,0.6213136116179127,0.7631297441810914,0.8200584343792567,0.6766219033175523,0.6766219033175523,0.17662190331755234
NS,TT,TD,AC,"['NS', 'TT', 'TD', 'AC']",NS + TT,TD + AC,NS|TT|TD|AC,"AC,TD||NS,TT",False,False,0.8477115658555101,0.8943884836024285,0.29640481040860917,0.5672311767466307,0.8481925863183589,0.8604654356580735,0.6768061264796048,0.6768061264796048,0.1768061264796048
AC,CH,TT,TD,"['AC', 'CH', 'TT', 'TD']",AC + CH,TT + TD,AC|CH|TT|TD,"AC,CH||TD,TT",False,False,0.722282227061824,0.8167812656768922,0.6713821043490674,0.5854047924419862,0.8202512101935286,0.8253353091225614,0.6769948953650877,0.6769948953650877,0.17699489536508772
TD,NS,TT,RS,"['TD', 'NS', 'TT', 'RS']",TD + NS,TT + RS,TD|NS|TT|RS,"NS,TD||RS,TT",False,False,0.47162285698521167,0.5056706624132561,0.19765444098124443,0.30042319834381354,0.3582793795929197,0.46873610154661843,0.32298710903096495,0.32298710903096495,0.17701289096903505
RS,FZ,AC,TD,"['RS', 'FZ', 'AC', 'TD']",RS + FZ,AC + TD,RS|FZ|AC|TD,"AC,TD||FZ,RS",True,True,0.8393505835324583,0.8809580004580668,0.5142322564332917,0.5260117322834018,0.9144765642714033,0.8268598182713612,0.6775130167587224,0.6775130167587224,0.17751301675872244
NS,AC,TD,RS,"['NS', 'AC', 'TD', 'RS']",NS + AC,TD + RS,NS|AC|TD|RS,"AC,NS||RS,TD",False,False,0.8207890332869676,0.9175627561799036,0.7815324951209253,0.5242379977425771,0.9178351727597331,0.7911846647250107,0.6777408959992679,0.6777408959992679,0.1777408959992679
TD,FZ,NS,CH,"['TD', 'FZ', 'NS', 'CH']",TD + FZ,NS + CH,TD|FZ|NS|CH,"CH,NS||FZ,TD",True,True,0.34362888353236964,0.30923518565182484,0.0323362514021712,0.2742927525695669,0.39721647446834724,0.28967604761156146,0.32223300411009126,0.32223300411009126,0.17776699588990874
NS,CH,SY,AC,"['NS', 'CH', 'SY', 'AC']",NS + CH,SY + AC,NS|CH|SY|AC,"AC,SY||CH,NS",False,True,0.7094099887522224,0.666125993309872,0.5824978323907315,0.6090344695664154,0.78529896804914,0.6250646958843685,0.677777623974678,0.677777623974678,0.177777623974678
TT,SY,TD,CH,"['TT', 'SY', 'TD', 'CH']",TT + SY,TD + CH,TT|SY|TD|CH,"CH,TD||SY,TT",False,True,0.6951364552326352,0.7950400116935246,0.42181662304542944,0.6164787266990722,0.7738792986166163,0.7821794978288841,0.6778649497469145,0.6778649497469145,0.17786494974691447
TD,CH,AC,TT,"['TD', 'CH', 'AC', 'TT']",TD + CH,AC + TT,TD|CH|AC|TT,"AC,TT||CH,TD",False,False,0.4719160249462441,0.43652696691284065,0.33437551403534155,0.2556395827148539,0.425847185650091,0.41174151000479475,0.32202054785959633,0.32202054785959633,0.17797945214040367
TT,RS,SY,TD,"['TT', 'RS', 'SY', 'TD']",TT + RS,SY + TD,TT|RS|SY|TD,"RS,TT||SY,TD",False,False,0.5043510149024373,0.39014674680077976,0.1521488242815641,0.32393970974289465,0.31885308135275187,0.32123106397123374,0.32195592467073897,0.32195592467073897,0.17804407532926103
RS,CH,TD,TT,"['RS', 'CH', 'TD', 'TT']",RS + CH,TD + TT,RS|CH|TD|TT,"CH,RS||TD,TT",False,True,0.641942237188835,0.6660173779493603,0.6149978923658201,0.3661711583253242,0.2518724290093532,0.5529637090632075,0.3215946538920955,0.3215946538920955,0.17840534610790448
FZ,TD,RS,AC,"['FZ', 'TD', 'RS', 'AC']",FZ + TD,RS + AC,FZ|TD|RS|AC,"AC,RS||FZ,TD",False,True,0.7907003846198764,0.8551618394285136,0.3698229016165718,0.5021407865141664,0.9546676495212545,0.7980106349494632,0.6786262630869307,0.6786262630869307,0.17862626308693075
TT,AC,RS,TD,"['TT', 'AC', 'RS', 'TD']",TT + AC,RS + TD,TT|AC|RS|TD,"AC,TT||RS,TD",False,True,0.8135443822825966,0.9051409279810807,0.9307248695703828,0.5375326752872546,0.8996231928998344,0.8008209822486884,0.6787479771561606,0.6787479771561606,0.17874797715616064
NS,TT,FZ,AC,"['NS', 'TT', 'FZ', 'AC']",NS + TT,FZ + AC,NS|TT|FZ|AC,"AC,FZ||NS,TT",False,True,0.4234451572725814,0.3411788385821608,0.013726490542473288,0.3731379678251404,0.23986781828176382,0.27426309584603104,0.32116260950322356,0.32116260950322356,0.17883739049677644
FZ,RS,TD,AC,"['FZ', 'RS', 'TD', 'AC']",FZ + RS,TD + AC,FZ|RS|TD|AC,"AC,TD||FZ,RS",False,True,0.8393505835324583,0.8809580004580668,0.221741321002333,0.5425570650084972,0.8947963366486265,0.8327300062163696,0.6799303809481476,0.6799303809481476,0.17993038094814762
NS,TT,RS,AC,"['NS', 'TT', 'RS', 'AC']",NS + TT,RS + AC,NS|TT|RS|AC,"AC,RS||NS,TT",False,False,0.8255826338784698,0.8823175261433585,0.5687464361362071,0.5754330545154338,0.8439078002266186,0.8228266711307471,0.6801382053427958,0.6801382053427958,0.1801382053427958
TD,NS,RS,TT,"['TD', 'NS', 'RS', 'TT']",TD + NS,RS + TT,TD|NS|RS|TT,"NS,TD||RS,TT",False,False,0.47162285698521167,0.5056706624132561,0.09796203697860997,0.3097600952113139,0.3341161743046434,0.49360262900064805,0.3192589660577124,0.3192589660577124,0.18074103394228758
NS,RS,TD,TT,"['NS', 'RS', 'TD', 'TT']",NS + RS,TD + TT,NS|RS|TD|TT,"NS,RS||TD,TT",False,False,0.5524614605682159,0.553629032722877,0.08386085713148364,0.2919496941809106,0.36170950791515766,0.47541200159829755,0.31915602153726697,0.31915602153726697,0.18084397846273303
TD,CH,RS,SY,"['TD', 'CH', 'RS', 'SY']",TD + CH,RS + SY,TD|CH|RS|SY,"CH,TD||RS,SY",False,True,0.5286762341089225,0.48720207837370627,0.18783930236074386,0.29032883386379715,0.36223721339253007,0.5708177131347563,0.318373101880003,0.318373101880003,0.181626898119997
AC,CH,RS,SY,"['AC', 'CH', 'RS', 'SY']",AC + CH,RS + SY,AC|CH|RS|SY,"AC,CH||RS,SY",True,True,0.656776821078512,0.6907748381725418,0.7134670213500921,0.577415605523137,0.8447102995187211,0.7660745268109953,0.6816605361814148,0.6816605361814148,0.18166053618141476
FZ,TT,NS,CH,"['FZ', 'TT', 'NS', 'CH']",FZ + TT,NS + CH,FZ|TT|NS|CH,"CH,NS||FZ,TT",True,True,0.6115985366929668,0.6407281658435007,0.9736073167577637,0.7302831931572631,0.6058331470493826,0.6590754544040817,0.6817476751751897,0.6817476751751897,0.18174767517518975
TD,NS,CH,RS,"['TD', 'NS', 'CH', 'RS']",TD + NS,CH + RS,TD|NS|CH|RS,"CH,RS||NS,TD",False,False,0.369279540197128,0.3612675666207378,0.6110320043420142,0.24992588633060087,0.4227435629577412,0.29434603324192576,0.3173247802151856,0.3173247802151856,0.18267521978481438
TT,AC,FZ,TD,"['TT', 'AC', 'FZ', 'TD']",TT + AC,FZ + TD,TT|AC|FZ|TD,"AC,TT||FZ,TD",False,True,0.40369864682819995,0.39241866787846724,0.6722146841883603,0.3888594571827138,0.20471119595679216,0.41988761528907825,0.31704163530460433,0.31704163530460433,0.18295836469539567
NS,CH,AC,SY,"['NS', 'CH', 'AC', 'SY']",NS + CH,AC + SY,NS|CH|AC|SY,"AC,SY||CH,NS",True,True,0.7094099887522224,0.666125993309872,0.5824978323907315,0.612795833202779,0.7944710361315462,0.6302258069332018,0.6836491623449982,0.6836491623449982,0.18364916234499817
TT,AC,TD,FZ,"['TT', 'AC', 'TD', 'FZ']",TT + AC,TD + FZ,TT|AC|TD|FZ,"AC,TT||FZ,TD",False,True,0.40369864682819995,0.39241866787846724,0.756229906485535,0.3722347776955343,0.22828207604503806,0.37934119077035894,0.31609322405184076,0.31609322405184076,0.18390677594815924
TT,RS,TD,SY,"['TT', 'RS', 'TD', 'SY']",TT + RS,TD + SY,TT|RS|TD|SY,"RS,TT||SY,TD",False,False,0.5043510149024373,0.39014674680077976,0.2970570946900579,0.3212444372727424,0.3055666192879573,0.2983864379653476,0.31513008825867617,0.31513008825867617,0.18486991174132383
TT,AC,TD,RS,"['TT', 'AC', 'TD', 'RS']",TT + AC,TD + RS,TT|AC|TD|RS,"AC,TT||RS,TD",False,True,0.8135443822825966,0.9051409279810807,0.9307248695703828,0.5448580721126514,0.9050437381634051,0.7964334779401316,0.6853304818724453,0.6853304818724453,0.18533048187244527
SY,TT,FZ,NS,"['SY', 'TT', 'FZ', 'NS']",SY + TT,FZ + NS,SY|TT|FZ|NS,"FZ,NS||SY,TT",False,True,0.3040715706591322,0.29493603894243,0.05543673984378539,0.302561717384886,0.3317345884710747,0.2569699193833249,0.31393913710849963,0.31393913710849963,0.18606086289150037
TT,FZ,NS,SY,"['TT', 'FZ', 'NS', 'SY']",TT + FZ,NS + SY,TT|FZ|NS|SY,"FZ,TT||NS,SY",False,True,0.6750232250797495,0.650940572296998,0.9644032489328878,0.7133987695762362,0.644897268998776,0.6534356653151248,0.6866831843510266,0.6866831843510266,0.1866831843510266
SY,TT,TD,CH,"['SY', 'TT', 'TD', 'CH']",SY + TT,TD + CH,SY|TT|TD|CH,"CH,TD||SY,TT",False,True,0.6951364552326352,0.7950400116935246,0.7635058968497015,0.6526993432208518,0.7414016419164834,0.8021968671525999,0.6872932397121481,0.6872932397121481,0.18729323971214806
CH,TD,TT,AC,"['CH', 'TD', 'TT', 'AC']",CH + TD,TT + AC,CH|TD|TT|AC,"AC,TT||CH,TD",False,False,0.4719160249462441,0.43652696691284065,0.32035691035319813,0.2659323860776457,0.38271005121771934,0.4287783939834252,0.3114756754822744,0.3114756754822744,0.1885243245177256
RS,TT,SY,TD,"['RS', 'TT', 'SY', 'TD']",RS + TT,SY + TD,RS|TT|SY|TD,"RS,TT||SY,TD",False,False,0.5043510149024373,0.39014674680077976,0.1521488242815641,0.3118492486806595,0.31050987930737445,0.35385046824098354,0.31132689462507834,0.31132689462507834,0.18867310537492166
SY,AC,TT,CH,"['SY', 'AC', 'TT', 'CH']",SY + AC,TT + CH,SY|AC|TT|CH,"AC,SY||CH,TT",False,True,0.30068773448916125,0.36215386310854386,0.21054106105180423,0.3278587851777427,0.28505709554608194,0.2715310982076498,0.311166126221395,0.311166126221395,0.188833873778605
TT,NS,RS,AC,"['TT', 'NS', 'RS', 'AC']",TT + NS,RS + AC,TT|NS|RS|AC,"AC,RS||NS,TT",False,False,0.8255826338784698,0.8823175261433585,0.5568950952320512,0.5707117901476176,0.8746663643888472,0.8469944071182676,0.6892540741016971,0.6892540741016971,0.18925407410169715
CH,AC,RS,SY,"['CH', 'AC', 'RS', 'SY']",CH + AC,RS + SY,CH|AC|RS|SY,"AC,CH||RS,SY",False,True,0.656776821078512,0.6907748381725418,0.9247696997576786,0.6150311095122266,0.8058571407448775,0.7678192793087764,0.6894532616929605,0.6894532616929605,0.1894532616929605
NS,FZ,SY,CH,"['NS', 'FZ', 'SY', 'CH']",NS + FZ,SY + CH,NS|FZ|SY|CH,"CH,SY||FZ,NS",False,True,0.6002016929959606,0.5660526746532965,0.965918651649845,0.6415382064969526,0.7644115611574305,0.6727393702293669,0.689458814814539,0.689458814814539,0.18945881481453897
TT,NS,AC,TD,"['TT', 'NS', 'AC', 'TD']",TT + NS,AC + TD,TT|NS|AC|TD,"AC,TD||NS,TT",False,False,0.8477115658555101,0.8943884836024285,0.16272176619611012,0.5818561900251825,0.8579537453962272,0.8603236188113951,0.6895342366198899,0.6895342366198899,0.18953423661988988
TT,FZ,SY,NS,"['TT', 'FZ', 'SY', 'NS']",TT + FZ,SY + NS,TT|FZ|SY|NS,"FZ,TT||NS,SY",False,True,0.6750232250797495,0.650940572296998,0.9644032489328878,0.7078154362429029,0.6617504931305126,0.6523632798488717,0.6898501084290707,0.6898501084290707,0.18985010842907069
SY,TT,CH,TD,"['SY', 'TT', 'CH', 'TD']",SY + TT,CH + TD,SY|TT|CH|TD,"CH,TD||SY,TT",False,True,0.6951364552326352,0.7950400116935246,0.6855811621824652,0.6602173089477728,0.7370986899036258,0.8235004190961964,0.6902010475205554,0.6902010475205554,0.19020104752055544
NS,TT,AC,TD,"['NS', 'TT', 'AC', 'TD']",NS + TT,AC + TD,NS|TT|AC|TD,"AC,TD||NS,TT",False,False,0.8477115658555101,0.8943884836024285,0.16939142260937184,0.5843552321707763,0.8571381794163051,0.8588180926629044,0.6907405815965326,0.6907405815965326,0.19074058159653262
FZ,TD,AC,RS,"['FZ', 'TD', 'AC', 'RS']",FZ + TD,AC + RS,FZ|TD|AC|RS,"AC,RS||FZ,TD",False,True,0.7907003846198764,0.8551618394285136,0.6566115923118616,0.5203958874240634,0.9572611066006452,0.7915357035193988,0.6907733229029303,0.6907733229029303,0.19077332290293025
CH,AC,TT,TD,"['CH', 'AC', 'TT', 'TD']",CH + AC,TT + TD,CH|AC|TT|TD,"AC,CH||TD,TT",False,False,0.722282227061824,0.8167812656768922,0.9097963460819202,0.6288142732875528,0.7889671220553174,0.8396134021234104,0.691273884306981,0.691273884306981,0.191273884306981
FZ,RS,AC,TD,"['FZ', 'RS', 'AC', 'TD']",FZ + RS,AC + TD,FZ|RS|AC|TD,"AC,TD||FZ,RS",False,True,0.8393505835324583,0.8809580004580668,0.4569579814059944,0.5530646168987864,0.9097582991551083,0.8205003558431546,0.6921751529787519,0.6921751529787519,0.19217515297875187
SY,TD,RS,NS,"['SY', 'TD', 'RS', 'NS']",SY + TD,RS + NS,SY|TD|RS|NS,"NS,RS||SY,TD",False,True,0.48353104236233724,0.5812098790100468,0.018940626048695664,0.2836260703234734,0.3438715131860276,0.4950023413241554,0.30712179303986953,0.30712179303986953,0.19287820696013047
RS,FZ,SY,NS,"['RS', 'FZ', 'SY', 'NS']",RS + FZ,SY + NS,RS|FZ|SY|NS,"FZ,RS||NS,SY",False,True,0.44816652492275894,0.3423844974256436,0.48428435866666,0.2603856029841605,0.3801279121275259,0.27407185743422297,0.307085103550073,0.307085103550073,0.192914896449927
SY,TT,NS,FZ,"['SY', 'TT', 'NS', 'FZ']",SY + TT,NS + FZ,SY|TT|NS|FZ,"FZ,NS||SY,TT",False,True,0.3040715706591322,0.29493603894243,0.032699943271444064,0.29020141796208665,0.33273379570889966,0.2786539382990194,0.3067890452833437,0.3067890452833437,0.19321095471665628
RS,NS,TT,TD,"['RS', 'NS', 'TT', 'TD']",RS + NS,TT + TD,RS|NS|TT|TD,"NS,RS||TD,TT",False,False,0.5524614605682159,0.553629032722877,0.27301229821408696,0.2952319089899111,0.3231967196806734,0.47503021767601733,0.30613818515930835,0.30613818515930835,0.19386181484069165
FZ,RS,TT,SY,"['FZ', 'RS', 'TT', 'SY']",FZ + RS,TT + SY,FZ|RS|TT|SY,"FZ,RS||SY,TT",False,True,0.46018788694681656,0.37063377831954275,0.28131228667060776,0.2666293509330744,0.3674445866030726,0.3388558092235797,0.3059472928443737,0.3059472928443737,0.19405270715562628
FZ,NS,SY,CH,"['FZ', 'NS', 'SY', 'CH']",FZ + NS,SY + CH,FZ|NS|SY|CH,"CH,SY||FZ,NS",False,True,0.6002016929959606,0.5660526746532965,0.9605493081794393,0.6748149770573169,0.7248134235168068,0.6934011777487543,0.6943143711765178,0.6943143711765178,0.19431437117651784
NS,FZ,CH,SY,"['NS', 'FZ', 'CH', 'SY']",NS + FZ,CH + SY,NS|FZ|CH|SY,"CH,SY||FZ,NS",True,True,0.6002016929959606,0.5660526746532965,0.9736023273439375,0.6477132166719628,0.7693943545029998,0.6827520066332229,0.6951688604260673,0.6951688604260673,0.1951688604260673
RS,TT,TD,SY,"['RS', 'TT', 'TD', 'SY']",RS + TT,TD + SY,RS|TT|TD|SY,"RS,TT||SY,TD",False,False,0.5043510149024373,0.39014674680077976,0.2970570946900579,0.3071085216650526,0.30015207164730534,0.33609143348536447,0.30439550615813116,0.30439550615813116,0.19560449384186884
CH,NS,SY,AC,"['CH', 'NS', 'SY', 'AC']",CH + NS,SY + AC,CH|NS|SY|AC,"AC,SY||CH,NS",False,True,0.7094099887522224,0.666125993309872,0.5941634274226896,0.6464589797574181,0.7740773945600389,0.6371318774158117,0.6962301615304402,0.6962301615304402,0.19623016153044015
CH,NS,AC,SY,"['CH', 'NS', 'AC', 'SY']",CH + NS,AC + SY,CH|NS|AC|SY,"AC,SY||CH,NS",True,True,0.7094099887522224,0.666125993309872,0.5941634274226896,0.642522576248646,0.781278725340176,0.6365252316073716,0.6966374743943426,0.6966374743943426,0.19663747439434265
TD,CH,TT,AC,"['TD', 'CH', 'TT', 'AC']",TD + CH,TT + AC,TD|CH|TT|AC,"AC,TT||CH,TD",False,False,0.4719160249462441,0.43652696691284065,0.32035691035319813,0.2534244853122565,0.38094145043480704,0.39813121269018803,0.3031561017100512,0.3031561017100512,0.1968438982899488
TT,FZ,NS,CH,"['TT', 'FZ', 'NS', 'CH']",TT + FZ,NS + CH,TT|FZ|NS|CH,"CH,NS||FZ,TT",False,True,0.6115985366929668,0.6407281658435007,0.9736073167577637,0.7015827633244007,0.6894771290291293,0.6555261961565089,0.6968615659492449,0.6968615659492449,0.19686156594924487
TT,TD,CH,RS,"['TT', 'TD', 'CH', 'RS']",TT + TD,CH + RS,TT|TD|CH|RS,"CH,RS||TD,TT",False,True,0.358057762811165,0.3339826220506397,0.47501344970113124,0.2526717950168226,0.381988169067802,0.28446998260580136,0.3031051808967046,0.3031051808967046,0.19689481910329543
RS,FZ,NS,SY,"['RS', 'FZ', 'NS', 'SY']",RS + FZ,NS + SY,RS|FZ|NS|SY,"FZ,RS||NS,SY",False,True,0.44816652492275894,0.3423844974256436,0.48428435866666,0.2645522696508271,0.36270798506632596,0.2787292125485783,0.30283299866287167,0.30283299866287167,0.19716700133712833
TT,SY,TD,NS,"['TT', 'SY', 'TD', 'NS']",TT + SY,TD + NS,TT|SY|TD|NS,"NS,TD||SY,TT",False,False,0.7680667210504515,0.8683112586576904,0.3295074031344371,0.6113041408367708,0.8315724572237716,0.7734820555561978,0.697208784227701,0.697208784227701,0.19720878422770105
RS,FZ,TT,SY,"['RS', 'FZ', 'TT', 'SY']",RS + FZ,TT + SY,RS|FZ|TT|SY,"FZ,RS||SY,TT",True,True,0.46018788694681656,0.37063377831954275,0.28131228667060776,0.23148813928641396,0.41399981850954787,0.3332807100481426,0.3026676941834362,0.3026676941834362,0.1973323058165638
CH,RS,FZ,AC,"['CH', 'RS', 'FZ', 'AC']",CH + RS,FZ + AC,CH|RS|FZ|AC,"AC,FZ||CH,RS",False,True,0.2943108525186303,0.1829548256115216,0.2159405768963491,0.32372490589819236,0.2682731756081614,0.28159484524410205,0.3020987310850803,0.3020987310850803,0.19790126891491971
SY,AC,CH,TT,"['SY', 'AC', 'CH', 'TT']",SY + AC,CH + TT,SY|AC|CH|TT,"AC,SY||CH,TT",False,True,0.30068773448916125,0.36215386310854386,0.24743653489257225,0.333757974640762,0.25249725298921544,0.29085760248537024,0.30206629319665884,0.30206629319665884,0.19793370680334116
AC,SY,CH,TT,"['AC', 'SY', 'CH', 'TT']",AC + SY,CH + TT,AC|SY|CH|TT,"AC,SY||CH,TT",True,True,0.30068773448916125,0.36215386310854386,0.09228987460391073,0.2887182718129068,0.3229285469548063,0.24359883339131747,0.3020602791182476,0.3020602791182476,0.19793972088175238
AC,TT,TD,FZ,"['AC', 'TT', 'TD', 'FZ']",AC + TT,TD + FZ,AC|TT|TD|FZ,"AC,TT||FZ,TD",False,True,0.40369864682819995,0.39241866787846724,0.3865067126192138,0.33465702085166527,0.24932161481450807,0.3538533892226175,0.30137621249717395,0.30137621249717395,0.19862378750282605
FZ,RS,SY,NS,"['FZ', 'RS', 'SY', 'NS']",FZ + RS,SY + NS,FZ|RS|SY|NS,"FZ,RS||NS,SY",False,True,0.44816652492275894,0.3423844974256436,0.3961345030588533,0.29000448249362787,0.31907382201060364,0.32439303341735903,0.30134152490524846,0.30134152490524846,0.19865847509475154
SY,RS,CH,TD,"['SY', 'RS', 'CH', 'TD']",SY + RS,CH + TD,SY|RS|CH|TD,"CH,TD||RS,SY",False,True,0.4713237658910775,0.5127979216262937,0.09765744623017435,0.26393865422183344,0.3589678995945806,0.4348165881115631,0.3010000599172048,0.3010000599172048,0.1989999400827952
AC,SY,RS,TD,"['AC', 'SY', 'RS', 'TD']",AC + SY,RS + TD,AC|SY|RS|TD,"AC,SY||RS,TD",False,False,0.8345092599977868,0.9506705047508134,0.4028433617257854,0.5396650196833098,0.948804471890304,0.8430974549593602,0.6992294060440376,0.6992294060440376,0.1992294060440376
TT,SY,FZ,NS,"['TT', 'SY', 'FZ', 'NS']",TT + SY,FZ + NS,TT|SY|FZ|NS,"FZ,NS||SY,TT",True,True,0.3040715706591322,0.29493603894243,0.028842007067595498,0.2582771181181008,0.3663612607297816,0.2554957883723466,0.3004299337366563,0.3004299337366563,0.19957006626334373
TT,SY,NS,TD,"['TT', 'SY', 'NS', 'TD']",TT + SY,NS + TD,TT|SY|NS|TD,"NS,TD||SY,TT",False,False,0.7680667210504515,0.8683112586576904,0.25396482095276607,0.621429677369792,0.8224189099143608,0.7930871387821997,0.6998154780621739,0.6998154780621739,0.19981547806217392
FZ,TT,CH,NS,"['FZ', 'TT', 'CH', 'NS']",FZ + TT,CH + NS,FZ|TT|CH|NS,"CH,NS||FZ,TT",False,True,0.6115985366929668,0.6407281658435007,0.9776211208644112,0.7266238794317728,0.658102884357295,0.6666404878741052,0.6999006913527265,0.6999006913527265,0.19990069135272648
CH,TD,AC,NS,"['CH', 'TD', 'AC', 'NS']",CH + TD,AC + NS,CH|TD|AC|NS,"AC,NS||CH,TD",False,False,0.459849279931922,0.406891381189355,0.046671605947118264,0.22787433563246506,0.4121564466233336,0.3617019200284781,0.29974435891890383,0.29974435891890383,0.20025564108109617
TT,SY,NS,FZ,"['TT', 'SY', 'NS', 'FZ']",TT + SY,NS + FZ,TT|SY|NS|FZ,"FZ,NS||SY,TT",False,True,0.3040715706591322,0.29493603894243,0.0168185449907126,0.25316681869530133,0.370192301525814,0.2648721441246423,0.2988067569992013,0.2988067569992013,0.20119324300079872
RS,SY,CH,TD,"['RS', 'SY', 'CH', 'TD']",RS + SY,CH + TD,RS|SY|CH|TD,"CH,TD||RS,SY",False,True,0.4713237658910775,0.5127979216262937,0.09792404511616908,0.26145343027755774,0.3566791534021884,0.44496969405133063,0.29859146229616373,0.29859146229616373,0.20140853770383627
FZ,RS,SY,TT,"['FZ', 'RS', 'SY', 'TT']",FZ + RS,SY + TT,FZ|RS|SY|TT,"FZ,RS||SY,TT",False,True,0.46018788694681656,0.37063377831954275,0.2675488337266073,0.27314222335973826,0.33766077283740686,0.31823782576430426,0.298304457656029,0.298304457656029,0.20169554234397102
FZ,NS,CH,SY,"['FZ', 'NS', 'CH', 'SY']",FZ + NS,CH + SY,FZ|NS|CH|SY,"CH,SY||FZ,NS",True,True,0.6002016929959606,0.5660526746532965,0.9694051654338895,0.6799780824704222,0.7361179955153336,0.7003825834411236,0.7018726485579376,0.7018726485579376,0.20187264855793763
CH,RS,AC,FZ,"['CH', 'RS', 'AC', 'FZ']",CH + RS,AC + FZ,CH|RS|AC|FZ,"AC,FZ||CH,RS",False,True,0.2943108525186303,0.1829548256115216,0.13804375500323274,0.3133676252615729,0.27077272957463844,0.2536671181340024,0.29675561594366845,0.29675561594366845,0.20324438405633155
FZ,RS,NS,SY,"['FZ', 'RS', 'NS', 'SY']",FZ + RS,NS + SY,FZ|RS|NS|SY,"FZ,RS||NS,SY",False,True,0.44816652492275894,0.3423844974256436,0.3961345030588533,0.2909568634460089,0.3049940050598142,0.3242366049161029,0.296431348675393,0.296431348675393,0.203568651324607
NS,TT,AC,RS,"['NS', 'TT', 'AC', 'RS']",NS + TT,AC + RS,NS|TT|AC|RS,"AC,RS||NS,TT",False,False,0.8255826338784698,0.8823175261433585,0.41504213347659946,0.6072943738833652,0.8554539997992147,0.8168307818057529,0.7040766279905465,0.7040766279905465,0.2040766279905465
RS,NS,TD,TT,"['RS', 'NS', 'TD', 'TT']",RS + NS,TD + TT,RS|NS|TD|TT,"NS,RS||TD,TT",False,False,0.5524614605682159,0.553629032722877,0.08386085713148364,0.28481363975914187,0.3110046139228924,0.4705945297377479,0.2950281196830046,0.2950281196830046,0.20497188031699543
AC,SY,TD,RS,"['AC', 'SY', 'TD', 'RS']",AC + SY,TD + RS,AC|SY|TD|RS,"AC,SY||RS,TD",False,False,0.8345092599977868,0.9506705047508134,0.4028433617257854,0.5490385385744344,0.9515337622239126,0.8422098667883868,0.7060116757977308,0.7060116757977308,0.20601167579773083
SY,TD,FZ,RS,"['SY', 'TD', 'FZ', 'RS']",SY + TD,FZ + RS,SY|TD|FZ|RS,"FZ,RS||SY,TD",False,False,0.28057435658170454,0.3022928418223071,0.15555560536522497,0.2983898024379224,0.2862769777076936,0.31310135637488196,0.2936658007931332,0.2936658007931332,0.2063341992068668
TD,SY,RS,NS,"['TD', 'SY', 'RS', 'NS']",TD + SY,RS + NS,TD|SY|RS|NS,"NS,RS||SY,TD",False,True,0.48353104236233724,0.5812098790100468,0.01897652768061987,0.26206660249245384,0.34127530693914937,0.48627384350419106,0.2929579972266651,0.2929579972266651,0.2070420027733349
AC,CH,SY,RS,"['AC', 'CH', 'SY', 'RS']",AC + CH,SY + RS,AC|CH|SY|RS,"AC,CH||RS,SY",False,True,0.656776821078512,0.6907748381725418,0.5714520376816774,0.6066832405622273,0.865759713938597,0.7565145361907112,0.7077230651790115,0.7077230651790115,0.2077230651790115
TT,AC,FZ,RS,"['TT', 'AC', 'FZ', 'RS']",TT + AC,FZ + RS,TT|AC|FZ|RS,"AC,TT||FZ,RS",False,True,0.3653533685109425,0.36951846187728826,0.3731233647537414,0.31904092000475726,0.24999182552569355,0.41768193825329525,0.2921117731579224,0.2921117731579224,0.20788822684207758
RS,FZ,SY,TT,"['RS', 'FZ', 'SY', 'TT']",RS + FZ,SY + TT,RS|FZ|SY|TT,"FZ,RS||SY,TT",False,True,0.46018788694681656,0.37063377831954275,0.2675488337266073,0.24358721717428328,0.3667685207460383,0.3632438311973342,0.2916279255672677,0.2916279255672677,0.2083720744327323
AC,SY,TT,CH,"['AC', 'SY', 'TT', 'CH']",AC + SY,TT + CH,AC|SY|TT|CH,"AC,SY||CH,TT",False,True,0.30068773448916125,0.36215386310854386,0.07618645527801292,0.2804283897091949,0.3090581228355858,0.249782017115095,0.2915939856284874,0.2915939856284874,0.20840601437151263
NS,AC,CH,SY,"['NS', 'AC', 'CH', 'SY']",NS + AC,CH + SY,NS|AC|CH|SY,"AC,NS||CH,SY",False,True,0.2525661507183927,0.16637519421578362,0.28294659783939763,0.2877698034475747,0.29690740341637617,0.2853271771729897,0.2913334674354073,0.2913334674354073,0.20866653256459272
TT,FZ,CH,NS,"['TT', 'FZ', 'CH', 'NS']",TT + FZ,CH + NS,TT|FZ|CH|NS,"CH,NS||FZ,TT",True,True,0.6115985366929668,0.6407281658435007,0.9776211208644112,0.6978272957527565,0.7278327168946949,0.6515106843704314,0.7095294099981124,0.7095294099981124,0.20952940999811243
TT,NS,AC,RS,"['TT', 'NS', 'AC', 'RS']",TT + NS,AC + RS,TT|NS|AC|RS,"AC,RS||NS,TT",False,False,0.8255826338784698,0.8823175261433585,0.40339767289478584,0.5989919548314532,0.8838187355720295,0.8430000946609034,0.7100743993202779,0.7100743993202779,0.21007439932027794
CH,TD,NS,AC,"['CH', 'TD', 'NS', 'AC']",CH + TD,NS + AC,CH|TD|NS|AC,"AC,NS||CH,TD",False,False,0.459849279931922,0.406891381189355,0.03972145176593531,0.22982102183390574,0.38322598559489707,0.36453104933325003,0.2896489577006923,0.2896489577006923,0.21035104229930768
AC,TT,FZ,TD,"['AC', 'TT', 'FZ', 'TD']",AC + TT,FZ + TD,AC|TT|FZ|TD,"AC,TT||FZ,TD",False,True,0.40369864682819995,0.39241866787846724,0.2940237409857383,0.3375012208867899,0.211866977248742,0.4045506723359501,0.28850386586795124,0.28850386586795124,0.21149613413204876
NS,RS,CH,TD,"['NS', 'RS', 'CH', 'TD']",NS + RS,CH + TD,NS|RS|CH|TD,"CH,TD||NS,RS",False,False,0.44743071404815715,0.4074787018014751,0.04207635569474488,0.26200973045031284,0.3286193380881987,0.351937427354528,0.2879874774290883,0.2879874774290883,0.2120125225709117
SY,CH,RS,FZ,"['SY', 'CH', 'RS', 'FZ']",SY + CH,RS + FZ,SY|CH|RS|FZ,"CH,SY||FZ,RS",False,True,0.641358301603611,0.7588580090445864,0.7049404137438926,0.6581802957002638,0.7969946433475511,0.8784161318798506,0.712317891282706,0.712317891282706,0.21231789128270595
TT,AC,CH,NS,"['TT', 'AC', 'CH', 'NS']",TT + AC,CH + NS,TT|AC|CH|NS,"AC,TT||CH,NS",False,True,0.26168258024694097,0.21930175566438942,0.05987499762995026,0.3001466832802539,0.2670014622100923,0.26362242146482917,0.2872200470628909,0.2872200470628909,0.2127799529371091
CH,AC,SY,RS,"['CH', 'AC', 'SY', 'RS']",CH + AC,SY + RS,CH|AC|SY|RS,"AC,CH||RS,SY",False,True,0.656776821078512,0.6907748381725418,0.8681255452227891,0.6356704977980702,0.8341012246424457,0.7493587959594712,0.7130584812673766,0.7130584812673766,0.2130584812673766
TT,AC,RS,FZ,"['TT', 'AC', 'RS', 'FZ']",TT + AC,RS + FZ,TT|AC|RS|FZ,"AC,TT||FZ,RS",False,True,0.3653533685109425,0.36951846187728826,0.5148660455237509,0.30755936221069957,0.2545356351607749,0.3732369909317901,0.2868801086612289,0.2868801086612289,0.21311989133877107
FZ,RS,CH,NS,"['FZ', 'RS', 'CH', 'NS']",FZ + RS,CH + NS,FZ|RS|CH|NS,"CH,NS||FZ,RS",False,True,0.38106312216245053,0.33145442397130265,0.1542591238209506,0.29630797455704155,0.2713015910171072,0.3514500222012789,0.28655548497646716,0.28655548497646716,0.21344451502353284
TD,SY,FZ,RS,"['TD', 'SY', 'FZ', 'RS']",TD + SY,FZ + RS,TD|SY|FZ|RS,"FZ,RS||SY,TD",False,False,0.28057435658170454,0.3022928418223071,0.15555560536522497,0.2916517631783314,0.2772111397542824,0.34317906249606245,0.2860199200429523,0.2860199200429523,0.2139800799570477
TT,SY,RS,NS,"['TT', 'SY', 'RS', 'NS']",TT + SY,RS + NS,TT|SY|RS|NS,"NS,RS||SY,TT",False,False,0.7379423168065096,0.8543571369899983,0.2590694375019846,0.6338681285189837,0.8396081133802699,0.8231732888710523,0.7141067226148853,0.7141067226148853,0.21410672261488528
NS,RS,TD,CH,"['NS', 'RS', 'TD', 'CH']",NS + RS,TD + CH,NS|RS|TD|CH,"CH,TD||NS,RS",False,False,0.44743071404815715,0.4074787018014751,0.015875217214852046,0.26211157904740706,0.3222398348283187,0.34523880377015814,0.2855615988019626,0.2855615988019626,0.21443840119803742
NS,AC,SY,CH,"['NS', 'AC', 'SY', 'CH']",NS + AC,SY + CH,NS|AC|SY|CH,"AC,NS||CH,SY",False,True,0.2525661507183927,0.16637519421578362,0.23353632846831868,0.28667119212738806,0.28338295272037173,0.2891326182558636,0.28538877875865165,0.28538877875865165,0.21461122124134835
FZ,RS,NS,CH,"['FZ', 'RS', 'NS', 'CH']",FZ + RS,NS + CH,FZ|RS|NS|CH,"CH,NS||FZ,RS",False,True,0.38106312216245053,0.33145442397130265,0.1410970155785117,0.30225005331162025,0.2560346329633219,0.34842109962381185,0.2842260393757839,0.2842260393757839,0.2157739606242161
CH,SY,RS,FZ,"['CH', 'SY', 'RS', 'FZ']",CH + SY,RS + FZ,CH|SY|RS|FZ,"CH,SY||FZ,RS",False,True,0.641358301603611,0.7588580090445864,0.7049404137438926,0.6629147854675752,0.8008699942145256,0.8683437162313274,0.7167173168788858,0.7167173168788858,0.21671731687888585
NS,RS,FZ,TD,"['NS', 'RS', 'FZ', 'TD']",NS + RS,FZ + TD,NS|RS|FZ|TD,"FZ,TD||NS,RS",False,False,0.3288063142297804,0.2533707137151029,0.7564932444321627,0.33211203163409003,0.2039877633096572,0.3129954141947713,0.28214356698756127,0.28214356698756127,0.21785643301243873
TT,NS,CH,FZ,"['TT', 'NS', 'CH', 'FZ']",TT + NS,CH + FZ,TT|NS|CH|FZ,"CH,FZ||NS,TT",False,True,0.21460411706784116,0.13360945445990663,0.005339748452963879,0.3599172783993621,0.16039105607887555,0.23145691605041008,0.28210205169437236,0.28210205169437236,0.21789794830562764
TT,FZ,SY,CH,"['TT', 'FZ', 'SY', 'CH']",TT + FZ,SY + CH,TT|FZ|SY|CH,"CH,SY||FZ,TT",False,True,0.5885102895536981,0.5359704652576944,0.9669961496953897,0.6582278595588602,0.8180478146487641,0.65105338371208,0.7205576420439227,0.7205576420439227,0.2205576420439227
AC,CH,RS,TD,"['AC', 'CH', 'RS', 'TD']",AC + CH,RS + TD,AC|CH|RS|TD,"AC,CH||RS,TD",False,True,0.8693115579580298,0.9540245512124612,0.7972584317961925,0.578770540494009,0.9423987051308278,0.8348362942939808,0.7205855247023683,0.7205855247023683,0.22058552470236825
SY,RS,TD,CH,"['SY', 'RS', 'TD', 'CH']",SY + RS,TD + CH,SY|RS|TD|CH,"CH,TD||RS,SY",False,True,0.4713237658910775,0.5127979216262937,0.04425486861713989,0.2638934230468478,0.303607456321672,0.38503827103208776,0.27938189602402924,0.27938189602402924,0.22061810397597076
SY,AC,CH,NS,"['SY', 'AC', 'CH', 'NS']",SY + AC,CH + NS,SY|AC|CH|NS,"AC,SY||CH,NS",False,True,0.29059001124777756,0.33387400669012796,0.14806687977854954,0.30227687431241185,0.24306472508833146,0.2971809193741498,0.2791841361150205,0.2791841361150205,0.22081586388497948
RS,FZ,CH,NS,"['RS', 'FZ', 'CH', 'NS']",RS + FZ,CH + NS,RS|FZ|CH|NS,"CH,NS||FZ,RS",True,True,0.38106312216245053,0.33145442397130265,0.1680286765903844,0.2761378141049493,0.28173041036924074,0.3116242461797111,0.278318926648023,0.278318926648023,0.221681073351977
SY,TT,TD,NS,"['SY', 'TT', 'TD', 'NS']",SY + TT,TD + NS,SY|TT|TD|NS,"NS,TD||SY,TT",False,False,0.7680667210504515,0.8683112586576904,0.6850125012959217,0.6606210217263666,0.8173271863015482,0.8005053527855678,0.7217364259106874,0.7217364259106874,0.22173642591068743
NS,TT,CH,FZ,"['NS', 'TT', 'CH', 'FZ']",NS + TT,CH + FZ,NS|TT|CH|FZ,"CH,FZ||NS,TT",False,True,0.21460411706784116,0.13360945445990663,0.005339748452963879,0.35433348719057095,0.1578809932733901,0.19903146900399898,0.2777170145628704,0.2777170145628704,0.2222829854371296
FZ,TT,SY,CH,"['FZ', 'TT', 'SY', 'CH']",FZ + TT,SY + CH,FZ|TT|SY|CH,"CH,SY||FZ,TT",False,True,0.5885102895536981,0.5359704652576944,0.9617898453706861,0.6915882190404659,0.7706800158189407,0.6766825358553319,0.7224340197840711,0.7224340197840711,0.22243401978407107
TT,AC,NS,CH,"['TT', 'AC', 'NS', 'CH']",TT + AC,NS + CH,TT|AC|NS|CH,"AC,TT||CH,NS",False,True,0.26168258024694097,0.21930175566438942,0.05127104598679754,0.3060523635018588,0.2329365506388542,0.2934563492269585,0.277537196485287,0.277537196485287,0.22246280351471298
SY,TT,NS,TD,"['SY', 'TT', 'NS', 'TD']",SY + TT,NS + TD,SY|TT|NS|TD,"NS,TD||SY,TT",False,False,0.7680667210504515,0.8683112586576904,0.6010257686059628,0.6710243360371654,0.8044037372031766,0.8084469168490465,0.7230423024919097,0.7230423024919097,0.2230423024919097
RS,SY,TD,CH,"['RS', 'SY', 'TD', 'CH']",RS + SY,TD + CH,RS|SY|TD|CH,"CH,TD||RS,SY",False,True,0.4713237658910775,0.5127979216262937,0.04438285237281371,0.26344986576923884,0.2980679017302289,0.38077732995103775,0.276950899794025,0.276950899794025,0.22304910020597501
TD,CH,AC,NS,"['TD', 'CH', 'AC', 'NS']",TD + CH,AC + NS,TD|CH|AC|NS,"AC,NS||CH,TD",False,False,0.459849279931922,0.406891381189355,0.04675756598014273,0.2159651516265069,0.37177629847161237,0.3845479538212514,0.27673149889609805,0.27673149889609805,0.22326850110390195
SY,TT,CH,FZ,"['SY', 'TT', 'CH', 'FZ']",SY + TT,CH + FZ,SY|TT|CH|FZ,"CH,FZ||SY,TT",False,True,0.2312677313984893,0.20105608021984256,0.06773306376520782,0.31742459630901615,0.21234572225127896,0.22900204860169843,0.27644383542649864,0.27644383542649864,0.22355616457350136
CH,AC,FZ,SY,"['CH', 'AC', 'FZ', 'SY']",CH + AC,FZ + SY,CH|AC|FZ|SY,"AC,CH||FZ,SY",False,True,0.22893732724360769,0.1341476176475057,0.11931181213431949,0.3234233105247336,0.20156845660174785,0.2241159540224747,0.27589991749476916,0.27589991749476916,0.22410008250523084
NS,TD,FZ,RS,"['NS', 'TD', 'FZ', 'RS']",NS + TD,FZ + RS,NS|TD|FZ|RS,"FZ,RS||NS,TD",False,False,0.2615668699433535,0.21625503366825838,0.2874972506900366,0.2828436507188683,0.26463023860609153,0.2535050712008438,0.27574041999488536,0.27574041999488536,0.22425958000511464
TD,TT,CH,RS,"['TD', 'TT', 'CH', 'RS']",TD + TT,CH + RS,TD|TT|CH|RS,"CH,RS||TD,TT",False,True,0.358057762811165,0.3339826220506397,0.500471592314198,0.2417224289067422,0.32868859390091576,0.3015197577569789,0.2756392332544699,0.2756392332544699,0.22436076674553013
SY,AC,NS,CH,"['SY', 'AC', 'NS', 'CH']",SY + AC,NS + CH,SY|AC|NS|CH,"AC,SY||CH,NS",False,True,0.29059001124777756,0.33387400669012796,0.13534856774809353,0.3041133087113462,0.22992006391769446,0.29853739939868046,0.275177943241822,0.275177943241822,0.224822056758178
RS,FZ,NS,CH,"['RS', 'FZ', 'NS', 'CH']",RS + FZ,NS + CH,RS|FZ|NS|CH,"CH,NS||FZ,RS",False,True,0.38106312216245053,0.33145442397130265,0.153905487585311,0.28484775000238516,0.2595132928303794,0.3120064714304986,0.2749673117053029,0.2749673117053029,0.22503268829469708
AC,SY,CH,NS,"['AC', 'SY', 'CH', 'NS']",AC + SY,CH + NS,AC|SY|CH|NS,"AC,SY||CH,NS",False,True,0.29059001124777756,0.33387400669012796,0.04871826655038546,0.2364769678419448,0.3347506621502781,0.2714918879127437,0.2748037086221948,0.2748037086221948,0.22519629137780522
CH,RS,SY,AC,"['CH', 'RS', 'SY', 'AC']",CH + RS,SY + AC,CH|RS|SY|AC,"AC,SY||CH,RS",False,True,0.47625543409430515,0.32958183595325813,0.2754797549827132,0.2422851013130192,0.3227270968359498,0.3678500922660424,0.2736574795669621,0.2736574795669621,0.22634252043303787
TT,SY,CH,FZ,"['TT', 'SY', 'CH', 'FZ']",TT + SY,CH + FZ,TT|SY|CH|FZ,"CH,FZ||SY,TT",True,True,0.2312677313984893,0.20105608021984256,0.03546085900732085,0.2932608144456901,0.24297691378145264,0.21819415341886858,0.27365009318663747,0.27365009318663747,0.22634990681336253
RS,NS,FZ,TD,"['RS', 'NS', 'FZ', 'TD']",RS + NS,FZ + TD,RS|NS|FZ|TD,"FZ,TD||NS,RS",False,False,0.3288063142297804,0.2533707137151029,0.7564932444321627,0.32600573911708325,0.19168823330109,0.3087701491778345,0.2736219118488459,0.2736219118488459,0.22637808815115412
SY,TD,AC,TT,"['SY', 'TD', 'AC', 'TT']",SY + TD,AC + TT,SY|TD|AC|TT,"AC,TT||SY,TD",False,False,0.40385908393354963,0.42555392210958837,0.13181043913426982,0.23167810226699054,0.33852173509032524,0.2871365531248424,0.27334711906809106,0.27334711906809106,0.22665288093190894
CH,RS,FZ,TD,"['CH', 'RS', 'FZ', 'TD']",CH + RS,FZ + TD,CH|RS|FZ|TD,"CH,RS||FZ,TD",False,False,0.41571088316021065,0.35569580201406203,0.8179874311020445,0.33652975133993235,0.174436314988485,0.35288271304129964,0.2733133111628679,0.2733133111628679,0.2266866888371321
TT,FZ,CH,SY,"['TT', 'FZ', 'CH', 'SY']",TT + FZ,CH + SY,TT|FZ|CH|SY,"CH,SY||FZ,TT",True,True,0.5885102895536981,0.5359704652576944,0.9744433296838279,0.6614265813164054,0.830434375906526,0.6477534379992184,0.7273396212065525,0.7273396212065525,0.2273396212065525
TT,SY,NS,RS,"['TT', 'SY', 'NS', 'RS']",TT + SY,NS + RS,TT|SY|NS|RS,"NS,RS||SY,TT",False,False,0.7379423168065096,0.8543571369899983,0.21205013648255522,0.6583509882843281,0.8366613679625521,0.8207872790015175,0.7278920363588355,0.7278920363588355,0.22789203635883548
TT,RS,NS,TD,"['TT', 'RS', 'NS', 'TD']",TT + RS,NS + TD,TT|RS|NS|TD,"NS,TD||RS,TT",False,False,0.5283771430147883,0.49432933758674386,0.00941649894551741,0.2848767841453527,0.2518461946821758,0.4209719231354976,0.2719948542547137,0.2719948542547137,0.2280051457452863
NS,TD,RS,FZ,"['NS', 'TD', 'RS', 'FZ']",NS + TD,RS + FZ,NS|TD|RS|FZ,"FZ,RS||NS,TD",False,False,0.2615668699433535,0.21625503366825838,0.15292762220959596,0.28204758732970636,0.25610188060235606,0.23936851037904602,0.27192876170603975,0.27192876170603975,0.22807123829396025
SY,TD,RS,FZ,"['SY', 'TD', 'RS', 'FZ']",SY + TD,RS + FZ,SY|TD|RS|FZ,"FZ,RS||SY,TD",False,False,0.28057435658170454,0.3022928418223071,0.06847234464580458,0.30578329948832084,0.21886349446658512,0.2141687163566711,0.2718845755298439,0.2718845755298439,0.2281154244701561
TT,RS,TD,NS,"['TT', 'RS', 'TD', 'NS']",TT + RS,TD + NS,TT|RS|TD|NS,"NS,TD||RS,TT",False,False,0.5283771430147883,0.49432933758674386,0.021788520691144484,0.2831864302640742,0.25379339548784086,0.3951356691165157,0.27172314670134323,0.27172314670134323,0.22827685329865677
FZ,TT,CH,SY,"['FZ', 'TT', 'CH', 'SY']",FZ + TT,CH + SY,FZ|TT|CH|SY,"CH,SY||FZ,TT",False,True,0.5885102895536981,0.5359704652576944,0.9703758163117222,0.6915497613108318,0.7871810509376314,0.6783775304105947,0.7288459642652836,0.7288459642652836,0.22884596426528359
CH,AC,SY,FZ,"['CH', 'AC', 'SY', 'FZ']",CH + AC,SY + FZ,CH|AC|SY|FZ,"AC,CH||FZ,SY",False,True,0.22893732724360769,0.1341476176475057,0.06726174992144231,0.3138272490547821,0.20392203634579298,0.1945808059814422,0.2709642160982763,0.2709642160982763,0.2290357839017237
TT,NS,RS,TD,"['TT', 'NS', 'RS', 'TD']",TT + NS,RS + TD,TT|NS|RS|TD,"NS,TT||RS,TD",False,False,0.8898069487878618,0.9559633621793466,0.7216642999501428,0.5963569297300608,0.9371239944843758,0.8066293952577572,0.7292560849842437,0.7292560849842437,0.22925608498424366
AC,CH,TD,RS,"['AC', 'CH', 'TD', 'RS']",AC + CH,TD + RS,AC|CH|TD|RS,"AC,CH||RS,TD",False,True,0.8693115579580298,0.9540245512124612,0.7972584317961925,0.5912052048959694,0.9457045790442886,0.8354102784064987,0.7294599608138139,0.7294599608138139,0.22945996081381392
RS,NS,TD,CH,"['RS', 'NS', 'TD', 'CH']",RS + NS,TD + CH,RS|NS|TD|CH,"CH,TD||NS,RS",False,False,0.44743071404815715,0.4074787018014751,0.0159224951870653,0.25688028653040024,0.29170520520223636,0.34169949752637846,0.27046200481241633,0.27046200481241633,0.22953799518758367
AC,TT,RS,FZ,"['AC', 'TT', 'RS', 'FZ']",AC + TT,RS + FZ,AC|TT|RS|FZ,"AC,TT||FZ,RS",False,True,0.3653533685109425,0.36951846187728826,0.1773131471557257,0.2717485155399906,0.2680888164531655,0.3450970640375344,0.2703212328961288,0.2703212328961288,0.2296787671038712
AC,SY,CH,FZ,"['AC', 'SY', 'CH', 'FZ']",AC + SY,CH + FZ,AC|SY|CH|FZ,"AC,SY||CH,FZ",True,True,0.14576196418542214,0.12210393719621926,0.016486858447292703,0.265641490379867,0.2775713011328176,0.18481433288864915,0.27029411657351776,0.27029411657351776,0.22970588342648224
CH,RS,TD,FZ,"['CH', 'RS', 'TD', 'FZ']",CH + RS,TD + FZ,CH|RS|TD|FZ,"CH,RS||FZ,TD",False,False,0.41571088316021065,0.35569580201406203,0.8627951883330501,0.33037985866602015,0.17627352576887323,0.3018757617024952,0.27027838883613287,0.27027838883613287,0.22972161116386713
SY,AC,RS,TD,"['SY', 'AC', 'RS', 'TD']",SY + AC,RS + TD,SY|AC|RS|TD,"AC,SY||RS,TD",False,False,0.8345092599977868,0.9506705047508134,0.8096693624314034,0.5997197268944816,0.9338744124057873,0.8449192959045586,0.7300400542438908,0.7300400542438908,0.23004005424389085
FZ,TD,CH,SY,"['FZ', 'TD', 'CH', 'SY']",FZ + TD,CH + SY,FZ|TD|CH|SY,"CH,SY||FZ,TD",False,True,0.32226322628996656,0.22206318083043297,0.03666221461592737,0.26495971648627603,0.27769232929460097,0.246150778525149,0.26992543548152276,0.26992543548152276,0.23007456451847724
RS,NS,CH,TD,"['RS', 'NS', 'CH', 'TD']",RS + NS,CH + TD,RS|NS|CH|TD,"CH,TD||NS,RS",False,False,0.44743071404815715,0.4074787018014751,0.04219831742411768,0.25615343793330614,0.29145031190699505,0.34204632504604904,0.2699192187830448,0.2699192187830448,0.2300807812169552
SY,RS,FZ,TD,"['SY', 'RS', 'FZ', 'TD']",SY + RS,FZ + TD,SY|RS|FZ|TD,"FZ,TD||RS,SY",False,False,0.35038150163591014,0.3456572527401335,0.838061412489146,0.33697978875002954,0.16448021563335846,0.3642631276883718,0.2697049552345278,0.2697049552345278,0.2302950447654722
RS,SY,FZ,TD,"['RS', 'SY', 'FZ', 'TD']",RS + SY,FZ + TD,RS|SY|FZ|TD,"FZ,TD||RS,SY",False,False,0.35038150163591014,0.3456572527401335,0.838061412489146,0.33935062541181454,0.1607712437693632,0.38525371318057094,0.2697046665712585,0.2697046665712585,0.23029533342874148
NS,TT,RS,TD,"['NS', 'TT', 'RS', 'TD']",NS + TT,RS + TD,NS|TT|RS|TD,"NS,TT||RS,TD",False,False,0.8898069487878618,0.9559633621793466,0.7312355453886372,0.5990482795679624,0.9362718864931244,0.7984869829976572,0.7305654862687756,0.7305654862687756,0.2305654862687756
TT,RS,FZ,TD,"['TT', 'RS', 'FZ', 'TD']",TT + RS,FZ + TD,TT|RS|FZ|TD,"FZ,TD||RS,TT",False,False,0.3181939672843913,0.23053011440273646,0.5427421043644177,0.34780163073358017,0.14681497172420577,0.2290885451923051,0.26941683371992414,0.26941683371992414,0.23058316628007586
RS,CH,FZ,TD,"['RS', 'CH', 'FZ', 'TD']",RS + CH,FZ + TD,RS|CH|FZ|TD,"CH,RS||FZ,TD",False,False,0.41571088316021065,0.35569580201406203,0.8179874311020445,0.33208272719791976,0.1713136881209573,0.34739690775832044,0.2693828019579044,0.2693828019579044,0.23061719804209557
CH,RS,AC,SY,"['CH', 'RS', 'AC', 'SY']",CH + RS,AC + SY,CH|RS|AC|SY,"AC,SY||CH,RS",False,True,0.47625543409430515,0.32958183595325813,0.2754797549827132,0.240480460566124,0.31458013783007505,0.34989008656605025,0.2693793346990649,0.2693793346990649,0.2306206653009351
TT,TD,RS,CH,"['TT', 'TD', 'RS', 'CH']",TT + TD,RS + CH,TT|TD|RS|CH,"CH,RS||TD,TT",False,True,0.358057762811165,0.3339826220506397,0.32828655062022993,0.250818164161862,0.2981228218072472,0.3077610387021318,0.26926698064356225,0.26926698064356225,0.23073301935643775
NS,AC,FZ,SY,"['NS', 'AC', 'FZ', 'SY']",NS + AC,FZ + SY,NS|AC|FZ|SY,"AC,NS||FZ,SY",False,True,0.1697353063711688,0.0801938083514096,0.20340269454394522,0.28300701271342094,0.24572073554635876,0.21931956013107726,0.2684653646182667,0.2684653646182667,0.2315346353817333
AC,TT,FZ,RS,"['AC', 'TT', 'FZ', 'RS']",AC + TT,FZ + RS,AC|TT|FZ|RS,"AC,TT||FZ,RS",False,True,0.3653533685109425,0.36951846187728826,0.10784155777187188,0.27514959388199345,0.25762311951532785,0.3951053347369516,0.26831426887899384,0.26831426887899384,0.23168573112100616
CH,AC,FZ,NS,"['CH', 'AC', 'FZ', 'NS']",CH + AC,FZ + NS,CH|AC|FZ|NS,"AC,CH||FZ,NS",False,True,0.24636477706367677,0.2007957253030268,0.04449684502530993,0.29346625877316534,0.22752796012034257,0.23874930589222762,0.26775032229856444,0.26775032229856444,0.23224967770143556
AC,SY,NS,CH,"['AC', 'SY', 'NS', 'CH']",AC + SY,NS + CH,AC|SY|NS|CH,"AC,SY||CH,NS",True,True,0.29059001124777756,0.33387400669012796,0.04409191696011211,0.23888358206105897,0.31191568219862337,0.27852410725574595,0.2673661011147091,0.2673661011147091,0.2326338988852909
NS,CH,TD,TT,"['NS', 'CH', 'TD', 'TT']",NS + CH,TD + TT,NS|CH|TD|TT,"CH,NS||TD,TT",True,True,0.8279793958728293,0.903420202769886,0.8254295398814437,0.7273486533019234,0.7411695840715014,0.7947992166697554,0.7327388163020588,0.7327388163020588,0.23273881630205884
NS,RS,TD,FZ,"['NS', 'RS', 'TD', 'FZ']",NS + RS,TD + FZ,NS|RS|TD|FZ,"FZ,TD||NS,RS",False,False,0.3288063142297804,0.2533707137151029,0.44420735521150956,0.31966245947299826,0.18522931890498276,0.24110029945557046,0.2672335346514722,0.2672335346514722,0.2327664653485278
NS,AC,TT,SY,"['NS', 'AC', 'TT', 'SY']",NS + AC,TT + SY,NS|AC|TT|SY,"AC,NS||SY,TT",False,True,0.33999994688996366,0.2768211162916473,0.3970039156269756,0.27307721170018834,0.25727787433012583,0.30498591898376215,0.266915470125864,0.266915470125864,0.23308452987413603
RS,CH,FZ,AC,"['RS', 'CH', 'FZ', 'AC']",RS + CH,FZ + AC,RS|CH|FZ|AC,"AC,FZ||CH,RS",False,True,0.2943108525186303,0.1829548256115216,0.2159405768963491,0.3046045863016343,0.20767488692987415,0.2743897276084913,0.26680200354664785,0.26680200354664785,0.23319799645335215
CH,AC,TT,FZ,"['CH', 'AC', 'TT', 'FZ']",CH + AC,TT + FZ,CH|AC|TT|FZ,"AC,CH||FZ,TT",False,True,0.2554791566819749,0.2232914996913622,0.050178441182714764,0.304109395809649,0.20820672485513805,0.2551724623238367,0.2667073541373898,0.2667073541373898,0.23329264586261023
TT,TD,NS,RS,"['TT', 'TD', 'NS', 'RS']",TT + TD,NS + RS,TT|TD|NS|RS,"NS,RS||TD,TT",False,False,0.44753853943178407,0.44637096727712305,0.010424345291558904,0.22650536695793025,0.3291167734071121,0.5429067451282822,0.26652381547311116,0.26652381547311116,0.23347618452688884
TD,SY,RS,FZ,"['TD', 'SY', 'RS', 'FZ']",TD + SY,RS + FZ,TD|SY|RS|FZ,"FZ,RS||SY,TD",False,False,0.28057435658170454,0.3022928418223071,0.06847234464580458,0.3009202602287299,0.2125928597567443,0.2314740599616171,0.2664725740446555,0.2664725740446555,0.23352742595534448
SY,RS,FZ,AC,"['SY', 'RS', 'FZ', 'AC']",SY + RS,FZ + AC,SY|RS|FZ|AC,"AC,FZ||RS,SY",False,True,0.24021610078937436,0.1762824226249095,0.13060405047864782,0.2986787530898755,0.2143983699586767,0.3063305281665063,0.265809403668708,0.265809403668708,0.23419059633129202
TT,RS,TD,FZ,"['TT', 'RS', 'TD', 'FZ']",TT + RS,TD + FZ,TT|RS|TD|FZ,"FZ,TD||RS,TT",False,False,0.3181939672843913,0.23053011440273646,0.7077816851977266,0.3502228292491802,0.13344872570889146,0.24703125304608348,0.2656809288684676,0.2656809288684676,0.23431907113153239
SY,TD,TT,AC,"['SY', 'TD', 'TT', 'AC']",SY + TD,TT + AC,SY|TD|TT|AC,"AC,TT||SY,TD",False,False,0.40385908393354963,0.42555392210958837,0.14427748149467512,0.23099457052095881,0.31898994476438575,0.23992796053708434,0.2653127664758953,0.2653127664758953,0.2346872335241047
SY,CH,FZ,RS,"['SY', 'CH', 'FZ', 'RS']",SY + CH,FZ + RS,SY|CH|FZ|RS,"CH,SY||FZ,RS",False,True,0.641358301603611,0.7588580090445864,0.926570318698618,0.6779228882928565,0.8235537988529426,0.8791745242146514,0.7347189434112901,0.7347189434112901,0.23471894341129007
FZ,TD,SY,CH,"['FZ', 'TD', 'SY', 'CH']",FZ + TD,SY + CH,FZ|TD|SY|CH,"CH,SY||FZ,TD",False,True,0.32226322628996656,0.22206318083043297,0.030248275442462814,0.26646386049042,0.26206145594203717,0.25204140973605293,0.2647469227165507,0.2647469227165507,0.2352530772834493
AC,CH,TT,FZ,"['AC', 'CH', 'TT', 'FZ']",AC + CH,TT + FZ,AC|CH|TT|FZ,"AC,CH||FZ,TT",True,True,0.2554791566819749,0.2232914996913622,0.012838696489632595,0.27383824551175523,0.2503503476951228,0.26500332380973923,0.2646779653632686,0.2646779653632686,0.2353220346367314
NS,AC,SY,FZ,"['NS', 'AC', 'SY', 'FZ']",NS + AC,SY + FZ,NS|AC|SY|FZ,"AC,NS||FZ,SY",False,True,0.1697353063711688,0.0801938083514096,0.1196518528089953,0.2734095441403877,0.2507451126170444,0.22282876450618386,0.2645704158462838,0.2645704158462838,0.23542958415371618
RS,CH,SY,AC,"['RS', 'CH', 'SY', 'AC']",RS + CH,SY + AC,RS|CH|SY|AC,"AC,SY||CH,RS",False,True,0.47625543409430515,0.32958183595325813,0.2754797549827132,0.22505434701227642,0.3260750300076303,0.35705665496880246,0.26445241338046444,0.26445241338046444,0.23554758661953556
TD,FZ,CH,SY,"['TD', 'FZ', 'CH', 'SY']",TD + FZ,CH + SY,TD|FZ|CH|SY,"CH,SY||FZ,TD",False,True,0.32226322628996656,0.22206318083043297,0.04809944781121576,0.24768002970246475,0.28942730080562956,0.26033159936980377,0.26396146543269905,0.26396146543269905,0.23603853456730095
NS,AC,CH,TT,"['NS', 'AC', 'CH', 'TT']",NS + AC,CH + TT,NS|AC|CH|TT,"AC,NS||CH,TT",False,True,0.2808495927613501,0.266625158708365,0.22709576571412515,0.33620627510319756,0.1509527321768591,0.24955394232311412,0.2639573933619256,0.2639573933619256,0.23604260663807441
AC,TT,CH,NS,"['AC', 'TT', 'CH', 'NS']",AC + TT,CH + NS,AC|TT|CH|NS,"AC,TT||CH,NS",True,True,0.26168258024694097,0.21930175566438942,0.0176503354851717,0.23804818318273274,0.3043043631084954,0.254686253220559,0.26388809335378016,0.26388809335378016,0.23611190664621984
FZ,TD,SY,NS,"['FZ', 'TD', 'SY', 'NS']",FZ + TD,SY + NS,FZ|TD|SY|NS,"FZ,TD||NS,SY",False,True,0.40849093033552564,0.31996299513018556,0.0852448889185233,0.27572732867401933,0.2444399709597033,0.23251840248764974,0.2635252591654361,0.2635252591654361,0.23647474083456388
NS,AC,TT,CH,"['NS', 'AC', 'TT', 'CH']",NS + AC,TT + CH,NS|AC|TT|CH,"AC,NS||CH,TT",False,True,0.2808495927613501,0.266625158708365,0.2128479251227186,0.3288502711902604,0.16110749259461618,0.22853332128571513,0.2634305875379591,0.2634305875379591,0.23656941246204088
TT,SY,TD,AC,"['TT', 'SY', 'TD', 'AC']",TT + SY,TD + AC,TT|SY|TD|AC,"AC,TD||SY,TT",False,True,0.8597228919314547,0.9350776845477442,0.4920727091175913,0.6387791377009521,0.890204475036645,0.8046203687744851,0.7368350192618723,0.7368350192618723,0.23683501926187234
SY,RS,AC,FZ,"['SY', 'RS', 'AC', 'FZ']",SY + RS,AC + FZ,SY|RS|AC|FZ,"AC,FZ||RS,SY",False,True,0.24021610078937436,0.1762824226249095,0.08033672831832904,0.2916084287961335,0.21832367834664815,0.28907405269370784,0.2630273761208342,0.2630273761208342,0.2369726238791658
SY,AC,CH,FZ,"['SY', 'AC', 'CH', 'FZ']",SY + AC,CH + FZ,SY|AC|CH|FZ,"AC,SY||CH,FZ",False,True,0.14576196418542214,0.12210393719621926,0.049726950200256186,0.2934450309830383,0.21451556147448936,0.17683296699739134,0.2626625378747042,0.2626625378747042,0.23733746212529577
TD,FZ,SY,CH,"['TD', 'FZ', 'SY', 'CH']",TD + FZ,SY + CH,TD|FZ|SY|CH,"CH,SY||FZ,TD",True,True,0.32226322628996656,0.22206318083043297,0.039767199411647365,0.25247584037327536,0.2783564847706275,0.2575678674273782,0.2625692916882427,0.2625692916882427,0.23743070831175728
SY,AC,TD,RS,"['SY', 'AC', 'TD', 'RS']",SY + AC,TD + RS,SY|AC|TD|RS,"AC,SY||RS,TD",False,False,0.8345092599977868,0.9506705047508134,0.8096693624314034,0.6100654680078285,0.9369578655951182,0.8439976369183835,0.7375535030668714,0.7375535030668714,0.2375535030668714
SY,TT,RS,NS,"['SY', 'TT', 'RS', 'NS']",SY + TT,RS + NS,SY|TT|RS|NS,"NS,RS||SY,TT",False,False,0.7379423168065096,0.8543571369899983,0.6074264495667612,0.6844791270556381,0.8209720047996553,0.8323062049652162,0.7377113493758047,0.7377113493758047,0.23771134937580474
AC,TD,SY,RS,"['AC', 'TD', 'SY', 'RS']",AC + TD,SY + RS,AC|TD|SY|RS,"AC,TD||RS,SY",False,False,0.2944402268114414,0.23591909827877655,0.04668614552310217,0.199748467372867,0.36007655047469667,0.2604618376483466,0.26227641978258054,0.26227641978258054,0.23772358021741946
AC,NS,CH,SY,"['AC', 'NS', 'CH', 'SY']",AC + NS,CH + SY,AC|NS|CH|SY,"AC,NS||CH,SY",False,True,0.2525661507183927,0.16637519421578362,0.07008104229107859,0.21836830422038012,0.33077708428423463,0.2665232599500635,0.2622077284452834,0.2622077284452834,0.2377922715547166
RS,CH,TD,FZ,"['RS', 'CH', 'TD', 'FZ']",RS + CH,TD + FZ,RS|CH|TD|FZ,"CH,RS||FZ,TD",False,False,0.41571088316021065,0.35569580201406203,0.8627951883330501,0.3269745011906743,0.16023596439524956,0.3101459293235022,0.2619464718404586,0.2619464718404586,0.2380535281595414
SY,TT,FZ,CH,"['SY', 'TT', 'FZ', 'CH']",SY + TT,FZ + CH,SY|TT|FZ|CH,"CH,FZ||SY,TT",False,True,0.2312677313984893,0.20105608021984256,0.07497734649726247,0.30169519644300913,0.19963442267252499,0.24181069962885232,0.2618914946725203,0.2618914946725203,0.23810850532747968
TT,NS,TD,RS,"['TT', 'NS', 'TD', 'RS']",TT + NS,TD + RS,TT|NS|TD|RS,"NS,TT||RS,TD",False,False,0.8898069487878618,0.9559633621793466,0.7216642999501428,0.6094804486211853,0.9406222271317202,0.8043445596179419,0.738625742240294,0.738625742240294,0.23862574224029398
RS,NS,TD,FZ,"['RS', 'NS', 'TD', 'FZ']",RS + NS,TD + FZ,RS|NS|TD|FZ,"FZ,TD||NS,RS",False,False,0.3288063142297804,0.2533707137151029,0.44420735521150956,0.31668116695599147,0.17451600990618366,0.2388518124964682,0.2612367557065664,0.2612367557065664,0.2387632442934336
FZ,TD,NS,SY,"['FZ', 'TD', 'NS', 'SY']",FZ + TD,NS + SY,FZ|TD|NS|SY,"FZ,TD||NS,SY",True,True,0.40849093033552564,0.31996299513018556,0.0852448889185233,0.277393995340686,0.23594708759747102,0.23093001568223448,0.2612297013208321,0.2612297013208321,0.23877029867916788
RS,CH,AC,FZ,"['RS', 'CH', 'AC', 'FZ']",RS + CH,AC + FZ,RS|CH|AC|FZ,"AC,FZ||CH,RS",True,True,0.2943108525186303,0.1829548256115216,0.13804375500323274,0.29241018445289363,0.21219507172462557,0.26257284511360574,0.2611262904888691,0.2611262904888691,0.2388737095111309
RS,SY,FZ,AC,"['RS', 'SY', 'FZ', 'AC']",RS + SY,FZ + AC,RS|SY|FZ|AC,"AC,FZ||RS,SY",False,True,0.24021610078937436,0.1762824226249095,0.13060405047864782,0.2953071911030118,0.20690581544941314,0.31254699483797954,0.2608306545981083,0.2608306545981083,0.23916934540189172
SY,RS,TD,FZ,"['SY', 'RS', 'TD', 'FZ']",SY + RS,TD + FZ,SY|RS|TD|FZ,"FZ,TD||RS,SY",False,False,0.35038150163591014,0.3456572527401335,0.6080052957656135,0.3264843272930485,0.1581034034566847,0.30523271133141816,0.2608157669968666,0.2608157669968666,0.2391842330031334
CH,TD,AC,FZ,"['CH', 'TD', 'AC', 'FZ']",CH + TD,AC + FZ,CH|TD|AC|FZ,"AC,FZ||CH,TD",False,True,0.26179415918801624,0.16668323540012114,0.22043478825958165,0.310716876302464,0.18121293476439662,0.3101589607275772,0.2602103391026177,0.2602103391026177,0.2397896608973823
NS,TT,TD,RS,"['NS', 'TT', 'TD', 'RS']",NS + TT,TD + RS,NS|TT|TD|RS,"NS,TT||RS,TD",False,False,0.8898069487878618,0.9559633621793466,0.7312355453886372,0.6121717984590869,0.9397348669646279,0.798486982997657,0.7399213951762479,0.7399213951762479,0.2399213951762479
RS,CH,AC,SY,"['RS', 'CH', 'AC', 'SY']",RS + CH,AC + SY,RS|CH|AC|SY,"AC,SY||CH,RS",True,True,0.47625543409430515,0.32958183595325813,0.2754797549827132,0.2265451608108358,0.3120206505521382,0.36650496735296983,0.25988060180994377,0.25988060180994377,0.24011939819005623
CH,SY,FZ,RS,"['CH', 'SY', 'FZ', 'RS']",CH + SY,FZ + RS,CH|SY|FZ|RS,"CH,SY||FZ,RS",False,True,0.641358301603611,0.7588580090445864,0.926570318698618,0.6824538066315965,0.8306793258673424,0.8691653749865372,0.7402617591335374,0.7402617591335374,0.24026175913353742
RS,SY,TD,FZ,"['RS', 'SY', 'TD', 'FZ']",RS + SY,TD + FZ,RS|SY|TD|FZ,"FZ,TD||RS,SY",False,False,0.35038150163591014,0.3456572527401335,0.6080052957656135,0.32989683062150016,0.14967432274407272,0.3227413935204569,0.25961005254930347,0.25961005254930347,0.24038994745069653
RS,FZ,CH,SY,"['RS', 'FZ', 'CH', 'SY']",RS + FZ,CH + SY,RS|FZ|CH|SY,"CH,SY||FZ,RS",False,True,0.35864169839638904,0.2411419909554135,0.22557337222209356,0.24958991166420397,0.2748253145661382,0.25202719659422207,0.25943171879595833,0.25943171879595833,0.24056828120404167
AC,CH,FZ,SY,"['AC', 'CH', 'FZ', 'SY']",AC + CH,FZ + SY,AC|CH|FZ|SY,"AC,CH||FZ,SY",True,True,0.22893732724360769,0.1341476176475057,0.03227533418660101,0.26599952003370575,0.24862160720050633,0.194283070659944,0.259222134028758,0.259222134028758,0.240777865971242
RS,CH,TT,NS,"['RS', 'CH', 'TT', 'NS']",RS + CH,TT + NS,RS|CH|TT|NS,"CH,RS||NS,TT",False,False,0.3621852982567289,0.3100613808726984,0.33894016014843464,0.2931978854564142,0.20605550712804294,0.2704506501706974,0.2592123579083494,0.2592123579083494,0.2407876420916506
TD,FZ,SY,NS,"['TD', 'FZ', 'SY', 'NS']",TD + FZ,SY + NS,TD|FZ|SY|NS,"FZ,TD||NS,SY",False,True,0.40849093033552564,0.31996299513018556,0.10954019120788333,0.25121782416455196,0.27119248413094355,0.29799477763316895,0.2590079415514447,0.2590079415514447,0.2409920584485553
TD,CH,NS,AC,"['TD', 'CH', 'NS', 'AC']",TD + CH,NS + AC,TD|CH|NS|AC,"AC,NS||CH,TD",False,False,0.459849279931922,0.406891381189355,0.0397951453149273,0.21687612354223323,0.32469850099754743,0.36944610173803233,0.25892685074980576,0.25892685074980576,0.24107314925019424
NS,AC,SY,TT,"['NS', 'AC', 'SY', 'TT']",NS + AC,SY + TT,NS|AC|SY|TT,"AC,NS||SY,TT",False,True,0.33999994688996366,0.2768211162916473,0.3487771591383105,0.28553771275854734,0.21600365429578747,0.320729254023305,0.258419429958071,0.258419429958071,0.241580570041929
FZ,RS,CH,SY,"['FZ', 'RS', 'CH', 'SY']",FZ + RS,CH + SY,FZ|RS|CH|SY,"CH,SY||FZ,RS",True,True,0.35864169839638904,0.2411419909554135,0.17991181955435526,0.27145842596348474,0.23700384560241403,0.23450053967162635,0.25802113962266715,0.25802113962266715,0.24197886037733285
CH,NS,TD,TT,"['CH', 'NS', 'TD', 'TT']",CH + NS,TD + TT,CH|NS|TD|TT,"CH,NS||TD,TT",False,True,0.8279793958728293,0.903420202769886,0.8322619359500396,0.7558492993453779,0.7212299238840527,0.785319768460612,0.742347742915461,0.742347742915461,0.24234774291546102
TT,NS,FZ,CH,"['TT', 'NS', 'FZ', 'CH']",TT + NS,FZ + CH,TT|NS|FZ|CH,"CH,FZ||NS,TT",False,True,0.21460411706784116,0.13360945445990663,0.005953467802196058,0.32111270366114636,0.15758387638569182,0.20807491195519418,0.2573364610237191,0.2573364610237191,0.2426635389762809
AC,NS,SY,CH,"['AC', 'NS', 'SY', 'CH']",AC + NS,SY + CH,AC|NS|SY|CH,"AC,NS||CH,SY",False,True,0.2525661507183927,0.16637519421578362,0.05499215776636685,0.21158945806653395,0.32851002768753357,0.2605316168997183,0.25718848021872376,0.25718848021872376,0.24281151978127624
RS,SY,AC,FZ,"['RS', 'SY', 'AC', 'FZ']",RS + SY,AC + FZ,RS|SY|AC|FZ,"AC,FZ||RS,SY",True,True,0.24021610078937436,0.1762824226249095,0.08033672831832904,0.29136186680926973,0.20348311848038036,0.2940783464890489,0.2570891549610029,0.2570891549610029,0.24291084503899713
RS,FZ,SY,CH,"['RS', 'FZ', 'SY', 'CH']",RS + FZ,SY + CH,RS|FZ|SY|CH,"CH,SY||FZ,RS",False,True,0.35864169839638904,0.2411419909554135,0.19272176223747794,0.2538023890016813,0.26098658812122977,0.25401320280069006,0.2566042266583052,0.2566042266583052,0.24339577334169482
FZ,RS,SY,CH,"['FZ', 'RS', 'SY', 'CH']",FZ + RS,SY + CH,FZ|RS|SY|CH,"CH,SY||FZ,RS",False,True,0.35864169839638904,0.2411419909554135,0.15240151170471472,0.27500802451308326,0.22750965161946327,0.24001892501376307,0.2564836590845715,0.2564836590845715,0.2435163409154285
CH,TD,FZ,AC,"['CH', 'TD', 'FZ', 'AC']",CH + TD,FZ + AC,CH|TD|FZ|AC,"AC,FZ||CH,TD",False,True,0.26179415918801624,0.16668323540012114,0.29121493583540514,0.3171762698602753,0.15950711748295313,0.3238768703093831,0.25568530043311966,0.25568530043311966,0.24431469956688034
AC,NS,CH,TT,"['AC', 'NS', 'CH', 'TT']",AC + NS,CH + TT,AC|NS|CH|TT,"AC,NS||CH,TT",True,True,0.2808495927613501,0.266625158708365,0.07958253413380019,0.28866579814172033,0.20397586143541677,0.22807335673873472,0.25563672282626193,0.25563672282626193,0.24436327717373807
NS,SY,TT,AC,"['NS', 'SY', 'TT', 'AC']",NS + SY,TT + AC,NS|SY|TT|AC,"AC,TT||NS,SY",False,False,0.6814155625452653,0.7713505679668694,0.9364118128946245,0.6967280783372658,0.8190613163540906,0.7789664975055163,0.7444380411638275,0.7444380411638275,0.2444380411638275
NS,TT,FZ,CH,"['NS', 'TT', 'FZ', 'CH']",NS + TT,FZ + CH,NS|TT|FZ|CH,"CH,FZ||NS,TT",True,True,0.21460411706784116,0.13360945445990663,0.005953467802196058,0.31990391245235517,0.15463298897334357,0.21346084504510093,0.25544825229554063,0.25544825229554063,0.24455174770445937
NS,SY,AC,TT,"['NS', 'SY', 'AC', 'TT']",NS + SY,AC + TT,NS|SY|AC|TT,"AC,TT||NS,SY",False,False,0.6814155625452653,0.7713505679668694,0.9258880178049327,0.7005890090731967,0.8136019993247989,0.7719024504414692,0.7446640752713216,0.7446640752713216,0.2446640752713216
TD,FZ,NS,SY,"['TD', 'FZ', 'NS', 'SY']",TD + FZ,NS + SY,TD|FZ|NS|SY,"FZ,TD||NS,SY",False,True,0.40849093033552564,0.31996299513018556,0.10954019120788333,0.25217020511693283,0.2601247918421437,0.2919043851633171,0.2552724939397651,0.2552724939397651,0.2447275060602349
AC,CH,SY,FZ,"['AC', 'CH', 'SY', 'FZ']",AC + CH,SY + FZ,AC|CH|SY|FZ,"AC,CH||FZ,SY",False,True,0.22893732724360769,0.1341476176475057,0.017443103196523556,0.2618201252304209,0.2447185107279734,0.20267570105745192,0.2551504955744664,0.2551504955744664,0.2448495044255336
CH,TD,FZ,RS,"['CH', 'TD', 'FZ', 'RS']",CH + TD,FZ + RS,CH|TD|FZ|RS,"CH,TD||FZ,RS",True,True,0.33969412411836575,0.31166651598218353,0.5280332152524029,0.3228127849895255,0.14872387505668327,0.37404625600099745,0.254918110115717,0.254918110115717,0.24508188988428298
TD,NS,RS,FZ,"['TD', 'NS', 'RS', 'FZ']",TD + NS,RS + FZ,TD|NS|RS|FZ,"FZ,RS||NS,TD",False,False,0.2615668699433535,0.21625503366825838,0.15292762220959596,0.2741218503682551,0.22474160449054384,0.24115831784106276,0.2548635544759477,0.2548635544759477,0.24513644552405228
CH,AC,NS,FZ,"['CH', 'AC', 'NS', 'FZ']",CH + AC,NS + FZ,CH|AC|NS|FZ,"AC,CH||FZ,NS",False,True,0.24636477706367677,0.2007957253030268,0.02624626215003565,0.27472844801988844,0.22370171476376682,0.2352698572411182,0.254828022050001,0.254828022050001,0.245171977949999
CH,AC,RS,TD,"['CH', 'AC', 'RS', 'TD']",CH + AC,RS + TD,CH|AC|RS|TD,"AC,CH||RS,TD",False,True,0.8693115579580298,0.9540245512124612,0.961236509084852,0.6277782159326055,0.9297247250017376,0.8421209532924351,0.7455373544695671,0.7455373544695671,0.24553735446956715
TT,TD,RS,NS,"['TT', 'TD', 'RS', 'NS']",TT + TD,RS + NS,TT|TD|RS|NS,"NS,RS||TD,TT",False,False,0.44753853943178407,0.44637096727712305,0.005153509221672532,0.22230868075648963,0.3042546986477352,0.5191015827473533,0.2542676277340754,0.2542676277340754,0.2457323722659246
RS,TT,TD,NS,"['RS', 'TT', 'TD', 'NS']",RS + TT,TD + NS,RS|TT|TD|NS,"NS,TD||RS,TT",False,False,0.5283771430147883,0.49432933758674386,0.021853018019438442,0.27174297497384475,0.22660202190366519,0.4046410041419177,0.25413800327647473,0.25413800327647473,0.24586199672352527
RS,TT,NS,TD,"['RS', 'TT', 'NS', 'TD']",RS + TT,NS + TD,RS|TT|NS|TD,"NS,TD||RS,TT",False,False,0.5283771430147883,0.49432933758674386,0.009444726810847777,0.2734333288551233,0.22374809620534908,0.4062508328863219,0.2540560881217113,0.2540560881217113,0.24594391187828868
TD,NS,FZ,RS,"['TD', 'NS', 'FZ', 'RS']",TD + NS,FZ + RS,TD|NS|FZ|RS,"FZ,RS||NS,TD",False,False,0.2615668699433535,0.21625503366825838,0.2874972506900366,0.2692929137574171,0.2287433659681087,0.23570104843767192,0.25347859011958684,0.25347859011958684,0.24652140988041316
TD,SY,AC,TT,"['TD', 'SY', 'AC', 'TT']",TD + SY,AC + TT,TD|SY|AC|TT,"AC,TT||SY,TD",False,False,0.40385908393354963,0.42555392210958837,0.13181043913426982,0.21410672967406627,0.31500421014435864,0.27255654233273924,0.2534567470574803,0.2534567470574803,0.24654325294251972
CH,TT,TD,NS,"['CH', 'TT', 'TD', 'NS']",CH + TT,TD + NS,CH|TT|TD|NS,"CH,TT||NS,TD",False,True,0.8137227678440617,0.8750797552934931,0.632364416196273,0.7147101994433424,0.7969087661696505,0.8282903643658843,0.7467676404666026,0.7467676404666026,0.2467676404666026
AC,NS,TT,CH,"['AC', 'NS', 'TT', 'CH']",AC + NS,TT + CH,AC|NS|TT|CH,"AC,NS||CH,TT",True,True,0.2808495927613501,0.266625158708365,0.07370699783687167,0.28258803725012965,0.2072480945078535,0.22570797231467896,0.25320545958064195,0.25320545958064195,0.24679454041935805
TT,CH,TD,NS,"['TT', 'CH', 'TD', 'NS']",TT + CH,TD + NS,TT|CH|TD|NS,"CH,TT||NS,TD",False,True,0.8137227678440617,0.8750797552934931,0.3579732029221037,0.7072518661100088,0.8094243826772992,0.8320763542764048,0.7470991475712521,0.7470991475712521,0.24709914757125206
CH,AC,FZ,TT,"['CH', 'AC', 'FZ', 'TT']",CH + AC,FZ + TT,CH|AC|FZ|TT,"AC,CH||FZ,TT",False,True,0.2554791566819749,0.2232914996913622,0.05358596162786171,0.29951562921185654,0.17876335140675823,0.2611185578636822,0.2524222408678682,0.2524222408678682,0.2475777591321318
AC,SY,TT,FZ,"['AC', 'SY', 'TT', 'FZ']",AC + SY,TT + FZ,AC|SY|TT|FZ,"AC,SY||FZ,TT",True,True,0.20643385927030397,0.21557646711629702,0.018107446714895118,0.23889127160135223,0.27272422256211265,0.25121339897267686,0.2520861224760488,0.2520861224760488,0.24791387752395122
SY,AC,FZ,NS,"['SY', 'AC', 'FZ', 'NS']",SY + AC,FZ + NS,SY|AC|FZ|NS,"AC,SY||FZ,NS",False,True,0.19860245960516204,0.19361092251198075,0.046817655365284365,0.26601645008482516,0.22930756486895726,0.20500394857997517,0.2516999848506367,0.2516999848506367,0.24830001514936328
AC,NS,TT,SY,"['AC', 'NS', 'TT', 'SY']",AC + NS,TT + SY,AC|NS|TT|SY,"AC,NS||SY,TT",True,True,0.33999994688996366,0.2768211162916473,0.1508201199915949,0.2079740834135224,0.31973416151279205,0.27771530410125794,0.25156051387223755,0.25156051387223755,0.24843948612776245
TT,CH,NS,TD,"['TT', 'CH', 'NS', 'TD']",TT + CH,NS + TD,TT|CH|NS|TD,"CH,TT||NS,TD",False,True,0.8137227678440617,0.8750797552934931,0.2786164078585825,0.7090440693096967,0.8105801927154849,0.8330535381921491,0.7486431574379541,0.7486431574379541,0.24864315743795407
AC,CH,FZ,NS,"['AC', 'CH', 'FZ', 'NS']",AC + CH,FZ + NS,AC|CH|FZ|NS,"AC,CH||FZ,NS",True,True,0.24636477706367677,0.2007957253030268,0.01133454574946454,0.23934387267696297,0.2692194159952402,0.2112916491116917,0.2509953345710911,0.2509953345710911,0.24900466542890892
SY,TD,TT,FZ,"['SY', 'TD', 'TT', 'FZ']",SY + TD,TT + FZ,SY|TD|TT|FZ,"FZ,TT||SY,TD",False,True,0.132309726677926,0.09465841984183526,0.03274892859016959,0.25159627116365635,0.2499119498835947,0.17232350080308495,0.2509393858644323,0.2509393858644323,0.24906061413556768
CH,RS,TT,NS,"['CH', 'RS', 'TT', 'NS']",CH + RS,TT + NS,CH|RS|TT|NS,"CH,RS||NS,TT",False,False,0.3621852982567289,0.3100613808726984,0.29232589589631386,0.2888405969116256,0.19163835266572657,0.27038956081817006,0.25093172165572497,0.25093172165572497,0.24906827834427503
SY,TT,NS,RS,"['SY', 'TT', 'NS', 'RS']",SY + TT,NS + RS,SY|TT|NS|RS,"NS,RS||SY,TT",False,False,0.7379423168065096,0.8543571369899983,0.543565809057705,0.7030339565179521,0.8213497850915791,0.8393205984149038,0.7491771296616666,0.7491771296616666,0.2491771296616666
AC,FZ,NS,TD,"['AC', 'FZ', 'NS', 'TD']",AC + FZ,NS + TD,AC|FZ|NS|TD,"AC,FZ||NS,TD",False,True,0.8037418330297392,0.8967036615114028,0.23682489104484825,0.7008951841290285,0.826049760748509,0.8055367882461509,0.749705469010626,0.749705469010626,0.24970546901062596
CH,RS,AC,TT,"['CH', 'RS', 'AC', 'TT']",CH + RS,AC + TT,CH|RS|AC|TT,"AC,TT||CH,RS",False,True,0.5124153455179257,0.4607089177652351,0.30253818729704757,0.2505409885956587,0.24982268829358767,0.3839297670283739,0.25026085147785104,0.25026085147785104,0.24973914852214896
CH,TT,NS,TD,"['CH', 'TT', 'NS', 'TD']",CH + TT,NS + TD,CH|TT|NS|TD,"CH,TT||NS,TD",False,True,0.8137227678440617,0.8750797552934931,0.5436909086535361,0.716363513754141,0.8023011741949874,0.8282270845918411,0.7498792013260711,0.7498792013260711,0.2498792013260711
TT,SY,FZ,CH,"['TT', 'SY', 'FZ', 'CH']",TT + SY,FZ + CH,TT|SY|FZ|CH,"CH,FZ||SY,TT",False,True,0.2312677313984893,0.20105608021984256,0.03939939131172379,0.26075641457968307,0.23320666026412565,0.22387014141038122,0.2500120103966157,0.2500120103966157,0.2499879896033843
SY,AC,FZ,CH,"['SY', 'AC', 'FZ', 'CH']",SY + AC,FZ + CH,SY|AC|FZ|CH,"AC,SY||CH,FZ",False,True,0.14576196418542214,0.12210393719621926,0.05515936209174214,0.2751040254880595,0.21031032614610187,0.16935066434303206,0.24983448274469602,0.24983448274469602,0.250165517255304
AC,TT,NS,CH,"['AC', 'TT', 'NS', 'CH']",AC + TT,NS + CH,AC|TT|NS|CH,"AC,TT||CH,NS",False,True,0.26168258024694097,0.21930175566438942,0.01501708630146185,0.2382426761897257,0.26609480693112697,0.2718256152117599,0.24910500717887218,0.24910500717887218,0.2508949928211278
RS,TT,FZ,TD,"['RS', 'TT', 'FZ', 'TD']",RS + TT,FZ + TD,RS|TT|FZ|TD,"FZ,TD||RS,TT",False,False,0.3181939672843913,0.23053011440273646,0.5427421043644177,0.3293264294116048,0.1226856648658966,0.25288928193311805,0.2487365312387786,0.2487365312387786,0.2512634687612214
TD,CH,AC,FZ,"['TD', 'CH', 'AC', 'FZ']",TD + CH,AC + FZ,TD|CH|AC|FZ,"AC,FZ||CH,TD",False,True,0.26179415918801624,0.16668323540012114,0.22043478825958165,0.2934330466048958,0.177005123744638,0.2864930800547549,0.24802615668939526,0.24802615668939526,0.25197384331060474
CH,TD,RS,FZ,"['CH', 'TD', 'RS', 'FZ']",CH + TD,RS + FZ,CH|TD|RS|FZ,"CH,TD||FZ,RS",False,True,0.33969412411836575,0.31166651598218353,0.321838673221998,0.3198920589822798,0.13482302588718612,0.35475528798627315,0.24771513607519327,0.24771513607519327,0.25228486392480676
TT,CH,RS,NS,"['TT', 'CH', 'RS', 'NS']",TT + CH,RS + NS,TT|CH|RS|NS,"CH,TT||NS,RS",False,False,0.7878907252569363,0.8615490671550556,0.28636264532863764,0.7106105431641824,0.8178242933820972,0.7910222862085816,0.7524239057491691,0.7524239057491691,0.25242390574916906
CH,TT,RS,NS,"['CH', 'TT', 'RS', 'NS']",CH + TT,RS + NS,CH|TT|RS|NS,"CH,TT||NS,RS",False,False,0.7878907252569363,0.8615490671550556,0.5531557809358999,0.7180688764975157,0.8061930274804483,0.7993009716893024,0.7524372953808594,0.7524372953808594,0.25243729538085935
AC,TD,RS,SY,"['AC', 'TD', 'RS', 'SY']",AC + TD,RS + SY,AC|TD|RS|SY,"AC,TD||RS,SY",False,False,0.2944402268114414,0.23591909827877655,0.03186783442753168,0.1985874954571406,0.32372106150233826,0.2378419157895792,0.2473895862147677,0.2473895862147677,0.2526104137852323
CH,RS,TT,AC,"['CH', 'RS', 'TT', 'AC']",CH + RS,TT + AC,CH|RS|TT|AC,"AC,TT||CH,RS",False,True,0.5124153455179257,0.4607089177652351,0.32510635028789375,0.25047767690734696,0.2424111084681992,0.3257784348232307,0.24733171521607933,0.24733171521607933,0.25266828478392067
SY,AC,TT,FZ,"['SY', 'AC', 'TT', 'FZ']",SY + AC,TT + FZ,SY|AC|TT|FZ,"AC,SY||FZ,TT",False,True,0.20643385927030397,0.21557646711629702,0.05443406140826899,0.2654628694398015,0.21732710660534751,0.25661326441625154,0.24668992193436445,0.24668992193436445,0.25331007806563555
RS,TT,TD,FZ,"['RS', 'TT', 'TD', 'FZ']",RS + TT,TD + FZ,RS|TT|TD|FZ,"FZ,TD||RS,TT",False,False,0.3181939672843913,0.23053011440273646,0.7077816851977266,0.33487262792720474,0.10853597650170253,0.25459106798049846,0.24660133387125888,0.24660133387125888,0.2533986661287411
SY,TD,FZ,AC,"['SY', 'TD', 'FZ', 'AC']",SY + TD,FZ + AC,SY|TD|FZ|AC,"AC,FZ||SY,TD",False,False,0.21188155695405436,0.1604379320531486,0.08805511602945362,0.28737464194442913,0.18213528820531785,0.24899733350435418,0.2463312939861757,0.2463312939861757,0.2536687060138243
SY,TD,AC,CH,"['SY', 'TD', 'AC', 'CH']",SY + TD,AC + CH,SY|TD|AC|CH,"AC,CH||SY,TD",False,False,0.30765843929825654,0.2877010557056546,0.06034345208487903,0.2059311379896159,0.3091675524061341,0.2994571923394287,0.246193339612058,0.246193339612058,0.253806660387942
TD,CH,FZ,AC,"['TD', 'CH', 'FZ', 'AC']",TD + CH,FZ + AC,TD|CH|FZ|AC,"AC,FZ||CH,TD",False,True,0.26179415918801624,0.16668323540012114,0.29121493583540514,0.29843410682937377,0.16437871174996893,0.3252408738345611,0.2461525027484059,0.2461525027484059,0.2538474972515941
AC,FZ,TD,NS,"['AC', 'FZ', 'TD', 'NS']",AC + FZ,TD + NS,AC|FZ|TD|NS,"AC,FZ||NS,TD",False,True,0.8037418330297392,0.8967036615114028,0.06480449415838568,0.6985075207303356,0.8417758515904178,0.8119720065308556,0.7543821697657677,0.7543821697657677,0.25438216976576766
SY,RS,AC,TT,"['SY', 'RS', 'AC', 'TT']",SY + RS,AC + TT,SY|RS|AC|TT,"AC,TT||RS,SY",False,False,0.44342204938254404,0.4495841043551797,0.28917010590546316,0.23620695171629055,0.2600633354013963,0.38767485053947714,0.24551094135348178,0.24551094135348178,0.2544890586465182
AC,NS,FZ,SY,"['AC', 'NS', 'FZ', 'SY']",AC + NS,FZ + SY,AC|NS|FZ|SY,"AC,NS||FZ,SY",False,True,0.1697353063711688,0.0801938083514096,0.05880596403188655,0.22725441032143925,0.2739423731259157,0.19361574307916674,0.24546271581518508,0.24546271581518508,0.2545372841848149
TD,SY,TT,AC,"['TD', 'SY', 'TT', 'AC']",TD + SY,TT + AC,TD|SY|TT|AC,"AC,TT||SY,TD",False,False,0.40385908393354963,0.42555392210958837,0.14427748149467512,0.2117981979280345,0.2969422679273252,0.24552406094772367,0.24500438522775786,0.24500438522775786,0.25499561477224214
TT,SY,AC,TD,"['TT', 'SY', 'AC', 'TD']",TT + SY,AC + TD,TT|SY|AC|TD,"AC,TD||SY,TT",False,True,0.8597228919314547,0.9350776845477442,0.4451560589769874,0.6634865264584312,0.8983620735023932,0.8178517146700807,0.7550879898055763,0.7550879898055763,0.25508798980557634
SY,RS,TT,AC,"['SY', 'RS', 'TT', 'AC']",SY + RS,TT + AC,SY|RS|TT|AC,"AC,TT||RS,SY",False,False,0.44342204938254404,0.4495841043551797,0.3111859852446616,0.2391067533035921,0.25380501302689246,0.3378487260507713,0.24483907459567922,0.24483907459567922,0.2551609254043208
TD,TT,RS,CH,"['TD', 'TT', 'RS', 'CH']",TD + TT,RS + CH,TD|TT|RS|CH,"CH,RS||TD,TT",False,True,0.358057762811165,0.3339826220506397,0.3511406583175996,0.24262951233749586,0.247965775480335,0.32084401809018587,0.24471065496320313,0.24471065496320313,0.2552893450367969
CH,AC,TD,RS,"['CH', 'AC', 'TD', 'RS']",CH + AC,TD + RS,CH|AC|TD|RS,"AC,CH||RS,TD",False,True,0.8693115579580298,0.9540245512124612,0.961236509084852,0.6418739570459523,0.9334538198774506,0.8425234367738657,0.7555901035502366,0.7555901035502366,0.2555901035502366
AC,NS,SY,FZ,"['AC', 'NS', 'SY', 'FZ']",AC + NS,SY + FZ,AC|NS|SY|FZ,"AC,NS||FZ,SY",False,True,0.1697353063711688,0.0801938083514096,0.03218701889994459,0.22040694174840594,0.2796700442725527,0.21737098818166023,0.2435195517328232,0.2435195517328232,0.2564804482671768
TD,CH,FZ,RS,"['TD', 'CH', 'FZ', 'RS']",TD + CH,FZ + RS,TD|CH|FZ|RS,"CH,TD||FZ,RS",False,True,0.33969412411836575,0.31166651598218353,0.5280332152524029,0.31370603862529056,0.13362697797873122,0.38876350594187664,0.2434752049731324,0.2434752049731324,0.2565247950268676
RS,CH,NS,TT,"['RS', 'CH', 'NS', 'TT']",RS + CH,NS + TT,RS|CH|NS|TT,"CH,RS||NS,TT",False,False,0.3621852982567289,0.3100613808726984,0.31586112644165265,0.2905092694600526,0.16987313593613257,0.2785089503984851,0.24346117738572381,0.24346117738572381,0.2565388226142762
TD,SY,TT,FZ,"['TD', 'SY', 'TT', 'FZ']",TD + SY,TT + FZ,TD|SY|TT|FZ,"FZ,TT||SY,TD",True,True,0.132309726677926,0.09465841984183526,0.03274892859016959,0.24422722354460877,0.24116221322441275,0.17296749886738885,0.24303186951973232,0.24303186951973232,0.2569681304802677
SY,TD,TT,NS,"['SY', 'TD', 'TT', 'NS']",SY + TD,TT + NS,SY|TD|TT|NS,"NS,TT||SY,TD",False,False,0.2679644995432968,0.2794937958554706,0.13655121503928644,0.2556468831949118,0.2229519093490314,0.2497228455544126,0.24289584339501843,0.24289584339501843,0.25710415660498154
AC,CH,NS,FZ,"['AC', 'CH', 'NS', 'FZ']",AC + CH,NS + FZ,AC|CH|NS|FZ,"AC,CH||FZ,NS",True,True,0.24636477706367677,0.2007957253030268,0.006591795620726506,0.22640844287606712,0.26854475514286286,0.2354965745053499,0.24284160466011745,0.24284160466011745,0.25715839533988255
TT,SY,RS,CH,"['TT', 'SY', 'RS', 'CH']",TT + SY,RS + CH,TT|SY|RS|CH,"CH,RS||SY,TT",False,True,0.659736014331792,0.776816172609839,0.9038153905919963,0.6755179022093329,0.8851554784379925,0.8431097697560738,0.7572765569385101,0.7572765569385101,0.25727655693851015
TD,SY,FZ,AC,"['TD', 'SY', 'FZ', 'AC']",TD + SY,FZ + AC,TD|SY|FZ|AC,"AC,FZ||SY,TD",False,False,0.21188155695405436,0.1604379320531486,0.08805511602945362,0.28665932995756543,0.173474113541445,0.25001188103136984,0.24251709555527845,0.24251709555527845,0.25748290444472155
TT,AC,CH,SY,"['TT', 'AC', 'CH', 'SY']",TT + AC,CH + SY,TT|AC|CH|SY,"AC,TT||CH,SY",False,False,0.2435217026467277,0.14868830492747875,0.12057098062441347,0.2995576176764512,0.14936276341721297,0.2472229702889849,0.2409816245153483,0.2409816245153483,0.2590183754846517
TD,SY,AC,CH,"['TD', 'SY', 'AC', 'CH']",TD + SY,AC + CH,TD|SY|AC|CH,"AC,CH||SY,TD",False,False,0.30765843929825654,0.2877010557056546,0.06034345208487903,0.20060976539669167,0.3031506378860687,0.29752202153197527,0.2406007056675487,0.2406007056675487,0.2593992943324513
SY,TT,TD,AC,"['SY', 'TT', 'TD', 'AC']",SY + TT,TD + AC,SY|TT|TD|AC,"AC,TD||SY,TT",False,True,0.8597228919314547,0.9350776845477442,0.8116432227888751,0.6818663975851306,0.8813233501408904,0.822173271586229,0.759654609081877,0.759654609081877,0.259654609081877
SY,TD,CH,AC,"['SY', 'TD', 'CH', 'AC']",SY + TD,CH + AC,SY|TD|CH|AC,"AC,CH||SY,TD",False,False,0.30765843929825654,0.2877010557056546,0.06476176388500025,0.209585699648932,0.2881663535076981,0.3074152475141453,0.24023215465385078,0.24023215465385078,0.2597678453461492
SY,AC,NS,FZ,"['SY', 'AC', 'NS', 'FZ']",SY + AC,NS + FZ,SY|AC|NS|FZ,"AC,SY||FZ,NS",False,True,0.19860245960516204,0.19361092251198075,0.029290988208501297,0.24756434373133487,0.22807194930077285,0.2176127971033426,0.23996230990341566,0.23996230990341566,0.26003769009658434
AC,TD,CH,RS,"['AC', 'TD', 'CH', 'RS']",AC + TD,CH + RS,AC|TD|CH|RS,"AC,TD||CH,RS",False,True,0.24032979415086456,0.22655924177909453,0.12887857244918874,0.23669190639200952,0.24496001897864828,0.20800695739909136,0.23991647030079866,0.23991647030079866,0.26008352969920134
TD,TT,NS,RS,"['TD', 'TT', 'NS', 'RS']",TD + TT,NS + RS,TD|TT|NS|RS,"NS,RS||TD,TT",False,False,0.44753853943178407,0.44637096727712305,0.01044427631065365,0.21165322307007212,0.28266415351165847,0.5560327100742963,0.23934748594229077,0.23934748594229077,0.26065251405770923
TT,AC,CH,FZ,"['TT', 'AC', 'CH', 'FZ']",TT + AC,CH + FZ,TT|AC|CH|FZ,"AC,TT||CH,FZ",False,True,0.12864908821921167,0.06551637528555636,0.020110243093639027,0.276834766270478,0.17988432133297305,0.15420646726586412,0.23902409274485104,0.23902409274485104,0.26097590725514896
RS,SY,TT,NS,"['RS', 'SY', 'TT', 'NS']",RS + SY,TT + NS,RS|SY|TT|NS,"NS,TT||RS,SY",False,False,0.300935164197222,0.30068512914301865,0.33791871107238547,0.2555454223666818,0.21221336453311088,0.2719664088996514,0.23864591981158914,0.23864591981158914,0.2613540801884109
NS,SY,TD,CH,"['NS', 'SY', 'TD', 'CH']",NS + SY,TD + CH,NS|SY|TD|CH,"CH,TD||NS,SY",False,True,0.7053153180715555,0.8162323460879874,0.27593942676600924,0.66589699145297,0.911150600629902,0.8665696645813225,0.7615458990319735,0.7615458990319735,0.26154589903197345
SY,TD,AC,FZ,"['SY', 'TD', 'AC', 'FZ']",SY + TD,AC + FZ,SY|TD|AC|FZ,"AC,FZ||SY,TD",False,False,0.21188155695405436,0.1604379320531486,0.048204596425723896,0.2858914388628083,0.16377522852010795,0.23029574987196805,0.23826611682915516,0.23826611682915516,0.26173388317084484
TD,SY,TT,NS,"['TD', 'SY', 'TT', 'NS']",TD + SY,TT + NS,TD|SY|TT|NS,"NS,TT||SY,TD",False,False,0.2679644995432968,0.2794937958554706,0.16408515598928633,0.24835527250674944,0.22188652012902424,0.2571461190810548,0.2380324590794366,0.2380324590794366,0.2619675409205634
CH,RS,NS,TT,"['CH', 'RS', 'NS', 'TT']",CH + RS,NS + TT,CH|RS|NS|TT,"CH,RS||NS,TT",False,False,0.3621852982567289,0.3100613808726984,0.2711191439791424,0.2851400761533593,0.1643436362327779,0.26781833425522705,0.23802946458433255,0.23802946458433255,0.26197053541566745
NS,TD,AC,FZ,"['NS', 'TD', 'AC', 'FZ']",NS + TD,AC + FZ,NS|TD|AC|FZ,"AC,FZ||NS,TD",True,True,0.19625816697026077,0.10329633848859726,0.11630360068854315,0.29720211333611546,0.145381547079023,0.1734072836377763,0.2379920924958494,0.2379920924958494,0.2620079075041506
TD,CH,RS,FZ,"['TD', 'CH', 'RS', 'FZ']",TD + CH,RS + FZ,TD|CH|RS|FZ,"CH,TD||FZ,RS",False,True,0.33969412411836575,0.31166651598218353,0.321838673221998,0.31432697928471165,0.1183896233765897,0.37460508507243545,0.2379114104805441,0.2379114104805441,0.2620885895194559
NS,TD,AC,TT,"['NS', 'TD', 'AC', 'TT']",NS + TD,AC + TT,NS|TD|AC|TT,"AC,TT||NS,TD",False,False,0.38092185915840127,0.32433816474092186,0.20129970219580573,0.20930967224742453,0.28211348823472315,0.2411354265828895,0.237703160482471,0.237703160482471,0.262296839517529
RS,SY,TT,AC,"['RS', 'SY', 'TT', 'AC']",RS + SY,TT + AC,RS|SY|TT|AC,"AC,TT||RS,SY",False,False,0.44342204938254404,0.4495841043551797,0.3111859852446616,0.23174652935931647,0.2468847796364522,0.33730612992930614,0.2376504469673994,0.2376504469673994,0.2623495530326006
TT,CH,NS,RS,"['TT', 'CH', 'NS', 'RS']",TT + CH,NS + RS,TT|CH|NS|RS,"CH,TT||NS,RS",False,False,0.7878907252569363,0.8615490671550556,0.2359673883958208,0.7232681848039991,0.8248282108260331,0.7860987869843303,0.7628765949525924,0.7628765949525924,0.2628765949525924
SY,TD,AC,NS,"['SY', 'TD', 'AC', 'NS']",SY + TD,AC + NS,SY|TD|AC|NS,"AC,NS||SY,TD",False,False,0.39223998550275097,0.39616774681471867,0.01594160824878035,0.21319838100489702,0.2732595786184482,0.33584674638650824,0.23662224807418197,0.23662224807418197,0.263377751925818
TT,AC,SY,CH,"['TT', 'AC', 'SY', 'CH']",TT + AC,SY + CH,TT|AC|SY|CH,"AC,TT||CH,SY",False,False,0.2435217026467277,0.14868830492747875,0.0957303911104889,0.29675336200062025,0.14216055715491557,0.239640416755804,0.23646216811079543,0.23646216811079543,0.26353783188920454
RS,SY,AC,TT,"['RS', 'SY', 'AC', 'TT']",RS + SY,AC + TT,RS|SY|AC|TT,"AC,TT||RS,SY",False,False,0.44342204938254404,0.4495841043551797,0.28917010590546316,0.22947172777201488,0.2468651297985123,0.3792251928454586,0.23625515456234886,0.23625515456234886,0.26374484543765114
AC,TD,RS,CH,"['AC', 'TD', 'RS', 'CH']",AC + TD,RS + CH,AC|TD|RS|CH,"AC,TD||CH,RS",False,True,0.24032979415086456,0.22655924177909453,0.07201246822702922,0.22017843424447062,0.26124162050524985,0.21839957745698524,0.23619307688617452,0.23619307688617452,0.2638069231138255
SY,TD,NS,TT,"['SY', 'TD', 'NS', 'TT']",SY + TD,NS + TT,SY|TD|NS|TT,"NS,TT||SY,TD",False,False,0.2679644995432968,0.2794937958554706,0.12465454620748809,0.25417820004348307,0.20639148572326815,0.25078167312196714,0.23554138145859926,0.23554138145859926,0.26445861854140074
TT,SY,RS,AC,"['TT', 'SY', 'RS', 'AC']",TT + SY,RS + AC,TT|SY|RS|AC,"AC,RS||SY,TT",False,False,0.8390078502309325,0.9265659286169399,0.7027765094084759,0.659313569069033,0.9307361037902366,0.8711977439347619,0.7651683576103024,0.7651683576103024,0.26516835761030244
SY,AC,FZ,TT,"['SY', 'AC', 'FZ', 'TT']",SY + AC,FZ + TT,SY|AC|FZ|TT,"AC,SY||FZ,TT",False,True,0.20643385927030397,0.21557646711629702,0.057758753751234904,0.2641598559583586,0.18894064729601337,0.24840688162596766,0.23482436458004396,0.23482436458004396,0.26517563541995604
TD,SY,AC,FZ,"['TD', 'SY', 'AC', 'FZ']",TD + SY,AC + FZ,TD|SY|AC|FZ,"AC,FZ||SY,TD",False,False,0.21188155695405436,0.1604379320531486,0.048204596425723896,0.28580112687594456,0.15457430316019682,0.24341401542016192,0.23462266562680295,0.23462266562680295,0.26537733437319705
NS,TD,CH,SY,"['NS', 'TD', 'CH', 'SY']",NS + TD,CH + SY,NS|TD|CH|SY,"CH,SY||NS,TD",False,True,0.16532833585053622,0.06756295464221489,0.18189327917662096,0.21936338895045818,0.2579148183810506,0.1747419604720414,0.23439844642838925,0.23439844642838925,0.26560155357161075
AC,CH,FZ,TT,"['AC', 'CH', 'FZ', 'TT']",AC + CH,FZ + TT,AC|CH|FZ|TT,"AC,CH||FZ,TT",True,True,0.2554791566819749,0.2232914996913622,0.013747247449289901,0.2382860092971597,0.22818083818686477,0.27151048682460843,0.23434499256414468,0.23434499256414468,0.26565500743585535
TD,SY,NS,TT,"['TD', 'SY', 'NS', 'TT']",TD + SY,NS + TT,TD|SY|NS|TT,"NS,TT||SY,TD",False,False,0.2679644995432968,0.2794937958554706,0.15020696745284667,0.2486901607838921,0.2114863881978764,0.2583877804827118,0.23418068947534598,0.23418068947534598,0.265819310524654
CH,TT,NS,RS,"['CH', 'TT', 'NS', 'RS']",CH + TT,NS + RS,CH|TT|NS|RS,"CH,TT||NS,RS",False,False,0.7878907252569363,0.8615490671550556,0.48790953189215497,0.7349570392931633,0.8146303167614178,0.7942585081630115,0.7660296175057826,0.7660296175057826,0.2660296175057826
CH,TD,TT,FZ,"['CH', 'TD', 'TT', 'FZ']",CH + TD,TT + FZ,CH|TD|TT|FZ,"CH,TD||FZ,TT",False,True,0.16746060221711084,0.09880134282992609,0.07445711463566967,0.25457334251780667,0.20055256103039473,0.15879652601282773,0.23350523773771603,0.23350523773771603,0.26649476226228397
AC,SY,FZ,NS,"['AC', 'SY', 'FZ', 'NS']",AC + SY,FZ + NS,AC|SY|FZ|NS,"AC,SY||FZ,NS",True,True,0.19860245960516204,0.19361092251198075,0.011947345600489847,0.19325893266256677,0.2964139893608161,0.207850877054942,0.233489404774884,0.233489404774884,0.266510595225116
TT,AC,FZ,SY,"['TT', 'AC', 'FZ', 'SY']",TT + AC,FZ + SY,TT|AC|FZ|SY,"AC,TT||FZ,SY",False,True,0.16301014306235148,0.06993490360249188,0.07705436586021555,0.28473910388429036,0.15313533250877123,0.20763508341828188,0.2334136330478379,0.2334136330478379,0.2665863669521621
AC,NS,SY,TT,"['AC', 'NS', 'SY', 'TT']",AC + NS,SY + TT,AC|NS|SY|TT,"AC,NS||SY,TT",False,True,0.33999994688996366,0.2768211162916473,0.1262381898338681,0.2075050186992121,0.2724507786599671,0.2879084393068066,0.23283386508390652,0.23283386508390652,0.2671661349160935
NS,SY,CH,TD,"['NS', 'SY', 'CH', 'TD']",NS + SY,CH + TD,NS|SY|CH|TD,"CH,TD||NS,SY",False,True,0.7053153180715555,0.8162323460879874,0.6765817531879224,0.6742596541495881,0.9125358950765371,0.8419161684486237,0.7671873881110982,0.7671873881110982,0.2671873881110982
TT,SY,CH,RS,"['TT', 'SY', 'CH', 'RS']",TT + SY,CH + RS,TT|SY|CH|RS,"CH,RS||SY,TT",False,True,0.659736014331792,0.776816172609839,0.8648845926389527,0.6917981473235332,0.8855641517508364,0.8363654985518016,0.7673668890501815,0.7673668890501815,0.26736688905018147
SY,NS,TT,AC,"['SY', 'NS', 'TT', 'AC']",SY + NS,TT + AC,SY|NS|TT|AC,"AC,TT||NS,SY",False,False,0.6814155625452653,0.7713505679668694,0.9724720413388991,0.7436250475248598,0.804731503167054,0.8128505630603636,0.7674565652253156,0.7674565652253156,0.2674565652253156
SY,NS,AC,TT,"['SY', 'NS', 'AC', 'TT']",SY + NS,AC + TT,SY|NS|AC|TT,"AC,TT||NS,SY",False,False,0.6814155625452653,0.7713505679668694,0.9677103976873216,0.7483193115941238,0.7980791733406059,0.8054625859059391,0.7677256576752518,0.7677256576752518,0.2677256576752518
TT,AC,NS,SY,"['TT', 'AC', 'NS', 'SY']",TT + AC,NS + SY,TT|AC|NS|SY,"AC,TT||NS,SY",False,False,0.3185844374547348,0.2286494320331306,0.11991761737134685,0.30229633009726387,0.12225320282917884,0.22957745835635435,0.2320795104627107,0.2320795104627107,0.2679204895372893
SY,TD,NS,AC,"['SY', 'TD', 'NS', 'AC']",SY + TD,NS + AC,SY|TD|NS|AC,"AC,NS||SY,TD",False,False,0.39223998550275097,0.39616774681471867,0.01594160824878035,0.21585935292062333,0.2566597588578517,0.33356984814231694,0.23177151123614237,0.23177151123614237,0.26822848876385763
SY,RS,TT,NS,"['SY', 'RS', 'TT', 'NS']",SY + RS,TT + NS,SY|RS|TT|NS,"NS,TT||RS,SY",False,False,0.300935164197222,0.30068512914301865,0.2913830054656092,0.25356619972151084,0.19690357203626752,0.2656653388550666,0.23146777492426596,0.23146777492426596,0.26853222507573404
NS,TD,FZ,AC,"['NS', 'TD', 'FZ', 'AC']",NS + TD,FZ + AC,NS|TD|FZ|AC,"AC,FZ||NS,TD",False,True,0.19625816697026077,0.10329633848859726,0.12083171153571913,0.28206339640409145,0.15225621805579248,0.18460754652131325,0.23143859684825485,0.23143859684825485,0.26856140315174515
RS,CH,AC,TT,"['RS', 'CH', 'AC', 'TT']",RS + CH,AC + TT,RS|CH|AC|TT,"AC,TT||CH,RS",False,True,0.5124153455179257,0.4607089177652351,0.30253818729704757,0.2381590798937615,0.22060036568723412,0.3568834351257192,0.23131118135321582,0.23131118135321582,0.2686888186467842
NS,SY,RS,CH,"['NS', 'SY', 'RS', 'CH']",NS + SY,RS + CH,NS|SY|RS|CH,"CH,RS||NS,SY",False,False,0.6705366408978088,0.799050271306887,0.8490540102604556,0.6899739458496719,0.8918496750718734,0.8313399834513574,0.7687054802463305,0.7687054802463305,0.26870548024633045
TT,AC,SY,NS,"['TT', 'AC', 'SY', 'NS']",TT + AC,SY + NS,TT|AC|SY|NS,"AC,TT||NS,SY",False,False,0.3185844374547348,0.2286494320331306,0.11991761737134685,0.2968796634305972,0.12752976438753738,0.23286955611209834,0.23083320280380387,0.23083320280380387,0.26916679719619613
FZ,AC,NS,TD,"['FZ', 'AC', 'NS', 'TD']",FZ + AC,NS + TD,FZ|AC|NS|TD,"AC,FZ||NS,TD",False,True,0.8037418330297392,0.8967036615114028,0.5352441174889452,0.7322010538591569,0.8270685141336289,0.8346463635423046,0.7691993633662011,0.7691993633662011,0.2691993633662011
AC,SY,FZ,CH,"['AC', 'SY', 'FZ', 'CH']",AC + SY,FZ + CH,AC|SY|FZ|CH,"AC,SY||CH,FZ",True,True,0.14576196418542214,0.12210393719621926,0.014168408462885659,0.2001539058125414,0.27734849924853583,0.16498852334400568,0.23025979725257922,0.23025979725257922,0.2697402027474208
TT,AC,SY,FZ,"['TT', 'AC', 'SY', 'FZ']",TT + AC,SY + FZ,TT|AC|SY|FZ,"AC,TT||FZ,SY",False,True,0.16301014306235148,0.06993490360249188,0.04254857178857652,0.27901220268714366,0.1539546529657974,0.21224537616876815,0.2302397582958186,0.2302397582958186,0.2697602417041814
CH,TD,TT,NS,"['CH', 'TD', 'TT', 'NS']",CH + TD,TT + NS,CH|TD|TT|NS,"CH,TD||NS,TT",False,True,0.3256298799234996,0.28851088690624366,0.27630593093934747,0.2788479301096622,0.1541642020560199,0.3471155609205735,0.23022127616874172,0.23022127616874172,0.2697787238312583
TD,TT,RS,NS,"['TD', 'TT', 'RS', 'NS']",TD + TT,RS + NS,TD|TT|RS|NS,"NS,RS||TD,TT",False,False,0.44753853943178407,0.44637096727712305,0.005163415151957208,0.20950105741657665,0.26071303537350154,0.5239211729178628,0.22947372881977735,0.22947372881977735,0.27052627118022265
CH,TD,SY,NS,"['CH', 'TD', 'SY', 'NS']",CH + TD,SY + NS,CH|TD|SY|NS,"CH,TD||NS,SY",False,True,0.29468468192844455,0.18376765391201255,0.31440568708733424,0.2430762103367056,0.20799509588196452,0.21649377846618026,0.2293945756993566,0.2293945756993566,0.2706054243006434
NS,SY,RS,TT,"['NS', 'SY', 'RS', 'TT']",NS + SY,RS + TT,NS|SY|RS|TT,"NS,SY||RS,TT",False,False,0.7562615127951314,0.8859007240679337,0.8268506956392724,0.6943541001946736,0.8903278696003235,0.8551836098185712,0.7707838702628771,0.7707838702628771,0.2707838702628771
CH,SY,NS,TT,"['CH', 'SY', 'NS', 'TT']",CH + SY,NS + TT,CH|SY|NS|TT,"CH,SY||NS,TT",False,True,0.6266575993838795,0.7397554418800466,0.9809794613496478,0.7948546307813522,0.7362631322977814,0.8179471967850506,0.7720039463727596,0.7720039463727596,0.2720039463727596
TD,CH,TT,NS,"['TD', 'CH', 'TT', 'NS']",TD + CH,TT + NS,TD|CH|TT|NS,"CH,TD||NS,TT",True,True,0.3256298799234996,0.28851088690624366,0.3215262895245459,0.27521643660316863,0.1540400623859773,0.34177947684555515,0.22795765065846402,0.22795765065846402,0.272042349341536
NS,TD,TT,AC,"['NS', 'TD', 'TT', 'AC']",NS + TD,TT + AC,NS|TD|TT|AC,"AC,TT||NS,TD",False,False,0.38092185915840127,0.32433816474092186,0.21868374018353692,0.20744268506793737,0.25958059314084153,0.25436538090652816,0.22777646921637001,0.22777646921637001,0.27222353078363
TT,TD,SY,RS,"['TT', 'TD', 'SY', 'RS']",TT + TD,SY + RS,TT|TD|SY|RS,"RS,SY||TD,TT",False,True,0.423884487021677,0.34482813856021965,0.1448409122377861,0.21210664332719933,0.2516569802804888,0.3122743310471609,0.22753127473898221,0.22753127473898221,0.2724687252610178
TT,RS,AC,FZ,"['TT', 'RS', 'AC', 'FZ']",TT + RS,AC + FZ,TT|RS|AC|FZ,"AC,FZ||RS,TT",False,True,0.21480246864033536,0.10174388706097787,0.054739677272157075,0.30936388460155856,0.0992561586061538,0.19398342490662235,0.2274218714633507,0.2274218714633507,0.2725781285366493
RS,CH,TT,AC,"['RS', 'CH', 'TT', 'AC']",RS + CH,TT + AC,RS|CH|TT|AC,"AC,TT||CH,RS",False,True,0.5124153455179257,0.4607089177652351,0.32510635028789375,0.23450648249116413,0.21628382729280105,0.33697061676046053,0.22739964696380255,0.22739964696380255,0.27260035303619745
TD,SY,CH,AC,"['TD', 'SY', 'CH', 'AC']",TD + SY,CH + AC,TD|SY|CH|AC,"AC,CH||SY,TD",False,False,0.30765843929825654,0.2877010557056546,0.06476176388500025,0.20138932705600776,0.26781221208309663,0.2998861669606269,0.2272942522165724,0.2272942522165724,0.2727057477834276
SY,TT,RS,CH,"['SY', 'TT', 'RS', 'CH']",SY + TT,RS + CH,SY|TT|RS|CH,"CH,RS||SY,TT",False,True,0.659736014331792,0.776816172609839,0.9744367657639301,0.7111740066148762,0.8697417187056136,0.8414027090640506,0.7730154143302638,0.7730154143302638,0.2730154143302638
NS,CH,TT,TD,"['NS', 'CH', 'TT', 'TD']",NS + CH,TT + TD,NS|CH|TT|TD,"CH,NS||TD,TT",False,True,0.8279793958728293,0.903420202769886,0.7843235740736259,0.7423535171639624,0.8211970945242211,0.7656905531871259,0.7731025123344633,0.7731025123344633,0.27310251233446325
TT,RS,CH,TD,"['TT', 'RS', 'CH', 'TD']",TT + RS,CH + TD,TT|RS|CH|TD,"CH,TD||RS,TT",False,True,0.4354737651336065,0.3789794896774047,0.020138386323484865,0.26948353489861265,0.15764878109023864,0.2998491080969031,0.22586798091334678,0.22586798091334678,0.2741320190866532
CH,TD,NS,SY,"['CH', 'TD', 'NS', 'SY']",CH + TD,NS + SY,CH|TD|NS|SY,"CH,TD||NS,SY",False,True,0.29468468192844455,0.18376765391201255,0.31440568708733424,0.24182621033670554,0.20087539862948708,0.22006520703760887,0.2258553937708903,0.2258553937708903,0.2741446062291097
AC,TD,RS,TT,"['AC', 'TD', 'RS', 'TT']",AC + TD,RS + TT,AC|TD|RS|TT,"AC,TD||RS,TT",False,False,0.325371596442798,0.35209914435593176,0.008866437737960529,0.21078207512669908,0.24614828364004868,0.28536075662313515,0.22457489644690543,0.22457489644690543,0.2754251035530946
NS,CH,TD,SY,"['NS', 'CH', 'TD', 'SY']",NS + CH,TD + SY,NS|CH|TD|SY,"CH,NS||SY,TD",False,True,0.8063792251304731,0.8310249925930098,0.6454144148434441,0.7375681022701543,0.8354260056551004,0.8717171381417377,0.7757326845902832,0.7757326845902832,0.2757326845902832
RS,SY,NS,TT,"['RS', 'SY', 'NS', 'TT']",RS + SY,NS + TT,RS|SY|NS|TT,"NS,TT||RS,SY",False,False,0.300935164197222,0.30068512914301865,0.31487610049038606,0.25417576518927903,0.17715800988128114,0.27770202836270186,0.22413884061915984,0.22413884061915984,0.27586115938084016
TD,SY,AC,NS,"['TD', 'SY', 'AC', 'NS']",TD + SY,AC + NS,TD|SY|AC|NS,"AC,NS||SY,TD",False,False,0.39223998550275097,0.39616774681471867,0.015971917840530234,0.2006270084119727,0.25942853986506687,0.33473092665242155,0.22355960567867944,0.22355960567867944,0.27644039432132056
TD,CH,NS,SY,"['TD', 'CH', 'NS', 'SY']",TD + CH,NS + SY,TD|CH|NS|SY,"CH,TD||NS,SY",False,True,0.29468468192844455,0.18376765391201255,0.33952219742324685,0.2425096518951471,0.19376606763189144,0.2039930974737117,0.2234996540324774,0.2234996540324774,0.2765003459675226
SY,RS,AC,NS,"['SY', 'RS', 'AC', 'NS']",SY + RS,AC + NS,SY|RS|AC|NS,"AC,NS||RS,SY",False,False,0.43148857422109976,0.4199658360148071,0.07404150952580782,0.21988957975500875,0.22860590481107979,0.37202378510576756,0.22328894652687645,0.22328894652687645,0.2767110534731235
TD,CH,SY,NS,"['TD', 'CH', 'SY', 'NS']",TD + CH,SY + NS,TD|CH|SY|NS,"CH,TD||NS,SY",True,True,0.29468468192844455,0.18376765391201255,0.33952219742324685,0.23754753068302592,0.2005039797874475,0.2018171945261078,0.22310054583375033,0.22310054583375033,0.27689945416624967
TT,AC,FZ,CH,"['TT', 'AC', 'FZ', 'CH']",TT + AC,FZ + CH,TT|AC|FZ|CH,"AC,TT||CH,FZ",False,True,0.12864908821921167,0.06551637528555636,0.022383393609007866,0.2514506832137833,0.1781507532791034,0.1580493955095881,0.22286371053925813,0.22286371053925813,0.27713628946074187
SY,TT,AC,TD,"['SY', 'TT', 'AC', 'TD']",SY + TT,AC + TD,SY|TT|AC|TD,"AC,TD||SY,TT",False,True,0.8597228919314547,0.9350776845477442,0.7811144679106431,0.7060380720568952,0.8890449677650532,0.8176397458245714,0.7774107613830767,0.7774107613830767,0.27741076138307674
AC,SY,NS,FZ,"['AC', 'SY', 'NS', 'FZ']",AC + SY,NS + FZ,AC|SY|NS|FZ,"AC,SY||FZ,NS",False,True,0.19860245960516204,0.19361092251198075,0.007373749592761506,0.1758641673698423,0.29535520245514424,0.21761214816215402,0.22246567105311005,0.22246567105311005,0.27753432894688995
TT,CH,TD,SY,"['TT', 'CH', 'TD', 'SY']",TT + CH,TD + SY,TT|CH|TD|SY,"CH,TT||SY,TD",False,True,0.7986949215698192,0.8108506748730107,0.6412770151420565,0.7414892589894937,0.8342742735687488,0.8612572425816217,0.7776754146754032,0.7776754146754032,0.27767541467540324
AC,TD,TT,RS,"['AC', 'TD', 'TT', 'RS']",AC + TD,TT + RS,AC|TD|TT|RS,"AC,TD||RS,TT",False,False,0.325371596442798,0.35209914435593176,0.015949082166927912,0.21446957512669912,0.23402757140174033,0.24738370732931347,0.2220971936739652,0.2220971936739652,0.2779028063260348
SY,CH,NS,TT,"['SY', 'CH', 'NS', 'TT']",SY + CH,NS + TT,SY|CH|NS|TT,"CH,SY||NS,TT",False,True,0.6266575993838795,0.7397554418800466,0.9809794613496478,0.8134933552997551,0.7222830941261396,0.8273395451773987,0.777921353442045,0.777921353442045,0.27792135344204505
TT,TD,FZ,RS,"['TT', 'TD', 'FZ', 'RS']",TT + TD,FZ + RS,TT|TD|FZ|RS,"FZ,RS||TD,TT",False,False,0.2523089079583712,0.19549345416533592,0.2235484132440569,0.27870905930969536,0.13315223276759197,0.25166941433593887,0.22194189695827504,0.22194189695827504,0.27805810304172496
TD,NS,FZ,AC,"['TD', 'NS', 'FZ', 'AC']",TD + NS,FZ + AC,TD|NS|FZ|AC,"AC,FZ||NS,TD",False,True,0.19625816697026077,0.10329633848859726,0.12083171153571913,0.2781376594426402,0.13308785965925307,0.19072348531573088,0.2215682375271192,0.2215682375271192,0.2784317624728808
TD,CH,NS,TT,"['TD', 'CH', 'NS', 'TT']",TD + CH,NS + TT,TD|CH|NS|TT,"CH,TD||NS,TT",False,True,0.3256298799234996,0.28851088690624366,0.2990965084324326,0.2775278206068071,0.1325462257009174,0.32916420605288005,0.22098499859351012,0.22098499859351012,0.2790150014064899
CH,TD,NS,TT,"['CH', 'TD', 'NS', 'TT']",CH + TD,NS + TT,CH|TD|NS|TT,"CH,TD||NS,TT",False,True,0.3256298799234996,0.28851088690624366,0.25584119453421217,0.2776474093513958,0.13217559420648153,0.33101560592705953,0.22091340144487925,0.22091340144487925,0.27908659855512075
CH,TT,TD,SY,"['CH', 'TT', 'TD', 'SY']",CH + TT,TD + SY,CH|TT|TD|SY,"CH,TT||SY,TD",False,True,0.7986949215698192,0.8108506748730107,0.8465061057216646,0.7513642589894939,0.8230549103171367,0.8687780534560626,0.7793236130072746,0.7793236130072746,0.2793236130072746
AC,TT,CH,FZ,"['AC', 'TT', 'CH', 'FZ']",AC + TT,CH + FZ,AC|TT|CH|FZ,"AC,TT||CH,FZ",True,True,0.12864908821921167,0.06551637528555636,0.005027002068539774,0.23210389683344826,0.202199115436874,0.15282714849418524,0.2204410320887843,0.2204410320887843,0.2795589679112157
AC,FZ,TD,CH,"['AC', 'FZ', 'TD', 'CH']",AC + FZ,TD + CH,AC|FZ|TD|CH,"AC,FZ||CH,TD",False,True,0.7382058408119838,0.8333167645998789,0.06647231364151786,0.6988283460775351,0.9067632466753868,0.82601940338948,0.7799229573106973,0.7799229573106973,0.2799229573106973
AC,FZ,RS,NS,"['AC', 'FZ', 'RS', 'NS']",AC + FZ,RS + NS,AC|FZ|RS|NS,"AC,FZ||NS,RS",False,True,0.7769051568411025,0.8847750683054514,0.05471251524388994,0.7046347438392949,0.897868314452979,0.8146714282833771,0.7799958363786317,0.7799958363786317,0.2799958363786317
AC,FZ,CH,TD,"['AC', 'FZ', 'CH', 'TD']",AC + FZ,CH + TD,AC|FZ|CH|TD,"AC,FZ||CH,TD",True,True,0.7382058408119838,0.8333167645998789,0.2283333060360326,0.6954160986027876,0.9124251902457244,0.849643289513257,0.780049644343533,0.780049644343533,0.28004964434353297
RS,SY,CH,AC,"['RS', 'SY', 'CH', 'AC']",RS + SY,CH + AC,RS|SY|CH|AC,"AC,CH||RS,SY",False,True,0.343223178921488,0.3092251618274582,0.16545294334054944,0.21523397972326802,0.22700046495707457,0.3497787993328966,0.21982290896445256,0.21982290896445256,0.28017709103554744
FZ,AC,TD,NS,"['FZ', 'AC', 'TD', 'NS']",FZ + AC,TD + NS,FZ|AC|TD|NS,"AC,FZ||NS,TD",False,True,0.8037418330297392,0.8967036615114028,0.20456497709867388,0.7345356126826863,0.8518301819513695,0.8279903997786143,0.7802804946974727,0.7802804946974727,0.28028049469747274
NS,TD,SY,CH,"['NS', 'TD', 'SY', 'CH']",NS + TD,SY + CH,NS|TD|SY|CH,"CH,SY||NS,TD",False,True,0.16532833585053622,0.06756295464221489,0.12283727033021212,0.19591329750242456,0.2567553465883139,0.1795960406576009,0.2196416966459214,0.2196416966459214,0.28035830335407863
SY,TT,CH,RS,"['SY', 'TT', 'CH', 'RS']",SY + TT,CH + RS,SY|TT|CH|RS,"CH,RS||SY,TT",True,True,0.659736014331792,0.776816172609839,0.9629172473227674,0.7229547928546178,0.8712184247691339,0.8427539815693839,0.780777609301279,0.780777609301279,0.28077760930127904
SY,CH,TD,FZ,"['SY', 'CH', 'TD', 'FZ']",SY + CH,TD + FZ,SY|CH|TD|FZ,"CH,SY||FZ,TD",False,True,0.6777367737100335,0.777936819169567,0.9356946077108933,0.7113373583687731,0.890315346738596,0.8658223845525777,0.781138773833004,0.781138773833004,0.281138773833004
SY,NS,RS,CH,"['SY', 'NS', 'RS', 'CH']",SY + NS,RS + CH,SY|NS|RS|CH,"CH,RS||NS,SY",False,False,0.6705366408978088,0.799050271306887,0.9621364604159683,0.7174762037636404,0.8810634031765243,0.824633796605033,0.7812752115346652,0.7812752115346652,0.28127521153466517
SY,NS,TD,CH,"['SY', 'NS', 'TD', 'CH']",SY + NS,TD + CH,SY|NS|TD|CH,"CH,TD||NS,SY",False,True,0.7053153180715555,0.8162323460879874,0.6525444549581068,0.703845677938367,0.9026506264550713,0.8543503112561138,0.7813796078598817,0.7813796078598817,0.2813796078598817
NS,TD,TT,CH,"['NS', 'TD', 'TT', 'CH']",NS + TD,TT + CH,NS|TD|TT|CH,"CH,TT||NS,TD",True,True,0.18627723215593833,0.12492024470650687,0.11189957639519953,0.2854319404011474,0.11372680221729765,0.22402716485413873,0.21846693650944599,0.21846693650944599,0.281533063490554
SY,RS,NS,TT,"['SY', 'RS', 'NS', 'TT']",SY + RS,NS + TT,SY|RS|NS|TT,"NS,TT||RS,SY",False,False,0.300935164197222,0.30068512914301865,0.2702185368352367,0.25247630444887,0.16499764386218438,0.26747536310379016,0.2183596268200626,0.2183596268200626,0.2816403731799374
SY,RS,CH,AC,"['SY', 'RS', 'CH', 'AC']",SY + RS,CH + AC,SY|RS|CH|AC,"AC,CH||RS,SY",False,True,0.343223178921488,0.3092251618274582,0.16545294334054944,0.21649285231619228,0.22116681034869426,0.33915346021286946,0.21831569594886804,0.21831569594886804,0.281684304051132
NS,TD,AC,SY,"['NS', 'TD', 'AC', 'SY']",NS + TD,AC + SY,NS|TD|AC|SY,"AC,SY||NS,TD",False,True,0.3474292322650231,0.2123165594006336,0.13878247220379084,0.17971906242137262,0.2784403156259471,0.2764080947378092,0.21822035117115668,0.21822035117115668,0.2817796488288433
CH,NS,TT,TD,"['CH', 'NS', 'TT', 'TD']",CH + NS,TT + TD,CH|NS|TT|TD,"CH,NS||TD,TT",False,True,0.8279793958728293,0.903420202769886,0.7923600845066108,0.763215274318528,0.8109989009893334,0.7875696351063729,0.7818508887201421,0.7818508887201421,0.2818508887201421
TT,CH,RS,SY,"['TT', 'CH', 'RS', 'SY']",TT + CH,RS + SY,TT|CH|RS|SY,"CH,TT||RS,SY",False,True,0.7713644372882595,0.7934226446934883,0.6736428689443641,0.7469890640617761,0.8364047948800056,0.8489161100351493,0.7818611990808857,0.7818611990808857,0.2818611990808857
NS,SY,RS,AC,"['NS', 'SY', 'RS', 'AC']",NS + SY,RS + AC,NS|SY|RS|AC,"AC,RS||NS,SY",False,False,0.8454510802295562,0.9368411767684761,0.49098944094833197,0.6670609020798449,0.9614614345121775,0.8653744327927799,0.7818771097284546,0.7818771097284546,0.2818771097284546
TD,AC,SY,RS,"['TD', 'AC', 'SY', 'RS']",TD + AC,SY + RS,TD|AC|SY|RS,"AC,TD||RS,SY",False,False,0.2944402268114414,0.23591909827877655,0.04675552187158029,0.19187433760732442,0.25907237618179585,0.27321252792644013,0.2180815726513683,0.2180815726513683,0.2819184273486317
TT,RS,TD,CH,"['TT', 'RS', 'TD', 'CH']",TT + RS,TD + CH,TT|RS|TD|CH,"CH,TD||RS,TT",True,True,0.4354737651336065,0.3789794896774047,0.04626081951615461,0.27120740730523063,0.13421934090831775,0.31479393368338526,0.2177820614104346,0.2177820614104346,0.2822179385895654
TD,CH,TT,FZ,"['TD', 'CH', 'TT', 'FZ']",TD + CH,TT + FZ,TD|CH|TT|FZ,"CH,TD||FZ,TT",False,True,0.16746060221711084,0.09880134282992609,0.06347375311161713,0.2401631655629602,0.18273185372817008,0.16620075885077362,0.21776495394739204,0.21776495394739204,0.28223504605260796
TD,SY,NS,AC,"['TD', 'SY', 'NS', 'AC']",TD + SY,NS + AC,TD|SY|NS|AC,"AC,NS||SY,TD",False,False,0.39223998550275097,0.39616774681471867,0.015971917840530234,0.2020379803276991,0.24154543576508566,0.3304048180808244,0.21744588794827985,0.21744588794827985,0.28255411205172015
NS,SY,CH,RS,"['NS', 'SY', 'CH', 'RS']",NS + SY,CH + RS,NS|SY|CH|RS,"CH,RS||NS,SY",False,False,0.6705366408978088,0.799050271306887,0.97094752344864,0.709690465473676,0.8974822222673688,0.8177577203943209,0.7829292506232162,0.7829292506232162,0.28292925062321617
CH,TT,RS,SY,"['CH', 'TT', 'RS', 'SY']",CH + TT,RS + SY,CH|TT|RS|SY,"CH,TT||RS,SY",False,True,0.7713644372882595,0.7934226446934883,0.8642741979206314,0.7551973973951095,0.8264469102675226,0.8516662687110602,0.7829847074153506,0.7829847074153506,0.28298470741535064
NS,SY,TD,AC,"['NS', 'SY', 'TD', 'AC']",NS + SY,TD + AC,NS|SY|TD|AC,"AC,TD||NS,SY",False,True,0.8654699988000911,0.9444358446885908,0.23290059260146412,0.6677384091831284,0.9640106391517179,0.8405701141569186,0.7832845788708783,0.7832845788708783,0.2832845788708783
CH,SY,TD,FZ,"['CH', 'SY', 'TD', 'FZ']",CH + SY,TD + FZ,CH|SY|TD|FZ,"CH,SY||FZ,TD",False,True,0.6777367737100335,0.777936819169567,0.9356946077108933,0.7112933928515318,0.8959523548454524,0.8686195608574737,0.7833103880291609,0.7833103880291609,0.28331038802916086
NS,RS,AC,FZ,"['NS', 'RS', 'AC', 'FZ']",NS + RS,AC + FZ,NS|RS|AC|FZ,"AC,FZ||NS,RS",False,True,0.22309484315889747,0.11522493169454856,0.10345577377706336,0.29046338310589276,0.10110040339348465,0.1786685998415545,0.2166118210180536,0.2166118210180536,0.2833881789819464
RS,SY,AC,NS,"['RS', 'SY', 'AC', 'NS']",RS + SY,AC + NS,RS|SY|AC|NS,"AC,NS||RS,SY",False,False,0.43148857422109976,0.4199658360148071,0.07424894323887975,0.21083292723930452,0.22510336308892379,0.3676111087395838,0.216398397220656,0.216398397220656,0.283601602779344
NS,FZ,CH,TT,"['NS', 'FZ', 'CH', 'TT']",NS + FZ,CH + TT,NS|FZ|CH|TT,"CH,TT||FZ,NS",False,True,0.6343738109678368,0.6957019981882497,0.9892369827259179,0.7323214377414046,0.8638164072320534,0.7714820250709868,0.7836044758427576,0.7836044758427576,0.2836044758427576
AC,TD,NS,RS,"['AC', 'TD', 'NS', 'RS']",AC + TD,NS + RS,AC|TD|NS|RS,"AC,TD||NS,RS",False,False,0.31481810979045444,0.3245071293458516,0.0042822716740733655,0.1735172374251897,0.2828385632245223,0.2702553306953751,0.2161525544869294,0.2161525544869294,0.2838474455130706
SY,RS,NS,AC,"['SY', 'RS', 'NS', 'AC']",SY + RS,NS + AC,SY|RS|NS|AC,"AC,NS||RS,SY",False,False,0.43148857422109976,0.4199658360148071,0.07404150952580782,0.2201695992897827,0.2098494723586041,0.3609405958312251,0.216144749786623,0.216144749786623,0.283855250213377
NS,CH,RS,TT,"['NS', 'CH', 'RS', 'TT']",NS + CH,RS + TT,NS|CH|RS|TT,"CH,NS||RS,TT",False,False,0.8036473313718572,0.8920511243636122,0.9081916885614568,0.7291992942170153,0.8694160180352731,0.8517377637651493,0.7838838165061359,0.7838838165061359,0.2838838165061359
AC,RS,SY,TD,"['AC', 'RS', 'SY', 'TD']",AC + RS,SY + TD,AC|RS|SY|TD,"AC,RS||SY,TD",False,False,0.36594241957210116,0.2746271968770635,0.3912339561264943,0.22969532809010126,0.19474627093750918,0.25631201390054187,0.21606519580059036,0.21606519580059036,0.28393480419940964
TT,TD,RS,FZ,"['TT', 'TD', 'RS', 'FZ']",TT + TD,RS + FZ,TT|TD|RS|FZ,"FZ,RS||TD,TT",False,False,0.2523089079583712,0.19549345416533592,0.13869668758368559,0.2742879959205334,0.12483217103134721,0.2537811837347787,0.21600022421375076,0.21600022421375076,0.28399977578624924
TT,TD,RS,SY,"['TT', 'TD', 'RS', 'SY']",TT + TD,RS + SY,TT|TD|RS|SY,"RS,SY||TD,TT",False,True,0.423884487021677,0.34482813856021965,0.08432490211384787,0.21169945929026082,0.22251918351744152,0.32321719895537493,0.21591915173886128,0.21591915173886128,0.2840808482611387
SY,TD,FZ,TT,"['SY', 'TD', 'FZ', 'TT']",SY + TD,FZ + TT,SY|TD|FZ|TT,"FZ,TT||SY,TD",False,True,0.132309726677926,0.09465841984183526,0.029913004266768635,0.20598937067894751,0.23083008014251466,0.16325261022393633,0.2156772473697387,0.2156772473697387,0.2843227526302613
FZ,AC,CH,TD,"['FZ', 'AC', 'CH', 'TD']",FZ + AC,CH + TD,FZ|AC|CH|TD,"AC,FZ||CH,TD",False,True,0.7382058408119838,0.8333167645998789,0.5224811809011295,0.7201768745378223,0.8847893963570244,0.8450547212855671,0.7843757580473111,0.7843757580473111,0.2843757580473111
TD,NS,AC,TT,"['TD', 'NS', 'AC', 'TT']",TD + NS,AC + TT,TD|NS|AC|TT,"AC,TT||NS,TD",False,False,0.38092185915840127,0.32433816474092186,0.20129970219580573,0.20224980830184636,0.23628985744754988,0.24594923688241416,0.21552542746867073,0.21552542746867073,0.28447457253132924
CH,SY,TT,NS,"['CH', 'SY', 'TT', 'NS']",CH + SY,TT + NS,CH|SY|TT|NS,"CH,SY||NS,TT",False,True,0.6266575993838795,0.7397554418800466,0.9838170813789465,0.7904095310676567,0.7764051017443598,0.800252991800896,0.7849478036315709,0.7849478036315709,0.2849478036315709
RS,SY,AC,CH,"['RS', 'SY', 'AC', 'CH']",RS + SY,AC + CH,RS|SY|AC|CH,"AC,CH||RS,SY",False,True,0.343223178921488,0.3092251618274582,0.15530582928420855,0.21320441806395196,0.21760452066241853,0.3286826950721536,0.2149204580773539,0.2149204580773539,0.28507954192264606
NS,RS,TT,CH,"['NS', 'RS', 'TT', 'CH']",NS + RS,TT + CH,NS|RS|TT|CH,"CH,TT||NS,RS",False,False,0.21210927474306374,0.1384509328449443,0.14348507816305725,0.2927100802682952,0.09310721698799815,0.20301684484479668,0.21486496358897933,0.21486496358897933,0.28513503641102067
NS,TD,CH,TT,"['NS', 'TD', 'CH', 'TT']",NS + TD,CH + TT,NS|TD|CH|TT,"CH,TT||NS,TD",False,True,0.18627723215593833,0.12492024470650687,0.10040745983765646,0.28212019433172686,0.10857014435248866,0.22380777321086165,0.21443567483982395,0.21443567483982395,0.28556432516017605
NS,RS,FZ,AC,"['NS', 'RS', 'FZ', 'AC']",NS + RS,FZ + AC,NS|RS|FZ|AC,"AC,FZ||NS,RS",False,True,0.22309484315889747,0.11522493169454856,0.1075445482328124,0.2859218518223216,0.10262225047469954,0.187770109801889,0.214435007296749,0.214435007296749,0.285564992703251
SY,NS,CH,TD,"['SY', 'NS', 'CH', 'TD']",SY + NS,CH + TD,SY|NS|CH|TD,"CH,TD||NS,SY",True,True,0.7053153180715555,0.8162323460879874,0.9115769346075401,0.7104469769986216,0.9039560126401843,0.8509159754870567,0.785915500898831,0.785915500898831,0.285915500898831
NS,FZ,TT,CH,"['NS', 'FZ', 'TT', 'CH']",NS + FZ,TT + CH,NS|FZ|TT|CH,"CH,TT||FZ,NS",False,True,0.6343738109678368,0.6957019981882497,0.9921511858184628,0.7303881044080712,0.8728981958021239,0.7658614396064167,0.7859670400517518,0.7859670400517518,0.2859670400517518
TD,NS,AC,FZ,"['TD', 'NS', 'AC', 'FZ']",TD + NS,AC + FZ,TD|NS|AC|FZ,"AC,FZ||NS,TD",True,True,0.19625816697026077,0.10329633848859726,0.08248816701033582,0.2731298118878455,0.12141537651610057,0.15853968462193133,0.213961182092865,0.213961182092865,0.28603881790713503
TT,RS,FZ,AC,"['TT', 'RS', 'FZ', 'AC']",TT + RS,FZ + AC,TT|RS|FZ|AC,"AC,FZ||RS,TT",False,True,0.21480246864033536,0.10174388706097787,0.0543550878750927,0.2912937216905733,0.09272816310464888,0.18305388794873684,0.21385315384206277,0.21385315384206277,0.28614684615793723
NS,SY,TD,TT,"['NS', 'SY', 'TD', 'TT']",NS + SY,TD + TT,NS|SY|TD|TT,"NS,SY||TD,TT",False,False,0.7848939087565723,0.8976893158056696,0.6250211487042723,0.6934869091939077,0.9316199631398809,0.8557195807501902,0.7863588002328372,0.7863588002328372,0.2863588002328372
FZ,AC,TD,CH,"['FZ', 'AC', 'TD', 'CH']",FZ + AC,TD + CH,FZ|AC|TD|CH,"AC,FZ||CH,TD",False,True,0.7382058408119838,0.8333167645998789,0.20842367171123183,0.7225727078711556,0.8871343871956463,0.8651660795946974,0.786751762807707,0.786751762807707,0.286751762807707
TT,SY,RS,TD,"['TT', 'SY', 'RS', 'TD']",TT + SY,RS + TD,TT|SY|RS|TD,"RS,TD||SY,TT",False,True,0.8988941111758777,0.9754121576252062,0.733539362620687,0.6761573378300713,0.9606442401242089,0.8415747755470706,0.787107229724785,0.787107229724785,0.287107229724785
SY,RS,AC,CH,"['SY', 'RS', 'AC', 'CH']",SY + RS,AC + CH,SY|RS|AC|CH,"AC,CH||RS,SY",False,True,0.343223178921488,0.3092251618274582,0.15530582928420855,0.2125882906568762,0.21292039103726976,0.32860593770253915,0.2127178098052297,0.2127178098052297,0.2872821901947703
AC,NS,TT,FZ,"['AC', 'NS', 'TT', 'FZ']",AC + NS,TT + FZ,AC|NS|TT|FZ,"AC,NS||FZ,TT",True,True,0.19111475435414121,0.14495479900162123,0.016741832746279398,0.23326033596883622,0.1796333035335972,0.20905281047098442,0.21234579331909298,0.21234579331909298,0.287654206680907
AC,RS,TD,SY,"['AC', 'RS', 'TD', 'SY']",AC + RS,TD + SY,AC|RS|TD|SY,"AC,RS||SY,TD",False,False,0.36594241957210116,0.2746271968770635,0.22794178489811961,0.2285343561743749,0.18604074505236917,0.2602681996775354,0.21196184783679267,0.21196184783679267,0.28803815216320733
AC,TD,RS,NS,"['AC', 'TD', 'RS', 'NS']",AC + TD,RS + NS,AC|TD|RS|NS,"AC,TD||NS,RS",False,False,0.31481810979045444,0.3245071293458516,0.002113697010191199,0.1711062655094634,0.2744824803302283,0.2526011691271027,0.2114229892895617,0.2114229892895617,0.2885770107104383
NS,SY,RS,TD,"['NS', 'SY', 'RS', 'TD']",NS + SY,RS + TD,NS|SY|RS|TD,"NS,SY||RS,TD",False,False,0.9032170494013673,0.9796100317807835,0.5277027246806839,0.6667342991946515,0.9798745929931251,0.8576153148036337,0.7888590137760563,0.7888590137760563,0.2888590137760563
FZ,NS,CH,TT,"['FZ', 'NS', 'CH', 'TT']",FZ + NS,CH + TT,FZ|NS|CH|TT,"CH,TT||FZ,NS",True,True,0.6343738109678368,0.6957019981882497,0.9892369827259179,0.7494839767049736,0.8508496242725464,0.8163008674404038,0.789016579256327,0.789016579256327,0.28901657925632696
SY,NS,CH,RS,"['SY', 'NS', 'CH', 'RS']",SY + NS,CH + RS,SY|NS|CH|RS,"CH,RS||NS,SY",False,False,0.6705366408978088,0.799050271306887,0.9934201101354698,0.7264432645131857,0.8870769535528156,0.8248743537299192,0.7890904032386414,0.7890904032386414,0.28909040323864144
TT,TD,AC,FZ,"['TT', 'TD', 'AC', 'FZ']",TT + TD,AC + FZ,TT|TD|AC|FZ,"AC,FZ||TD,TT",False,False,0.1887209949615435,0.0908579323185677,0.11169556413454192,0.28531416798225945,0.09338538979961307,0.16030513511098604,0.21046194449102734,0.21046194449102734,0.28953805550897266
TD,AC,RS,SY,"['TD', 'AC', 'RS', 'SY']",TD + AC,RS + SY,TD|AC|RS|SY,"AC,TD||RS,SY",False,False,0.2944402268114414,0.23591909827877655,0.03186783442753168,0.1947337483085088,0.23470105602441138,0.2693619010187104,0.21032099831771078,0.21032099831771078,0.2896790016822892
FZ,AC,RS,NS,"['FZ', 'AC', 'RS', 'NS']",FZ + AC,RS + NS,FZ|AC|RS|NS,"AC,FZ||NS,RS",False,True,0.7769051568411025,0.8847750683054514,0.17682337008360283,0.7327902867720378,0.8788289876593092,0.8540956349110763,0.7897453801180736,0.7897453801180736,0.2897453801180736
AC,FZ,RS,CH,"['AC', 'FZ', 'RS', 'CH']",AC + FZ,RS + CH,AC|FZ|RS|CH,"AC,FZ||CH,RS",False,True,0.7056891474813696,0.8170451743884783,0.27333436990431664,0.7221288297454405,0.895552833800867,0.8161261921625187,0.7897641913270568,0.7897641913270568,0.2897641913270568
SY,TT,RS,AC,"['SY', 'TT', 'RS', 'AC']",SY + TT,RS + AC,SY|TT|RS|AC,"AC,RS||SY,TT",False,False,0.8390078502309325,0.9265659286169399,0.9131715439061422,0.7028288592562418,0.9260405886876631,0.8575940188262242,0.7898814337344962,0.7898814337344962,0.28988143373449615
FZ,AC,RS,CH,"['FZ', 'AC', 'RS', 'CH']",FZ + AC,RS + CH,FZ|AC|RS|CH,"AC,FZ||CH,RS",False,True,0.7056891474813696,0.8170451743884783,0.5618238980008727,0.7427407339583274,0.8640951403438072,0.8499179565825854,0.7900689524486646,0.7900689524486646,0.2900689524486646
TT,SY,AC,RS,"['TT', 'SY', 'AC', 'RS']",TT + SY,AC + RS,TT|SY|AC|RS,"AC,RS||SY,TT",False,False,0.8390078502309325,0.9265659286169399,0.6851573731132363,0.6954061331087462,0.9384310437487328,0.8484615205871336,0.790185848258341,0.790185848258341,0.29018584825834104
NS,AC,TT,FZ,"['NS', 'AC', 'TT', 'FZ']",NS + AC,TT + FZ,NS|AC|TT|FZ,"AC,NS||FZ,TT",False,True,0.19111475435414121,0.14495479900162123,0.050760982051938734,0.245279832510689,0.15408166873642923,0.201353302436404,0.20971254863872768,0.20971254863872768,0.2902874513612723
RS,TT,CH,TD,"['RS', 'TT', 'CH', 'TD']",RS + TT,CH + TD,RS|TT|CH|TD,"CH,TD||RS,TT",True,True,0.4354737651336065,0.3789794896774047,0.020198099861756153,0.25250833357663716,0.1421232437593212,0.3049817095721369,0.20945814854788392,0.20945814854788392,0.2905418514521161
AC,FZ,NS,RS,"['AC', 'FZ', 'NS', 'RS']",AC + FZ,NS + RS,AC|FZ|NS|RS,"AC,FZ||NS,RS",False,True,0.7769051568411025,0.8847750683054514,0.22236664515275953,0.7149990486521293,0.9093039551903976,0.8054170378763178,0.7907779622020539,0.7907779622020539,0.2907779622020539
TT,CH,SY,TD,"['TT', 'CH', 'SY', 'TD']",TT + CH,SY + TD,TT|CH|SY|TD,"CH,TT||SY,TD",False,True,0.7986949215698192,0.8108506748730107,0.5519966900364882,0.7506607895181994,0.8536484468222475,0.8614316613124314,0.7908259758667782,0.7908259758667782,0.29082597586677816
RS,SY,NS,AC,"['RS', 'SY', 'NS', 'AC']",RS + SY,NS + AC,RS|SY|NS|AC,"AC,NS||RS,SY",False,False,0.43148857422109976,0.4199658360148071,0.07424894323887975,0.2098629467740785,0.207239833027296,0.3549114647403945,0.20883993241283333,0.20883993241283333,0.29116006758716667
CH,NS,TD,SY,"['CH', 'NS', 'TD', 'SY']",CH + NS,TD + SY,CH|NS|TD|SY,"CH,NS||SY,TD",False,True,0.8063792251304731,0.8310249925930098,0.6563591399700798,0.7701229874181575,0.8244118730477138,0.8876747829254781,0.7912956528136845,0.7912956528136845,0.2912956528136845
AC,SY,FZ,TT,"['AC', 'SY', 'FZ', 'TT']",AC + SY,FZ + TT,AC|SY|FZ|TT,"AC,SY||FZ,TT",False,True,0.20643385927030397,0.21557646711629702,0.014866490616231586,0.1805280940046665,0.25142186806876987,0.23760915512490366,0.20817666588966682,0.20817666588966682,0.2918233341103332
TD,NS,SY,CH,"['TD', 'NS', 'SY', 'CH']",TD + NS,SY + CH,TD|NS|SY|CH,"CH,SY||NS,TD",False,True,0.16532833585053622,0.06756295464221489,0.13567877792397032,0.19244589387430666,0.232530345630749,0.1955467280484379,0.20807883005931918,0.20807883005931918,0.29192116994068085
NS,AC,CH,FZ,"['NS', 'AC', 'CH', 'FZ']",NS + AC,CH + FZ,NS|AC|CH|FZ,"AC,NS||CH,FZ",False,True,0.13418391455376802,0.07530597381706866,0.046355923978335295,0.2626586405296152,0.12256381051918987,0.1504562700527976,0.2080216568255493,0.2080216568255493,0.2919783431744507
TD,NS,CH,SY,"['TD', 'NS', 'CH', 'SY']",TD + NS,CH + SY,TD|NS|CH|SY,"CH,SY||NS,TD",True,True,0.16532833585053622,0.06756295464221489,0.16074290408163353,0.19429467009808288,0.22931747844786277,0.19857122817816528,0.20795356535449705,0.20795356535449705,0.29204643464550295
TD,NS,TT,AC,"['TD', 'NS', 'TT', 'AC']",TD + NS,TT + AC,TD|NS|TT|AC,"AC,TT||NS,TD",False,False,0.38092185915840127,0.32433816474092186,0.21868374018353692,0.19762210683664488,0.22329177829611702,0.2576892065874967,0.20763327870583903,0.20763327870583903,0.29236672129416097
SY,CH,TT,NS,"['SY', 'CH', 'TT', 'NS']",SY + CH,TT + NS,SY|CH|TT|NS,"CH,SY||NS,TT",False,True,0.6266575993838795,0.7397554418800466,0.9838170813789465,0.8096732555860595,0.7653651309690748,0.8160958939450084,0.7923930869854354,0.7923930869854354,0.2923930869854354
SY,NS,RS,TT,"['SY', 'NS', 'RS', 'TT']",SY + NS,RS + TT,SY|NS|RS|TT,"NS,SY||RS,TT",False,False,0.7562615127951314,0.8859007240679337,0.9549037414385937,0.7366366774270051,0.8799162744768416,0.8547970915749097,0.7925157202764413,0.7925157202764413,0.29251572027644135
TD,TT,FZ,RS,"['TD', 'TT', 'FZ', 'RS']",TD + TT,FZ + RS,TD|TT|FZ|RS,"FZ,RS||TD,TT",False,False,0.2523089079583712,0.19549345416533592,0.2235484132440569,0.26715969319961486,0.11358390443100118,0.243903351332458,0.20726513557985551,0.20726513557985551,0.2927348644201445
NS,TD,SY,AC,"['NS', 'TD', 'SY', 'AC']",NS + TD,SY + AC,NS|TD|SY|AC,"AC,SY||NS,TD",False,True,0.3474292322650231,0.2123165594006336,0.13878247220379084,0.18113003433709896,0.2480167908500354,0.2873526744325157,0.20721586937714415,0.20721586937714415,0.29278413062285585
SY,CH,FZ,TD,"['SY', 'CH', 'FZ', 'TD']",SY + CH,FZ + TD,SY|CH|FZ|TD,"CH,SY||FZ,TD",True,True,0.6777367737100335,0.777936819169567,0.9895211090691983,0.734388284294699,0.8853261666621551,0.880875251576226,0.7932540584180069,0.7932540584180069,0.2932540584180069
NS,RS,CH,TT,"['NS', 'RS', 'CH', 'TT']",NS + RS,CH + TT,NS|RS|CH|TT,"CH,TT||NS,RS",False,False,0.21210927474306374,0.1384509328449443,0.11112933547161635,0.28133817536261285,0.08872354129525863,0.19876984861226768,0.2062184680763447,0.2062184680763447,0.2937815319236553
AC,TT,FZ,SY,"['AC', 'TT', 'FZ', 'SY']",AC + TT,FZ + SY,AC|TT|FZ|SY,"AC,TT||FZ,SY",False,True,0.16301014306235148,0.06993490360249188,0.020139243910937472,0.22332378295504557,0.17893876618619958,0.1836322810646426,0.20601362641519563,0.20601362641519563,0.2939863735848044
FZ,NS,TT,CH,"['FZ', 'NS', 'TT', 'CH']",FZ + NS,TT + CH,FZ|NS|TT|CH,"CH,TT||FZ,NS",False,True,0.6343738109678368,0.6957019981882497,0.9921511858184628,0.7509423100383068,0.8613803839586268,0.7956941839673699,0.7940131588672317,0.7940131588672317,0.29401315886723167
TD,TT,SY,RS,"['TD', 'TT', 'SY', 'RS']",TD + TT,SY + RS,TD|TT|SY|RS,"RS,SY||TD,TT",False,True,0.423884487021677,0.34482813856021965,0.1448409122377861,0.2000842677102859,0.21435562999548716,0.3543058889294167,0.20565009900151437,0.20565009900151437,0.2943499009984856
NS,TD,TT,SY,"['NS', 'TD', 'TT', 'SY']",NS + TD,TT + SY,NS|TD|TT|SY,"NS,TD||SY,TT",False,False,0.23193327894954854,0.13168874134230957,0.23445769968665722,0.20276749535603059,0.2095827586967517,0.24978299732927675,0.20542544805891183,0.20542544805891183,0.29457455194108817
FZ,AC,NS,RS,"['FZ', 'AC', 'NS', 'RS']",FZ + AC,NS + RS,FZ|AC|NS|RS,"AC,FZ||NS,RS",False,True,0.7769051568411025,0.8847750683054514,0.5148580179162945,0.7402473946151751,0.8805905397517376,0.8699358702945533,0.7949812212184344,0.7949812212184344,0.2949812212184344
CH,TD,FZ,SY,"['CH', 'TD', 'FZ', 'SY']",CH + TD,FZ + SY,CH|TD|FZ|SY,"CH,TD||FZ,SY",True,True,0.14824232720343192,0.05131919030134751,0.2164915196700412,0.26259498078616667,0.1149467800982711,0.19577712293146346,0.2050121825178874,0.2050121825178874,0.2949878174821126
CH,RS,TT,FZ,"['CH', 'RS', 'TT', 'FZ']",CH + RS,TT + FZ,CH|RS|TT|FZ,"CH,RS||FZ,TT",False,True,0.19129668343008294,0.1103623997081638,0.0868493737474676,0.25974604680329555,0.1193284722139193,0.19041987788298742,0.2049831927134388,0.2049831927134388,0.2950168072865612
TD,NS,CH,TT,"['TD', 'NS', 'CH', 'TT']",TD + NS,CH + TT,TD|NS|CH|TT,"CH,TT||NS,TD",False,True,0.18627723215593833,0.12492024470650687,0.10999525876842466,0.27277779070360897,0.09857327025052863,0.21972366082503822,0.20483802772690762,0.20483802772690762,0.2951619722730924
TT,CH,TD,AC,"['TT', 'CH', 'TD', 'AC']",TT + CH,TD + AC,TT|CH|TD|AC,"AC,TD||CH,TT",False,True,0.8899222447321539,0.9392277291441967,0.4802562321333081,0.7090258961344249,0.9299514300907155,0.9133704385919958,0.7951868543773782,0.7951868543773782,0.29518685437737824
FZ,AC,CH,RS,"['FZ', 'AC', 'CH', 'RS']",FZ + AC,CH + RS,FZ|AC|CH|RS,"AC,FZ||CH,RS",False,True,0.7056891474813696,0.8170451743884783,0.8421704440584185,0.7504620030215083,0.8659689782239676,0.8720050478314488,0.7955097233504674,0.7955097233504674,0.29550972335046743
CH,SY,FZ,TD,"['CH', 'SY', 'FZ', 'TD']",CH + SY,FZ + TD,CH|SY|FZ|TD,"CH,SY||FZ,TD",False,True,0.6777367737100335,0.777936819169567,0.9895211090691983,0.7343443187774576,0.8917334270721219,0.8809887184778704,0.7957260710123767,0.7957260710123767,0.2957260710123767
NS,CH,SY,TD,"['NS', 'CH', 'SY', 'TD']",NS + CH,SY + TD,NS|CH|SY|TD,"CH,NS||SY,TD",True,True,0.8063792251304731,0.8310249925930098,0.5694903519734215,0.7572201539546906,0.8569611393084615,0.8706337755851487,0.7961191382426612,0.7961191382426612,0.29611913824266123
AC,TT,SY,FZ,"['AC', 'TT', 'SY', 'FZ']",AC + TT,SY + FZ,AC|TT|SY|FZ,"AC,TT||FZ,SY",False,True,0.16301014306235148,0.06993490360249188,0.010821823055504854,0.2208468817578989,0.17707355431875182,0.21367197677310412,0.20377528405663153,0.20377528405663153,0.29622471594336847
NS,TD,AC,CH,"['NS', 'TD', 'AC', 'CH']",NS + TD,AC + CH,NS|TD|AC|CH,"AC,CH||NS,TD",False,False,0.2875495042861422,0.20335444248734713,0.07004007982180385,0.1912657093679048,0.22327784640569082,0.26891235591019536,0.20375044281264135,0.20375044281264135,0.2962495571873587
TT,CH,RS,AC,"['TT', 'CH', 'RS', 'AC']",TT + CH,RS + AC,TT|CH|RS|AC,"AC,RS||CH,TT",False,False,0.8730080702342979,0.931094126586554,0.6964593829269594,0.7142747797169577,0.9245665041380722,0.8910746294316713,0.7962885522411924,0.7962885522411924,0.29628855224119244
CH,TT,SY,TD,"['CH', 'TT', 'SY', 'TD']",CH + TT,SY + TD,CH|TT|SY|TD,"CH,TT||SY,TD",False,True,0.7986949215698192,0.8108506748730107,0.7917138202805951,0.7648357551184746,0.8454957841540092,0.8713725700505792,0.7962931664423331,0.7962931664423331,0.29629316644233306
CH,RS,FZ,SY,"['CH', 'RS', 'FZ', 'SY']",CH + RS,FZ + SY,CH|RS|FZ|SY,"CH,RS||FZ,SY",False,False,0.1699011583544873,0.058489419957599834,0.21001405317719504,0.25516886448705395,0.12254315236815946,0.18571593180057785,0.2034448367606851,0.2034448367606851,0.2965551632393149
CH,TD,SY,FZ,"['CH', 'TD', 'SY', 'FZ']",CH + TD,SY + FZ,CH|TD|SY|FZ,"CH,TD||FZ,SY",False,True,0.14824232720343192,0.05131919030134751,0.1563300189089226,0.2593676647108914,0.1158860183293908,0.17915878882618097,0.20340982262210616,0.20340982262210616,0.29659017737789384
CH,RS,SY,FZ,"['CH', 'RS', 'SY', 'FZ']",CH + RS,SY + FZ,CH|RS|SY|FZ,"CH,RS||FZ,SY",False,False,0.1699011583544873,0.058489419957599834,0.13934367891251456,0.2538148382127738,0.1240961234345734,0.18483932081799703,0.20322453944927565,0.20322453944927565,0.29677546055072435
AC,NS,CH,FZ,"['AC', 'NS', 'CH', 'FZ']",AC + NS,CH + FZ,AC|NS|CH|FZ,"AC,NS||CH,FZ",False,True,0.13418391455376802,0.07530597381706866,0.015241567618653886,0.24051499203134177,0.1436316304276715,0.20034773436886014,0.20273048100591037,0.20273048100591037,0.2972695189940896
TD,NS,TT,CH,"['TD', 'NS', 'TT', 'CH']",TD + NS,TT + CH,TD|NS|TT|CH,"CH,TT||NS,TD",False,True,0.18627723215593833,0.12492024470650687,0.112896605535163,0.2671166964786849,0.10137392630567173,0.2080270192012685,0.20247701611120977,0.20247701611120977,0.2975229838887902
TT,SY,TD,RS,"['TT', 'SY', 'TD', 'RS']",TT + SY,TD + RS,TT|SY|TD|RS,"RS,TD||SY,TT",False,True,0.8988941111758777,0.9754121576252062,0.786887243154855,0.6921975233878622,0.9630441467404157,0.8382943522666475,0.7978277064953581,0.7978277064953581,0.29782770649535806
AC,FZ,CH,RS,"['AC', 'FZ', 'CH', 'RS']",AC + FZ,CH + RS,AC|FZ|CH|RS,"AC,FZ||CH,RS",False,True,0.7056891474813696,0.8170451743884783,0.6101941928397763,0.7322662243497469,0.9004223610035816,0.8323559313008998,0.7978471176447425,0.7978471176447425,0.2978471176447425
NS,SY,AC,TD,"['NS', 'SY', 'AC', 'TD']",NS + SY,AC + TD,NS|SY|AC|TD,"AC,TD||NS,SY",True,True,0.8654699988000911,0.9444358446885908,0.6724133325053195,0.689592856764137,0.967305333550032,0.8414480207993068,0.7979007227106361,0.7979007227106361,0.29790072271063606
NS,SY,TT,RS,"['NS', 'SY', 'TT', 'RS']",NS + SY,TT + RS,NS|SY|TT|RS,"NS,SY||RS,TT",False,False,0.7562615127951314,0.8859007240679337,0.9625894019833611,0.728564449227172,0.906377277076372,0.8430063290766426,0.7979114520883599,0.7979114520883599,0.2979114520883599
TD,SY,FZ,TT,"['TD', 'SY', 'FZ', 'TT']",TD + SY,FZ + TT,TD|SY|FZ|TT,"FZ,TT||SY,TD",False,True,0.132309726677926,0.09465841984183526,0.029913004266768635,0.1882642624538394,0.22367199879517277,0.1684618559092336,0.20207327962695942,0.20207327962695942,0.2979267203730406
RS,TT,TD,CH,"['RS', 'TT', 'TD', 'CH']",RS + TT,TD + CH,RS|TT|TD|CH,"CH,TD||RS,TT",False,True,0.4354737651336065,0.3789794896774047,0.046394322819082866,0.2548572059832551,0.11863485122830514,0.32124468967642217,0.20173048762882465,0.20173048762882465,0.2982695123711754
CH,NS,RS,TT,"['CH', 'NS', 'RS', 'TT']",CH + NS,RS + TT,CH|NS|RS|TT,"CH,NS||RS,TT",False,False,0.8036473313718572,0.8920511243636122,0.9121297352330985,0.7556492866656985,0.865097474299004,0.8631938258375325,0.7983340798426877,0.7983340798426877,0.29833407984268767
SY,TD,CH,TT,"['SY', 'TD', 'CH', 'TT']",SY + TD,CH + TT,SY|TD|CH|TT,"CH,TT||SY,TD",False,True,0.20130507843018086,0.1891493251269894,0.05034010739623254,0.27110879542770355,0.09280970941848429,0.23486726071549466,0.20157215188410804,0.20157215188410804,0.29842784811589196
AC,TD,FZ,RS,"['AC', 'TD', 'FZ', 'RS']",AC + TD,FZ + RS,AC|TD|FZ|RS,"AC,TD||FZ,RS",False,True,0.16064941646754174,0.11904199954193317,0.11358368251962132,0.26676519694029566,0.09927933814080489,0.20411039661322422,0.20144571200849426,0.20144571200849426,0.29855428799150574
RS,AC,SY,TD,"['RS', 'AC', 'SY', 'TD']",RS + AC,SY + TD,RS|AC|SY|TD,"AC,RS||SY,TD",False,False,0.36594241957210116,0.2746271968770635,0.3724774242193375,0.22691476031812063,0.16071429180520905,0.2931610483867159,0.20109657759808514,0.20109657759808514,0.29890342240191486
CH,TT,TD,AC,"['CH', 'TT', 'TD', 'AC']",CH + TT,TD + AC,CH|TT|TD|AC,"AC,TD||CH,TT",True,True,0.8899222447321539,0.9392277291441967,0.7403001947053222,0.7173460715730213,0.9265384602887476,0.9127001089216661,0.7989311031721547,0.7989311031721547,0.29893110317215466
AC,TT,CH,SY,"['AC', 'TT', 'CH', 'SY']",AC + TT,CH + SY,AC|TT|CH|SY,"AC,TT||CH,SY",False,False,0.2435217026467277,0.14868830492747875,0.025667581912409653,0.22554500234182182,0.16267855315028545,0.2286946140341222,0.20102708715712264,0.20102708715712264,0.29897291284287736
TD,TT,RS,FZ,"['TD', 'TT', 'RS', 'FZ']",TD + TT,RS + FZ,TD|TT|RS|FZ,"FZ,RS||TD,TT",False,False,0.2523089079583712,0.19549345416533592,0.13869668758368559,0.2658636298104529,0.09893247488105873,0.24386235404508624,0.2007604793879892,0.2007604793879892,0.2992395206120108
NS,SY,TT,TD,"['NS', 'SY', 'TT', 'TD']",NS + SY,TT + TD,NS|SY|TT|TD,"NS,SY||TD,TT",False,False,0.7848939087565723,0.8976893158056696,0.9075041074089237,0.7098472586903225,0.9397108135904595,0.8565095931193434,0.7994940451013759,0.7994940451013759,0.2994940451013759
TT,CH,SY,RS,"['TT', 'CH', 'SY', 'RS']",TT + CH,SY + RS,TT|CH|SY|RS,"CH,TT||RS,SY",False,True,0.7713644372882595,0.7934226446934883,0.5889546236071457,0.7586580693379565,0.8634030793774101,0.8424090151348659,0.7995086232533435,0.7995086232533435,0.2995086232533435
NS,TD,TT,FZ,"['NS', 'TD', 'TT', 'FZ']",NS + TD,TT + FZ,NS|TD|TT|FZ,"FZ,TT||NS,TD",False,True,0.12164804058329179,0.056705727545923165,0.05690313424329128,0.23447631674367234,0.14726861897673812,0.18422847233637513,0.20046531461456799,0.20046531461456799,0.29953468538543204
NS,RS,AC,SY,"['NS', 'RS', 'AC', 'SY']",NS + RS,AC + SY,NS|RS|AC|SY,"AC,SY||NS,RS",False,False,0.38503461484607343,0.2309018063085534,0.18837229631045765,0.18282308129461533,0.2277395129780824,0.32746353348730795,0.2003404896511675,0.2003404896511675,0.29965951034883254
AC,FZ,RS,SY,"['AC', 'FZ', 'RS', 'SY']",AC + FZ,RS + SY,AC|FZ|RS|SY,"AC,FZ||RS,SY",False,True,0.7597838992106256,0.8237175773750904,0.1907312400582321,0.7211649405230355,0.9226221577344044,0.8011855089617925,0.7997332552354695,0.7997332552354695,0.29973325523546945
RS,SY,TT,FZ,"['RS', 'SY', 'TT', 'FZ']",RS + SY,TT + FZ,RS|SY|TT|FZ,"FZ,TT||RS,SY",False,False,0.15205630140137127,0.10583979423184159,0.08036671477421072,0.24506985888524993,0.12958831297453513,0.17878979141693804,0.20003205598007118,0.20003205598007118,0.2999679440199288
NS,SY,TD,RS,"['NS', 'SY', 'TD', 'RS']",NS + SY,TD + RS,NS|SY|TD|RS,"NS,SY||RS,TD",False,False,0.9032170494013673,0.9796100317807835,0.5997763523078158,0.6841633736413315,0.9812512435342343,0.8609295154839058,0.8000276428995636,0.8000276428995636,0.30002764289956363
SY,RS,TT,FZ,"['SY', 'RS', 'TT', 'FZ']",SY + RS,TT + FZ,SY|RS|TT|FZ,"FZ,TT||RS,SY",False,False,0.15205630140137127,0.10583979423184159,0.08036671477421072,0.2462062676154087,0.1268500994066151,0.17238980743064988,0.1996573620139792,0.1996573620139792,0.3003426379860208
SY,RS,TT,CH,"['SY', 'RS', 'TT', 'CH']",SY + RS,TT + CH,SY|RS|TT|CH,"CH,TT||RS,SY",False,True,0.22863556271174051,0.20657735530651167,0.13197187804237853,0.2847102599934273,0.06609427173787406,0.25513221291152266,0.19945002457376154,0.19945002457376154,0.30054997542623846
AC,TT,SY,CH,"['AC', 'TT', 'SY', 'CH']",AC + TT,SY + CH,AC|TT|SY|CH,"AC,TT||CH,SY",False,False,0.2435217026467277,0.14868830492747875,0.019936185051046346,0.22244622611804565,0.16235505006271728,0.22413675102430008,0.1990106674564676,0.1990106674564676,0.30098933254353244
CH,TD,FZ,TT,"['CH', 'TD', 'FZ', 'TT']",CH + TD,FZ + TT,CH|TD|FZ|TT,"CH,TD||FZ,TT",False,True,0.16746060221711084,0.09880134282992609,0.062141941641358354,0.20995917871721428,0.18136132389521717,0.15550297779566227,0.19880601533663542,0.19880601533663542,0.30119398466336456
AC,RS,TT,TD,"['AC', 'RS', 'TT', 'TD']",AC + RS,TT + TD,AC|RS|TT|TD,"AC,RS||TD,TT",False,False,0.4001254511864867,0.3977927639926789,0.16538709508420218,0.1612589632104839,0.25750490752214983,0.325942406314001,0.19879488149203361,0.19879488149203361,0.3012051185079664
RS,SY,TT,CH,"['RS', 'SY', 'TT', 'CH']",RS + SY,TT + CH,RS|SY|TT|CH,"CH,TT||RS,SY",True,True,0.22863556271174051,0.20657735530651167,0.14409095739118077,0.2831731135909792,0.06681225529922849,0.27012609073220023,0.19879237885719642,0.19879237885719642,0.3012076211428036
TD,NS,AC,SY,"['TD', 'NS', 'AC', 'SY']",TD + NS,AC + SY,TD|NS|AC|SY,"AC,SY||NS,TD",False,True,0.3474292322650231,0.2123165594006336,0.13878247220379084,0.1736721133387093,0.23791597248523505,0.290945325408998,0.19872721840585433,0.19872721840585433,0.30127278159414567
AC,TD,RS,FZ,"['AC', 'TD', 'RS', 'FZ']",AC + TD,RS + FZ,AC|TD|RS|FZ,"AC,TD||FZ,RS",True,True,0.16064941646754174,0.11904199954193317,0.06072090055751727,0.26343496210663614,0.09730001913714088,0.16590087061059966,0.19864233434853298,0.19864233434853298,0.30135766565146704
AC,TT,FZ,CH,"['AC', 'TT', 'FZ', 'CH']",AC + TT,FZ + CH,AC|TT|FZ|CH,"AC,TT||CH,FZ",False,True,0.12864908821921167,0.06551637528555636,0.0056049787376531365,0.19709481377675367,0.20087454995189233,0.1528528495659289,0.19856891088505774,0.19856891088505774,0.30143108911494226
RS,NS,TT,CH,"['RS', 'NS', 'TT', 'CH']",RS + NS,TT + CH,RS|NS|TT|CH,"CH,TT||NS,RS",False,False,0.21210927474306374,0.1384509328449443,0.12476715179289186,0.27326870528734876,0.08163558863056784,0.20861290875900923,0.1985317897912042,0.1985317897912042,0.3014682102087958
SY,TD,TT,CH,"['SY', 'TD', 'TT', 'CH']",SY + TD,TT + CH,SY|TD|TT|CH,"CH,TT||SY,TD",False,True,0.20130507843018086,0.1891493251269894,0.046277334971222196,0.2675429392980177,0.09056285309325746,0.22089985260628672,0.19852070567816119,0.19852070567816119,0.30147929432183884
AC,RS,FZ,TD,"['AC', 'RS', 'FZ', 'TD']",AC + RS,FZ + TD,AC|RS|FZ|TD,"AC,RS||FZ,TD",True,True,0.20929961538012365,0.14483816057148635,0.743884229397472,0.29494770737652515,0.0476845405312214,0.2464411384521575,0.1985150723068567,0.1985150723068567,0.3014849276931433
RS,CH,TT,FZ,"['RS', 'CH', 'TT', 'FZ']",RS + CH,TT + FZ,RS|CH|TT|FZ,"CH,RS||FZ,TT",False,True,0.19129668343008294,0.1103623997081638,0.08107946486444428,0.2525179559457404,0.11382774134605947,0.21029067556000053,0.19842877225186484,0.19842877225186484,0.30157122774813516
TT,TD,FZ,AC,"['TT', 'TD', 'FZ', 'AC']",TT + TD,FZ + AC,TT|TD|FZ|AC,"AC,FZ||TD,TT",False,False,0.1887209949615435,0.0908579323185677,0.11095778682836986,0.26918302482811307,0.08673579818201213,0.14242024978312715,0.1980286064361337,0.1980286064361337,0.30197139356386626
TD,SY,CH,TT,"['TD', 'SY', 'CH', 'TT']",TD + SY,CH + TT,TD|SY|CH|TT,"CH,TT||SY,TD",True,True,0.20130507843018086,0.1891493251269894,0.05544167370323598,0.26615647045382684,0.09046721240954245,0.24283464219564815,0.19763765981655593,0.19763765981655593,0.3023623401834441
NS,CH,RS,TD,"['NS', 'CH', 'RS', 'TD']",NS + CH,RS + TD,NS|CH|RS|TD,"CH,NS||RS,TD",False,False,0.9248710841262435,0.9812773002666518,0.7836515393543124,0.6934317618929363,0.9727540056454216,0.7675816873279944,0.8023674369564056,0.8023674369564056,0.30236743695640556
SY,RS,CH,TT,"['SY', 'RS', 'CH', 'TT']",SY + RS,CH + TT,SY|RS|CH|TT,"CH,TT||RS,SY",False,True,0.22863556271174051,0.20657735530651167,0.1424343625119893,0.2849049040019011,0.06090730074066174,0.2541027659831531,0.19754583873001774,0.19754583873001774,0.30245416126998226
RS,NS,CH,TT,"['RS', 'NS', 'CH', 'TT']",RS + NS,CH + TT,RS|NS|CH|TT,"CH,TT||NS,RS",False,False,0.21210927474306374,0.1384509328449443,0.12160255956816457,0.2726797995122727,0.07971165975290519,0.20913960441103485,0.1974222250061194,0.1974222250061194,0.3025777749938806
CH,TT,RS,AC,"['CH', 'TT', 'RS', 'AC']",CH + TT,RS + AC,CH|TT|RS|AC,"AC,RS||CH,TT",False,False,0.8730080702342979,0.931094126586554,0.8762122126404325,0.7276063187919181,0.9213679425252067,0.8894449416591265,0.8031733520479006,0.8031733520479006,0.30317335204790063
TT,RS,FZ,SY,"['TT', 'RS', 'FZ', 'SY']",TT + RS,FZ + SY,TT|RS|FZ|SY,"FZ,SY||RS,TT",False,False,0.1183648935725385,0.026670685088999196,0.1073378983049543,0.278390487143869,0.06907618763328567,0.16084437599513934,0.1967579103347415,0.1967579103347415,0.3032420896652585
NS,AC,FZ,TT,"['NS', 'AC', 'FZ', 'TT']",NS + AC,FZ + TT,NS|AC|FZ|TT,"AC,NS||FZ,TT",False,True,0.19111475435414121,0.14495479900162123,0.05420580409238301,0.23474275347759924,0.1366711167903209,0.21971360744807827,0.1964948151695607,0.1964948151695607,0.3035051848304393
TD,AC,RS,CH,"['TD', 'AC', 'RS', 'CH']",TD + AC,RS + CH,TD|AC|RS|CH,"AC,TD||CH,RS",False,True,0.24032979415086456,0.22655924177909453,0.07924093062001102,0.21084902742557798,0.1736988188993302,0.2483629454699734,0.19636044610034137,0.19636044610034137,0.30363955389965863
RS,NS,FZ,AC,"['RS', 'NS', 'FZ', 'AC']",RS + NS,FZ + AC,RS|NS|FZ|AC,"AC,FZ||NS,RS",False,True,0.22309484315889747,0.11522493169454856,0.1075445482328124,0.2751523648608703,0.07308449334570659,0.2134934522624072,0.19634589496995644,0.19634589496995644,0.30365410503004353
NS,CH,TT,RS,"['NS', 'CH', 'TT', 'RS']",NS + CH,TT + RS,NS|CH|TT|RS,"CH,NS||RS,TT",False,False,0.8036473313718572,0.8920511243636122,0.8868656468316216,0.7519315730740752,0.884808140555546,0.8636060337827525,0.8037534343918489,0.8037534343918489,0.3037534343918489
RS,SY,CH,TT,"['RS', 'SY', 'CH', 'TT']",RS + SY,CH + TT,RS|SY|CH|TT,"CH,TT||RS,SY",True,True,0.22863556271174051,0.20657735530651167,0.1553422790822517,0.2821675411492366,0.061388307148832734,0.25603716708863666,0.1960636398890791,0.1960636398890791,0.3039363601109209
CH,RS,AC,NS,"['CH', 'RS', 'AC', 'NS']",CH + RS,AC + NS,CH|RS|AC|NS,"AC,NS||CH,RS",True,True,0.5002941055022914,0.43089019217588187,0.03747060256364471,0.24666949934172855,0.11638004953211743,0.3003023650917237,0.1958566139159802,0.1958566139159802,0.3041433860840198
RS,AC,TD,SY,"['RS', 'AC', 'TD', 'SY']",RS + AC,TD + SY,RS|AC|TD|SY,"AC,RS||SY,TD",False,False,0.36594241957210116,0.2746271968770635,0.2142585028476609,0.22629830895033948,0.14763158392096654,0.2749725221207525,0.19561828618888402,0.19561828618888402,0.304381713811116
RS,TT,FZ,AC,"['RS', 'TT', 'FZ', 'AC']",RS + TT,FZ + AC,RS|TT|FZ|AC,"AC,FZ||RS,TT",False,True,0.21480246864033536,0.10174388706097787,0.0543550878750927,0.271075332440934,0.07718018575787287,0.1853609714654018,0.19545622523454018,0.19545622523454018,0.3045437747654598
NS,TD,CH,AC,"['NS', 'TD', 'CH', 'AC']",NS + TD,CH + AC,NS|TD|CH|AC,"AC,CH||NS,TD",False,False,0.2875495042861422,0.20335444248734713,0.0751116204684526,0.19311578384773373,0.19891647214191707,0.2429928072400745,0.19537805228246524,0.19537805228246524,0.30462194771753476
RS,TT,AC,FZ,"['RS', 'TT', 'AC', 'FZ']",RS + TT,AC + FZ,RS|TT|AC|FZ,"AC,FZ||RS,TT",False,True,0.21480246864033536,0.10174388706097787,0.038053248767016164,0.2676336691451428,0.08131970691679671,0.1957273469021877,0.19497122387608784,0.19497122387608784,0.30502877612391216
TD,TT,RS,SY,"['TD', 'TT', 'RS', 'SY']",TD + TT,RS + SY,TD|TT|RS|SY,"RS,SY||TD,TT",True,True,0.423884487021677,0.34482813856021965,0.08432490211384787,0.2004340100802738,0.1862727070070879,0.3185259392966798,0.1949111018817313,0.1949111018817313,0.30508889811826867
NS,CH,TD,AC,"['NS', 'CH', 'TD', 'AC']",NS + CH,TD + AC,NS|CH|TD|AC,"AC,TD||CH,NS",False,True,0.894583802240351,0.948141746153327,0.5568704971982629,0.7073512700808269,0.9580184047738541,0.9089108719775072,0.8051114526111075,0.8051114526111075,0.3051114526111075
NS,CH,TT,AC,"['NS', 'CH', 'TT', 'AC']",NS + CH,TT + AC,NS|CH|TT|AC,"AC,TT||CH,NS",False,True,0.7383174197530591,0.7806982443356105,0.8433391643703236,0.7649270206156942,0.8684221075129273,0.8172631257165345,0.8052901045056151,0.8052901045056151,0.3052901045056151
TD,AC,RS,TT,"['TD', 'AC', 'RS', 'TT']",TD + AC,RS + TT,TD|AC|RS|TT,"AC,TD||RS,TT",False,False,0.325371596442798,0.35209914435593176,0.00980839029207067,0.21102322541954002,0.16902956524656884,0.31801971394046286,0.19464569795208125,0.19464569795208125,0.30535430204791875
AC,RS,TD,FZ,"['AC', 'RS', 'TD', 'FZ']",AC + RS,TD + FZ,AC|RS|TD|FZ,"AC,RS||FZ,TD",False,True,0.20929961538012365,0.14483816057148635,0.5344083508412822,0.28629009159048474,0.05108471798863248,0.23209827650638495,0.19455999588576234,0.19455999588576234,0.30544000411423766
CH,TT,SY,RS,"['CH', 'TT', 'SY', 'RS']",CH + TT,SY + RS,CH|TT|SY|RS,"CH,TT||RS,SY",False,True,0.7713644372882595,0.7934226446934883,0.8155058874579996,0.7738550390349264,0.8555386516981917,0.8429306859243939,0.8057116479735998,0.8057116479735998,0.30571164797359984
SY,NS,TD,AC,"['SY', 'NS', 'TD', 'AC']",SY + NS,TD + AC,SY|NS|TD|AC,"AC,TD||NS,SY",False,True,0.8654699988000911,0.9444358446885908,0.5970766048624492,0.706922986480029,0.9609889258811732,0.84187880546561,0.8060087028464753,0.8060087028464753,0.3060087028464753
TD,SY,TT,CH,"['TD', 'SY', 'TT', 'CH']",TD + SY,TT + CH,TD|SY|TT|CH,"CH,TT||SY,TD",False,True,0.20130507843018086,0.1891493251269894,0.05098927850047013,0.2624120428955695,0.0867277920255139,0.2196967622398138,0.1938951850562478,0.1938951850562478,0.3061048149437522
CH,TD,TT,SY,"['CH', 'TD', 'TT', 'SY']",CH + TD,TT + SY,CH|TD|TT|SY,"CH,TD||SY,TT",False,True,0.3048635447673647,0.20495998830647544,0.31560058410062175,0.22119402209913552,0.1504933230234064,0.2754421493633752,0.19362074945960117,0.19362074945960117,0.30637925054039883
CH,RS,NS,AC,"['CH', 'RS', 'NS', 'AC']",CH + RS,NS + AC,CH|RS|NS|AC,"AC,NS||CH,RS",False,True,0.5002941055022914,0.43089019217588187,0.03747060256364471,0.24781304586369973,0.10859506347574961,0.303947149981888,0.19351803273239918,0.19351803273239918,0.3064819672676008
AC,RS,TD,TT,"['AC', 'RS', 'TD', 'TT']",AC + RS,TD + TT,AC|RS|TD|TT,"AC,RS||TD,TT",False,False,0.4001254511864867,0.3977927639926789,0.07587216898901887,0.15932787346689414,0.2469261888839328,0.325001486175759,0.1934912164795392,0.1934912164795392,0.3065087835204608
TT,AC,FZ,NS,"['TT', 'AC', 'FZ', 'NS']",TT + AC,FZ + NS,TT|AC|FZ|NS,"AC,TT||FZ,NS",False,True,0.17656822624977994,0.11318693296549531,0.02879615784550251,0.2514840304864234,0.10219850220735625,0.1859243448604028,0.1932626744575872,0.1932626744575872,0.3067373255424128
SY,TD,CH,FZ,"['SY', 'TD', 'CH', 'FZ']",SY + TD,CH + FZ,SY|TD|CH|FZ,"CH,FZ||SY,TD",False,True,0.09092708461008797,0.045574243558019284,0.02912836253501177,0.2435306648478633,0.11426481586875285,0.20569314205455733,0.19311698374601022,0.19311698374601022,0.3068830162539898
NS,RS,SY,AC,"['NS', 'RS', 'SY', 'AC']",NS + RS,SY + AC,NS|RS|SY|AC,"AC,SY||NS,RS",False,False,0.38503461484607343,0.2309018063085534,0.18837229631045765,0.1842340532103417,0.20654315613885046,0.3351670010647528,0.19293460335246013,0.19293460335246013,0.30706539664753985
SY,NS,RS,AC,"['SY', 'NS', 'RS', 'AC']",SY + NS,RS + AC,SY|NS|RS|AC,"AC,RS||NS,SY",False,False,0.8454510802295562,0.9368411767684761,0.8248064662695448,0.7107454793767454,0.9577747389354135,0.8251068501850768,0.807086890604626,0.807086890604626,0.307086890604626
FZ,AC,RS,SY,"['FZ', 'AC', 'RS', 'SY']",FZ + AC,RS + SY,FZ|AC|RS|SY,"AC,FZ||RS,SY",False,True,0.7597838992106256,0.8237175773750904,0.4670582058888548,0.7527003854165628,0.8936110545369206,0.8381931225731252,0.8076555463735023,0.8076555463735023,0.30765554637350234
NS,RS,AC,TT,"['NS', 'RS', 'AC', 'TT']",NS + RS,AC + TT,NS|RS|AC|TT,"AC,TT||NS,RS",False,False,0.4198202340324775,0.3468380740300141,0.2030935093294888,0.20324242527488884,0.17469542057524784,0.26996693272989264,0.19210909344202887,0.19210909344202887,0.30789090655797113
NS,AC,FZ,CH,"['NS', 'AC', 'FZ', 'CH']",NS + AC,FZ + CH,NS|AC|FZ|CH,"AC,NS||CH,FZ",False,True,0.13418391455376802,0.07530597381706866,0.05144000367513917,0.2376619899281721,0.12059248544446205,0.16225613486023854,0.1920048831795252,0.1920048831795252,0.3079951168204748
TD,AC,CH,RS,"['TD', 'AC', 'CH', 'RS']",TD + AC,CH + RS,TD|AC|CH|RS,"AC,TD||CH,RS",False,True,0.24032979415086456,0.22655924177909453,0.11432645360804561,0.20964529438007123,0.1641130951575226,0.2262606425318724,0.19188773668327727,0.19188773668327727,0.3081122633167227
AC,FZ,RS,TT,"['AC', 'FZ', 'RS', 'TT']",AC + FZ,RS + TT,AC|FZ|RS|TT,"AC,FZ||RS,TT",False,True,0.7851975313596647,0.8982561129390221,0.2535341971102266,0.7267226206584021,0.9363100279999267,0.8436314375714502,0.8084617095215967,0.8084617095215967,0.3084617095215967
TD,SY,CH,FZ,"['TD', 'SY', 'CH', 'FZ']",TD + SY,CH + FZ,TD|SY|CH|FZ,"CH,FZ||SY,TD",False,True,0.09092708461008797,0.045574243558019284,0.02912836253501177,0.24130355862075703,0.1132142074684864,0.14464051135085576,0.1913487116713715,0.1913487116713715,0.30865128832862854
AC,FZ,SY,RS,"['AC', 'FZ', 'SY', 'RS']",AC + FZ,SY + RS,AC|FZ|SY|RS,"AC,FZ||RS,SY",False,True,0.7597838992106256,0.8237175773750904,0.5129365701010453,0.7328834120025366,0.9273410454687337,0.7974187797815778,0.8087218890543535,0.8087218890543535,0.3087218890543535
NS,SY,AC,RS,"['NS', 'SY', 'AC', 'RS']",NS + SY,AC + RS,NS|SY|AC|RS,"AC,RS||NS,SY",False,False,0.8454510802295562,0.9368411767684761,0.877968767340769,0.7079336593562728,0.9668173107001663,0.8323190512281367,0.8088982833803913,0.8088982833803913,0.30889828338039127
AC,FZ,RS,TD,"['AC', 'FZ', 'RS', 'TD']",AC + FZ,RS + TD,AC|FZ|RS|TD,"AC,FZ||RS,TD",False,True,0.9166301359583203,0.9827570546563551,0.24554051207243724,0.6944632845226661,0.9884065331215205,0.8641461127091701,0.8091011514762194,0.8091011514762194,0.3091011514762194
TT,RS,SY,FZ,"['TT', 'RS', 'SY', 'FZ']",TT + RS,SY + FZ,TT|RS|SY|FZ,"FZ,SY||RS,TT",False,False,0.1183648935725385,0.026670685088999196,0.06361473563126953,0.26853761544982785,0.06941804634294194,0.21094202960518998,0.19088098349814234,0.19088098349814234,0.3091190165018577
TD,NS,SY,AC,"['TD', 'NS', 'SY', 'AC']",TD + NS,SY + AC,TD|NS|SY|AC,"AC,SY||NS,TD",False,True,0.3474292322650231,0.2123165594006336,0.13878247220379084,0.17508308525443564,0.21532051210467335,0.2905216428848546,0.19077568172602832,0.19077568172602832,0.3092243182739717
CH,NS,SY,TD,"['CH', 'NS', 'SY', 'TD']",CH + NS,SY + TD,CH|NS|SY|TD,"CH,NS||SY,TD",False,True,0.8063792251304731,0.8310249925930098,0.5812581218835751,0.7838028168804714,0.8490743291991248,0.8887284586273628,0.8092587066847463,0.8092587066847463,0.3092587066847463
TD,NS,TT,FZ,"['TD', 'NS', 'TT', 'FZ']",TD + NS,TT + FZ,TD|NS|TT|FZ,"FZ,TT||NS,TD",False,True,0.12164804058329179,0.056705727545923165,0.05360701702509831,0.2265159518284755,0.1342469340115494,0.17074435732438148,0.19053103487987433,0.19053103487987433,0.30946896512012567
AC,TT,SY,NS,"['AC', 'TT', 'SY', 'NS']",AC + TT,SY + NS,AC|TT|SY|NS,"AC,TT||NS,SY",False,False,0.3185844374547348,0.2286494320331306,0.025657817708870996,0.220675082634755,0.14274273454314865,0.20017915281941584,0.19028146687902853,0.19028146687902853,0.3097185331209715
NS,RS,TT,SY,"['NS', 'RS', 'TT', 'SY']",NS + RS,TT + SY,NS|RS|TT|SY,"NS,RS||SY,TT",False,False,0.26205768319349043,0.1456428630100018,0.28790046271751984,0.21147283560550434,0.15665761818116686,0.23561101254501382,0.19009490081001273,0.19009490081001273,0.30990509918998727
AC,TT,NS,SY,"['AC', 'TT', 'NS', 'SY']",AC + TT,NS + SY,AC|TT|NS|SY,"AC,TT||NS,SY",False,False,0.3185844374547348,0.2286494320331306,0.025657817708870996,0.22234174930142164,0.13902382863706014,0.19943629567655863,0.18984776024232064,0.18984776024232064,0.31015223975767936
AC,FZ,TD,SY,"['AC', 'FZ', 'TD', 'SY']",AC + FZ,TD + SY,AC|FZ|TD|SY,"AC,FZ||SY,TD",False,False,0.7881184430459457,0.8395620679468514,0.17801122904737848,0.7392899163331323,0.920993870915161,0.834403622527784,0.8101544586201235,0.8101544586201235,0.3101544586201235
SY,TD,CH,NS,"['SY', 'TD', 'CH', 'NS']",SY + TD,CH + NS,SY|TD|CH|NS,"CH,NS||SY,TD",False,True,0.1936207748695269,0.16897500740699023,0.037024716122315414,0.21593778775359168,0.1489125347532339,0.22512706233131166,0.18979793908345213,0.18979793908345213,0.3102020609165479
TT,CH,AC,TD,"['TT', 'CH', 'AC', 'TD']",TT + CH,AC + TD,TT|CH|AC|TD,"AC,TD||CH,TT",False,True,0.8899222447321539,0.9392277291441967,0.43350465999343246,0.7305470103820997,0.9350444091647373,0.9122839501798125,0.8103009959073284,0.8103009959073284,0.3103009959073284
NS,CH,RS,SY,"['NS', 'CH', 'RS', 'SY']",NS + CH,RS + SY,NS|CH|RS|SY,"CH,NS||RS,SY",False,False,0.7798043879678299,0.8146668085651352,0.7218528780632598,0.7485693098841247,0.9070456011653591,0.8509879502336358,0.8103750634838062,0.8103750634838062,0.31037506348380617
TT,RS,AC,SY,"['TT', 'RS', 'AC', 'SY']",TT + RS,AC + SY,TT|RS|AC|SY,"AC,SY||RS,TT",False,False,0.3736176747996596,0.20921561982254283,0.11762442208100791,0.1954059274056953,0.18016288699460922,0.33741768522759663,0.18946114164537173,0.18946114164537173,0.31053885835462824
RS,NS,AC,FZ,"['RS', 'NS', 'AC', 'FZ']",RS + NS,AC + FZ,RS|NS|AC|FZ,"AC,FZ||NS,RS",True,True,0.22309484315889747,0.11522493169454856,0.07306699796237412,0.26232904111559946,0.07472660553233619,0.19470340480729212,0.18916409123812677,0.18916409123812677,0.3108359087618732
SY,NS,TD,TT,"['SY', 'NS', 'TD', 'TT']",SY + NS,TD + TT,SY|NS|TD|TT,"NS,SY||TD,TT",False,False,0.7848939087565723,0.8976893158056696,0.8905351908946169,0.7376535443972534,0.9258068100017905,0.8599719006525102,0.8110333179830229,0.8110333179830229,0.3110333179830229
RS,CH,SY,FZ,"['RS', 'CH', 'SY', 'FZ']",RS + CH,SY + FZ,RS|CH|SY|FZ,"CH,RS||FZ,SY",False,False,0.1699011583544873,0.058489419957599834,0.13058499791154496,0.23432412109259235,0.11733719206442542,0.1434088121665034,0.18869921877160722,0.18869921877160722,0.3113007812283928
NS,CH,AC,TT,"['NS', 'CH', 'AC', 'TT']",NS + CH,AC + TT,NS|CH|AC|TT,"AC,TT||CH,NS",True,True,0.7383174197530591,0.7806982443356105,0.8315344549138299,0.7784187993048414,0.8629873819190692,0.8219621351448674,0.8114005465243903,0.8114005465243903,0.3114005465243903
NS,RS,TT,AC,"['NS', 'RS', 'TT', 'AC']",NS + RS,TT + AC,NS|RS|TT|AC,"AC,TT||NS,RS",False,False,0.4198202340324775,0.3468380740300141,0.2205896743631484,0.20607321948068302,0.1601473259611888,0.26559290038662176,0.18816212100808027,0.18816212100808027,0.3118378789919197
TT,RS,CH,FZ,"['TT', 'RS', 'CH', 'FZ']",TT + RS,CH + FZ,TT|RS|CH|FZ,"CH,FZ||RS,TT",False,True,0.09237600851932945,0.024585889480103262,0.028752230871627173,0.27763385961367176,0.04816335392473792,0.17624027322860306,0.18814036239498758,0.18814036239498758,0.31185963760501245
TD,AC,TT,RS,"['TD', 'AC', 'TT', 'RS']",TD + AC,TT + RS,TD|AC|TT|RS,"AC,TD||RS,TT",False,False,0.325371596442798,0.35209914435593176,0.017657094618413822,0.20617401678972794,0.1597676394650354,0.2690627980843173,0.18807552963309784,0.18807552963309784,0.3119244703669022
SY,TT,RS,TD,"['SY', 'TT', 'RS', 'TD']",SY + TT,RS + TD,SY|TT|RS|TD,"RS,TD||SY,TT",False,True,0.8988941111758777,0.9754121576252062,0.9297991474612628,0.7197751407006749,0.9575239233796315,0.8393290117239449,0.8124971659454681,0.8124971659454681,0.31249716594546806
CH,TD,FZ,NS,"['CH', 'TD', 'FZ', 'NS']",CH + TD,FZ + NS,CH|TD|FZ|NS,"CH,TD||FZ,NS",False,True,0.16080810995468178,0.08585751583788981,0.06540558990212807,0.23365736495639272,0.11457143957457128,0.13475318586071572,0.18721385405748237,0.18721385405748237,0.31278614594251763
TT,RS,SY,AC,"['TT', 'RS', 'SY', 'AC']",TT + RS,SY + AC,TT|RS|SY|AC,"AC,SY||RS,TT",False,False,0.3736176747996596,0.20921561982254283,0.10123021435672247,0.198656996724019,0.16897424499241873,0.3355975489196091,0.1870807235486949,0.1870807235486949,0.31291927645130513
TD,SY,CH,NS,"['TD', 'SY', 'CH', 'NS']",TD + SY,CH + NS,TD|SY|CH|NS,"CH,NS||SY,TD",False,True,0.1936207748695269,0.16897500740699023,0.04083489814603347,0.2136461770654293,0.1447415976691825,0.23223173086679022,0.18677339110089303,0.18677339110089303,0.313226608899107
NS,TD,SY,TT,"['NS', 'TD', 'SY', 'TT']",NS + TD,SY + TT,NS|TD|SY|TT,"NS,TD||SY,TT",False,False,0.23193327894954854,0.13168874134230957,0.19433706240375087,0.1841716619138323,0.19013428435705287,0.26450377192457925,0.18649708466668832,0.18649708466668832,0.31350291533331165
NS,FZ,SY,TT,"['NS', 'FZ', 'SY', 'TT']",NS + FZ,SY + TT,NS|FZ|SY|TT,"FZ,NS||SY,TT",False,True,0.6959284293408678,0.70506396105757,0.9861415757521566,0.7952736900424136,0.842121347565241,0.858454466518573,0.8135442764763163,0.8135442764763163,0.31354427647631633
NS,CH,TD,RS,"['NS', 'CH', 'TD', 'RS']",NS + CH,TD + RS,NS|CH|TD|RS,"CH,NS||RS,TD",False,False,0.9248710841262435,0.9812773002666518,0.8293012169928523,0.710930280784061,0.97457689546411,0.7665850913313984,0.8137524605092801,0.8137524605092801,0.3137524605092801
FZ,NS,SY,TT,"['FZ', 'NS', 'SY', 'TT']",FZ + NS,SY + TT,FZ|NS|SY|TT,"FZ,NS||SY,TT",False,True,0.6959284293408678,0.70506396105757,0.9861415757521566,0.8107894036091572,0.8184272645909398,0.8737081510931879,0.8137681693920524,0.8137681693920524,0.31376816939205243
CH,TD,SY,TT,"['CH', 'TD', 'SY', 'TT']",CH + TD,SY + TT,CH|TD|SY|TT,"CH,TD||SY,TT",False,True,0.3048635447673647,0.20495998830647544,0.28477367185034785,0.21847671543070088,0.13548688258691804,0.2546061059414102,0.18611068062162558,0.18611068062162558,0.3138893193783744
SY,NS,TT,RS,"['SY', 'NS', 'TT', 'RS']",SY + NS,TT + RS,SY|NS|TT|RS,"NS,SY||RS,TT",False,False,0.7562615127951314,0.8859007240679337,0.9913113775241498,0.7614871779746549,0.8968502552379298,0.8535554634977812,0.8142787781073322,0.8142787781073322,0.3142787781073322
SY,TT,AC,RS,"['SY', 'TT', 'AC', 'RS']",SY + TT,AC + RS,SY|TT|AC|RS,"AC,RS||SY,TT",False,False,0.8390078502309325,0.9265659286169399,0.9063626708292934,0.7396520488795219,0.9313601243344722,0.834632115298439,0.8144181983069525,0.8144181983069525,0.3144181983069525
CH,NS,TT,RS,"['CH', 'NS', 'TT', 'RS']",CH + NS,TT + RS,CH|NS|TT|RS,"CH,NS||RS,TT",False,False,0.8036473313718572,0.8920511243636122,0.8916092824852005,0.7731164140076068,0.8790813287811948,0.8710958055629177,0.8144427307693061,0.8144427307693061,0.31444273076930607
NS,TD,FZ,SY,"['NS', 'TD', 'FZ', 'SY']",NS + TD,FZ + SY,NS|TD|FZ|SY,"FZ,SY||NS,TD",True,True,0.10701156018327779,0.02702652855010815,0.21314101262234372,0.24528890241793447,0.09142496199034487,0.17843746934612673,0.18528196565117452,0.18528196565117452,0.3147180343488255
TD,CH,TT,SY,"['TD', 'CH', 'TT', 'SY']",TD + CH,TT + SY,TD|CH|TT|SY,"CH,TD||SY,TT",True,True,0.3048635447673647,0.20495998830647544,0.31560058410062175,0.2087554784998777,0.14824959743411564,0.2473673136599938,0.1851581848842305,0.1851581848842305,0.3148418151157695
SY,FZ,CH,TT,"['SY', 'FZ', 'CH', 'TT']",SY + FZ,CH + TT,SY|FZ|CH|TT,"CH,TT||FZ,SY",True,True,0.6563911881747134,0.7824314975346931,0.9565215035620074,0.7556414912695,0.9075563449808413,0.8686357544452333,0.814888284216923,0.814888284216923,0.31488828421692305
RS,CH,AC,NS,"['RS', 'CH', 'AC', 'NS']",RS + CH,AC + NS,RS|CH|AC|NS,"AC,NS||CH,RS",False,True,0.5002941055022914,0.43089019217588187,0.037540283455410245,0.23402898416693918,0.10775509645321578,0.3053413953508043,0.18478216795858704,0.18478216795858704,0.31521783204141296
SY,NS,RS,TD,"['SY', 'NS', 'RS', 'TD']",SY + NS,RS + TD,SY|NS|RS|TD,"NS,SY||RS,TD",False,False,0.9032170494013673,0.9796100317807835,0.8438602071944938,0.7113681518538709,0.9779222093963915,0.8579258524802427,0.815324234295454,0.815324234295454,0.315324234295454
FZ,AC,RS,TT,"['FZ', 'AC', 'RS', 'TT']",FZ + AC,RS + TT,FZ|AC|RS|TT,"AC,FZ||RS,TT",False,True,0.7851975313596647,0.8982561129390221,0.5351696538012742,0.7519970224614184,0.9146208610697052,0.8932654904083807,0.8154203195186502,0.8154203195186502,0.31542031951865024
CH,TT,AC,TD,"['CH', 'TT', 'AC', 'TD']",CH + TT,AC + TD,CH|TT|AC|TD,"AC,TD||CH,TT",False,True,0.8899222447321539,0.9392277291441967,0.7024473468300043,0.7413671858206964,0.9312843158850551,0.9145696644655266,0.8154348665457962,0.8154348665457962,0.3154348665457962
SY,TD,NS,CH,"['SY', 'TD', 'NS', 'CH']",SY + TD,NS + CH,SY|TD|NS|CH,"CH,NS||SY,TD",False,True,0.1936207748695269,0.16897500740699023,0.03346973186064762,0.2147742221525261,0.13670704780425325,0.22371358469184968,0.18432802415669966,0.18432802415669966,0.3156719758433003
TD,NS,TT,SY,"['TD', 'NS', 'TT', 'SY']",TD + NS,TT + SY,TD|NS|TT|SY,"NS,TD||SY,TT",False,False,0.23193327894954854,0.13168874134230957,0.2183630514747834,0.18060896089154493,0.1893040324154623,0.2576443402567745,0.1840000387858727,0.1840000387858727,0.3159999612141273
CH,NS,RS,TD,"['CH', 'NS', 'RS', 'TD']",CH + NS,RS + TD,CH|NS|RS|TD,"CH,NS||RS,TD",False,False,0.9248710841262435,0.9812773002666518,0.7917064408315911,0.716475354329911,0.9717634224537641,0.7697254959003748,0.8160377008982138,0.8160377008982138,0.3160377008982138
RS,NS,AC,SY,"['RS', 'NS', 'AC', 'SY']",RS + NS,AC + SY,RS|NS|AC|SY,"AC,SY||NS,RS",False,False,0.38503461484607343,0.2309018063085534,0.18837229631045765,0.17727613221195201,0.1941368295671979,0.3397814163709497,0.1838518041804979,0.1838518041804979,0.3161481958195021
SY,FZ,TT,CH,"['SY', 'FZ', 'TT', 'CH']",SY + FZ,TT + CH,SY|FZ|TT|CH,"CH,TT||FZ,SY",False,True,0.6563911881747134,0.7824314975346931,0.967840929186354,0.7534655653435742,0.9149644929506253,0.8698738596693832,0.8164501471103242,0.8164501471103242,0.31645014711032415
AC,RS,CH,TD,"['AC', 'RS', 'CH', 'TD']",AC + RS,CH + TD,AC|RS|CH|TD,"AC,RS||CH,TD",False,True,0.3043601054007538,0.26460410860725947,0.09303579857646252,0.2051665900905855,0.14960291971621215,0.26527585036618234,0.18349675864457987,0.18349675864457987,0.31650324135542013
TD,SY,NS,CH,"['TD', 'SY', 'NS', 'CH']",TD + SY,NS + CH,TD|SY|NS|CH,"CH,NS||SY,TD",False,True,0.1936207748695269,0.16897500740699023,0.03692810269963083,0.2155361828929351,0.13301291433495743,0.22136593878398753,0.18335210815532382,0.18335210815532382,0.3166478918446762
TT,CH,RS,TD,"['TT', 'CH', 'RS', 'TD']",TT + CH,RS + TD,TT|CH|RS|TD,"CH,TT||RS,TD",False,True,0.9214312169024432,0.9773486023554865,0.730284275851326,0.7165159052062353,0.973469662726798,0.8357102862035016,0.8167278706392548,0.8167278706392548,0.3167278706392548
NS,FZ,TT,SY,"['NS', 'FZ', 'TT', 'SY']",NS + FZ,TT + SY,NS|FZ|TT|SY,"FZ,NS||SY,TT",False,True,0.6959284293408678,0.70506396105757,0.9877952923450803,0.791785869529593,0.8564667523960325,0.8297099090631556,0.8170114138475044,0.8170114138475044,0.3170114138475044
TD,CH,FZ,SY,"['TD', 'CH', 'FZ', 'SY']",TD + CH,FZ + SY,TD|CH|FZ|SY,"CH,TD||FZ,SY",False,True,0.14824232720343192,0.05131919030134751,0.2013058730919475,0.23017698044621931,0.10911223246116154,0.12591569384305604,0.18296172873204677,0.18296172873204677,0.31703827126795325
TD,CH,FZ,TT,"['TD', 'CH', 'FZ', 'TT']",TD + CH,FZ + TT,TD|CH|FZ|TT,"CH,TD||FZ,TT",False,True,0.16746060221711084,0.09880134282992609,0.062141941641358354,0.1916546989707703,0.1689624619599987,0.17737370785032527,0.18280472653656937,0.18280472653656937,0.3171952734634306
SY,TD,FZ,NS,"['SY', 'TD', 'FZ', 'NS']",SY + TD,FZ + NS,SY|TD|FZ|NS,"FZ,NS||SY,TD",False,True,0.12684088164537852,0.08216042141672292,0.02821677540532224,0.19668370499244855,0.16106874508672206,0.13161995747541178,0.1827938706292152,0.1827938706292152,0.3172061293707848
CH,NS,TT,AC,"['CH', 'NS', 'TT', 'AC']",CH + NS,TT + AC,CH|NS|TT|AC,"AC,TT||CH,NS",False,True,0.7383174197530591,0.7806982443356105,0.8495983284031596,0.7879554444369262,0.8631525940961287,0.8372367672396185,0.8172823328040151,0.8172823328040151,0.3172823328040151
CH,RS,FZ,NS,"['CH', 'RS', 'FZ', 'NS']",CH + RS,FZ + NS,CH|RS|FZ|NS,"CH,RS||FZ,NS",True,True,0.18390645547983145,0.09635922300184285,0.07908868778832336,0.21924755117619432,0.12519572878581703,0.15224397031498785,0.18256734044394718,0.18256734044394718,0.3174326595560528
RS,AC,FZ,TD,"['RS', 'AC', 'FZ', 'TD']",RS + AC,FZ + TD,RS|AC|FZ|TD,"AC,RS||FZ,TD",False,True,0.20929961538012365,0.14483816057148635,0.721284516392409,0.2763277912568821,0.03584790509411165,0.2586969432262373,0.18254063565340164,0.18254063565340164,0.3174593643465984
TT,RS,CH,NS,"['TT', 'RS', 'CH', 'NS']",TT + RS,CH + NS,TT|RS|CH|NS,"CH,NS||RS,TT",False,False,0.19635266862814282,0.10794887563638772,0.0506180604058356,0.248499599305472,0.07906874055417312,0.22417256045130796,0.18242156439246543,0.18242156439246543,0.31757843560753457
NS,RS,CH,SY,"['NS', 'RS', 'CH', 'SY']",NS + RS,CH + SY,NS|RS|CH|SY,"CH,SY||NS,RS",False,False,0.18892978822556852,0.07636483363286335,0.19211520325239465,0.22864513636101577,0.11009284992820643,0.18021630899013258,0.18240974465222015,0.18240974465222015,0.31759025534777985
FZ,AC,TD,SY,"['FZ', 'AC', 'TD', 'SY']",FZ + AC,TD + SY,FZ|AC|TD|SY,"AC,FZ||SY,TD",False,False,0.7881184430459457,0.8395620679468514,0.4460674708709171,0.7691260148214307,0.893691165520219,0.8676109143212091,0.8177064235939582,0.8177064235939582,0.3177064235939582
TT,AC,NS,FZ,"['TT', 'AC', 'NS', 'FZ']",TT + AC,NS + FZ,TT|AC|NS|FZ,"AC,TT||FZ,NS",False,True,0.17656822624977994,0.11318693296549531,0.016871575400884624,0.23436530236619976,0.10014412983139395,0.20216516119368425,0.18201904507762548,0.18201904507762548,0.31798095492237455
CH,NS,TD,AC,"['CH', 'NS', 'TD', 'AC']",CH + NS,TD + AC,CH|NS|TD|AC,"AC,TD||CH,NS",False,True,0.894583802240351,0.948141746153327,0.5687219865033527,0.7291607938903506,0.9570178832578177,0.9052195276597532,0.8180250587436627,0.8180250587436627,0.3180250587436627
NS,CH,RS,AC,"['NS', 'CH', 'RS', 'AC']",NS + CH,RS + AC,NS|CH|RS|AC,"AC,RS||CH,NS",False,True,0.878287943462771,0.940907173214982,0.7573087289452208,0.7183765610532953,0.9740423139803371,0.9057365526574501,0.8180862046948416,0.8180862046948416,0.3180862046948416
TD,CH,SY,TT,"['TD', 'CH', 'SY', 'TT']",TD + CH,SY + TT,TD|CH|SY|TT,"CH,TD||SY,TT",False,True,0.3048635447673647,0.20495998830647544,0.28477367185034785,0.21271674326001444,0.13248897909261417,0.25240624159926367,0.18142791523472832,0.18142791523472832,0.31857208476527166
AC,FZ,TD,TT,"['AC', 'FZ', 'TD', 'TT']",AC + FZ,TD + TT,AC|FZ|TD|TT,"AC,FZ||TD,TT",False,False,0.8112790050384565,0.9091420676814324,0.3778558231947129,0.7454029081747733,0.9330728342319433,0.897562565310379,0.8185941793370697,0.8185941793370697,0.3185941793370697
CH,TD,NS,FZ,"['CH', 'TD', 'NS', 'FZ']",CH + TD,NS + FZ,CH|TD|NS|FZ,"CH,TD||FZ,NS",True,True,0.16080810995468178,0.08585751583788981,0.048553738413731194,0.22390427760127007,0.11490927377895734,0.18905879499542863,0.1813962261105681,0.1813962261105681,0.3186037738894319
AC,FZ,TT,RS,"['AC', 'FZ', 'TT', 'RS']",AC + FZ,TT + RS,AC|FZ|TT|RS,"AC,FZ||RS,TT",True,True,0.7851975313596647,0.8982561129390221,0.5734869694252074,0.7367926566332342,0.9467110260421657,0.8678016737717744,0.8186608207027175,0.8186608207027175,0.3186608207027175
FZ,AC,SY,RS,"['FZ', 'AC', 'SY', 'RS']",FZ + AC,SY + RS,FZ|AC|SY|RS,"AC,FZ||RS,SY",False,True,0.7597838992106256,0.8237175773750904,0.7965817024636025,0.7655741599263668,0.9018901663537787,0.8400057539285487,0.8187374024330575,0.8187374024330575,0.3187374024330575
NS,TD,SY,FZ,"['NS', 'TD', 'SY', 'FZ']",NS + TD,SY + FZ,NS|TD|SY|FZ,"FZ,SY||NS,TD",False,True,0.10701156018327779,0.02702652855010815,0.14016848973887033,0.23885695582292324,0.09078686685511013,0.222029759040851,0.18110962112547613,0.18110962112547613,0.31889037887452387
TD,NS,SY,TT,"['TD', 'NS', 'SY', 'TT']",TD + NS,SY + TT,TD|NS|SY|TT,"NS,TD||SY,TT",False,False,0.23193327894954854,0.13168874134230957,0.19433706240375087,0.18145804616450228,0.1799600706378643,0.26812912749563234,0.18087383570911347,0.18087383570911347,0.3191261642908865
CH,RS,SY,NS,"['CH', 'RS', 'SY', 'NS']",CH + RS,SY + NS,CH|RS|SY|NS,"CH,RS||NS,SY",False,False,0.32946335910219116,0.20094972869311295,0.3085089547138999,0.2404080757414158,0.08676955458195701,0.1877592568427045,0.18048905248922686,0.18048905248922686,0.31951094751077314
TD,AC,RS,NS,"['TD', 'AC', 'RS', 'NS']",TD + AC,RS + NS,TD|AC|RS|NS,"AC,TD||NS,RS",False,False,0.31481810979045444,0.3245071293458516,0.002113697010191199,0.16861476325879068,0.1989003867564662,0.29503025499400554,0.18042615642288412,0.18042615642288412,0.3195738435771159
AC,FZ,SY,TD,"['AC', 'FZ', 'SY', 'TD']",AC + FZ,SY + TD,AC|FZ|SY|TD,"AC,FZ||SY,TD",False,False,0.7881184430459457,0.8395620679468514,0.49178661079156466,0.7533442463984921,0.9235688926101272,0.829746253700508,0.8197318584210298,0.8197318584210298,0.3197318584210298
FZ,SY,CH,TT,"['FZ', 'SY', 'CH', 'TT']",FZ + SY,CH + TT,FZ|SY|CH|TT,"CH,TT||FZ,SY",True,True,0.6563911881747134,0.7824314975346931,0.9565215035620074,0.7635581579361667,0.9078361938663424,0.8923272400592466,0.8198265919489351,0.8198265919489351,0.31982659194893515
AC,FZ,TD,RS,"['AC', 'FZ', 'TD', 'RS']",AC + FZ,TD + RS,AC|FZ|TD|RS,"AC,FZ||RS,TD",False,True,0.9166301359583203,0.9827570546563551,0.3038711950031555,0.711545136747124,0.9892030337717563,0.8716027828340411,0.8198317165867306,0.8198317165867306,0.3198317165867306
RS,CH,NS,AC,"['RS', 'CH', 'NS', 'AC']",RS + CH,NS + AC,RS|CH|NS|AC,"AC,NS||CH,RS",False,True,0.5002941055022914,0.43089019217588187,0.037540283455410245,0.23259136185774154,0.0980571792272823,0.30689069104396016,0.1801230306318624,0.1801230306318624,0.3198769693681376
FZ,TT,CH,AC,"['FZ', 'TT', 'CH', 'AC']",FZ + TT,CH + AC,FZ|TT|CH|AC,"AC,CH||FZ,TT",False,True,0.7445208433180251,0.7767085003086378,0.9335559033925968,0.9064750840952097,0.6844832418699158,0.8856081464975384,0.819898265627345,0.819898265627345,0.319898265627345
TD,AC,NS,RS,"['TD', 'AC', 'NS', 'RS']",TD + AC,NS + RS,TD|AC|NS|RS,"AC,TD||NS,RS",False,False,0.31481810979045444,0.3245071293458516,0.004288918689345773,0.1686839239861777,0.19792919618054228,0.2956035636298749,0.1800895801419799,0.1800895801419799,0.3199104198580201
TT,RS,AC,NS,"['TT', 'RS', 'AC', 'NS']",TT + RS,AC + NS,TT|RS|AC|NS,"AC,NS||RS,TT",False,False,0.3963966963756044,0.2932748837187548,0.023624901812880083,0.1899113300950783,0.16311772145443368,0.3526681309642027,0.17946182272522687,0.17946182272522687,0.32053817727477313
TD,CH,SY,FZ,"['TD', 'CH', 'SY', 'FZ']",TD + CH,SY + FZ,TD|CH|SY|FZ,"CH,TD||FZ,SY",False,True,0.14824232720343192,0.05131919030134751,0.1246506465593318,0.22565023255276223,0.10691188989103256,0.12604111609478422,0.17934227891468765,0.17934227891468765,0.3206577210853123
FZ,NS,TT,SY,"['FZ', 'NS', 'TT', 'SY']",FZ + NS,TT + SY,FZ|NS|TT|SY,"FZ,NS||SY,TT",False,True,0.6959284293408678,0.70506396105757,0.9877952923450803,0.8081932497630033,0.8403073600574139,0.8550178168290664,0.8207177527778234,0.8207177527778234,0.32071775277782344
NS,CH,AC,TD,"['NS', 'CH', 'AC', 'TD']",NS + CH,AC + TD,NS|CH|AC|TD,"AC,TD||CH,NS",False,True,0.894583802240351,0.948141746153327,0.5232131434123138,0.7308723843285021,0.9612926406894663,0.9051985486387742,0.8207362843092781,0.8207362843092781,0.32073628430927814
SY,FZ,CH,NS,"['SY', 'FZ', 'CH', 'NS']",SY + FZ,CH + NS,SY|FZ|CH|NS,"CH,NS||FZ,SY",False,True,0.6453720885985663,0.7599964835151225,0.9752979448749965,0.75531628866343,0.9234733183639776,0.7811831164844589,0.8208975302466436,0.8208975302466436,0.3208975302466436
TD,TT,FZ,AC,"['TD', 'TT', 'FZ', 'AC']",TD + TT,FZ + AC,TD|TT|FZ|AC,"AC,FZ||TD,TT",False,False,0.1887209949615435,0.0908579323185677,0.11095778682836986,0.24969925215237612,0.06865392115095666,0.18232774636673102,0.17909157306182252,0.17909157306182252,0.32090842693817745
SY,NS,AC,TD,"['SY', 'NS', 'AC', 'TD']",SY + NS,AC + TD,SY|NS|AC|TD,"AC,TD||NS,SY",False,True,0.8654699988000911,0.9444358446885908,0.9092427885137913,0.7296107673943708,0.9642978003144355,0.8376036393701397,0.821138710233196,0.821138710233196,0.32113871023319596
FZ,SY,TT,CH,"['FZ', 'SY', 'TT', 'CH']",FZ + SY,TT + CH,FZ|SY|TT|CH,"CH,TT||FZ,SY",False,True,0.6563911881747134,0.7824314975346931,0.967840929186354,0.7613822320102408,0.9148356582738261,0.8828166816109749,0.821229068253039,0.821229068253039,0.321229068253039
AC,TD,TT,CH,"['AC', 'TD', 'TT', 'CH']",AC + TD,TT + CH,AC|TD|TT|CH,"AC,TD||CH,TT",False,True,0.11007775526784612,0.06077227085580333,0.01756789754702612,0.24888504660745622,0.06883572989747455,0.16852935854321707,0.17866581309056337,0.17866581309056337,0.3213341869094366
CH,RS,NS,SY,"['CH', 'RS', 'NS', 'SY']",CH + RS,NS + SY,CH|RS|NS|SY,"CH,RS||NS,SY",False,False,0.32946335910219116,0.20094972869311295,0.3085089547138999,0.2391580757414158,0.0836479958876638,0.1917320741005262,0.17850914459845252,0.17850914459845252,0.3214908554015475
RS,AC,TD,FZ,"['RS', 'AC', 'TD', 'FZ']",RS + AC,TD + FZ,RS|AC|TD|FZ,"AC,RS||FZ,TD",False,True,0.20929961538012365,0.14483816057148635,0.5056091711030206,0.269503508804175,0.0356096446591753,0.2459594185908379,0.17828490178762513,0.17828490178762513,0.3217150982123749
RS,NS,SY,AC,"['RS', 'NS', 'SY', 'AC']",RS + NS,SY + AC,RS|NS|SY|AC,"AC,SY||NS,RS",False,False,0.38503461484607343,0.2309018063085534,0.18837229631045765,0.17868710412767835,0.1764954996941181,0.33726396776324075,0.17783237839858984,0.17783237839858984,0.32216762160141016
TD,NS,AC,CH,"['TD', 'NS', 'AC', 'CH']",TD + NS,AC + CH,TD|NS|AC|CH,"AC,CH||NS,TD",False,False,0.2875495042861422,0.20335444248734713,0.07004007982180385,0.17986775018423143,0.17453846403454196,0.2639591276321368,0.17778932858585253,0.17778932858585253,0.3222106714141475
SY,FZ,NS,CH,"['SY', 'FZ', 'NS', 'CH']",SY + FZ,NS + CH,SY|FZ|NS|CH,"CH,NS||FZ,SY",True,True,0.6453720885985663,0.7599964835151225,0.9729982407107162,0.7592365165836579,0.920799268020626,0.7808420747005984,0.8222459896440755,0.8222459896440755,0.32224598964407547
SY,RS,CH,NS,"['SY', 'RS', 'CH', 'NS']",SY + RS,CH + NS,SY|RS|CH|NS,"CH,NS||RS,SY",False,False,0.22019561203217003,0.18533319143486487,0.12967860730685699,0.22307735681885735,0.10651983294437842,0.261788402900089,0.17761992250781056,0.17761992250781056,0.32238007749218944
CH,TT,RS,TD,"['CH', 'TT', 'RS', 'TD']",CH + TT,RS + TD,CH|TT|RS|TD,"CH,TT||RS,TD",False,True,0.9214312169024432,0.9773486023554865,0.8930814930786007,0.7268360806448315,0.9720404604421167,0.8402241434154721,0.8224657887657727,0.8224657887657727,0.3224657887657727
CH,NS,AC,TT,"['CH', 'NS', 'AC', 'TT']",CH + NS,AC + TT,CH|NS|AC|TT,"AC,TT||CH,NS",True,True,0.7383174197530591,0.7806982443356105,0.8381747581835004,0.800752778681629,0.8564809264267323,0.8403953134881442,0.8224867563022193,0.8224867563022193,0.32248675630221935
RS,TT,CH,FZ,"['RS', 'TT', 'CH', 'FZ']",RS + TT,CH + FZ,RS|TT|CH|FZ,"CH,FZ||RS,TT",False,True,0.09237600851932945,0.024585889480103262,0.028752230871627173,0.2636668543966665,0.042514527354841125,0.17183187753076648,0.1774174468503546,0.1774174468503546,0.3225825531496454
RS,SY,CH,NS,"['RS', 'SY', 'CH', 'NS']",RS + SY,CH + NS,RS|SY|CH|NS,"CH,NS||RS,SY",False,False,0.22019561203217003,0.18533319143486487,0.141621452700358,0.224379496130695,0.10299175101422266,0.26074901951558593,0.1770382755352708,0.1770382755352708,0.3229617244647292
TD,NS,SY,FZ,"['TD', 'NS', 'SY', 'FZ']",TD + NS,SY + FZ,TD|NS|SY|FZ,"FZ,SY||NS,TD",False,True,0.10701156018327779,0.02702652855010815,0.1327280147665294,0.23794724450249763,0.08114928452390205,0.20846148246335786,0.17679604011084535,0.17679604011084535,0.3232039598891546
SY,NS,TT,TD,"['SY', 'NS', 'TT', 'TD']",SY + NS,TT + TD,SY|NS|TT|TD,"NS,SY||TD,TT",False,False,0.7848939087565723,0.8976893158056696,0.9795445324926733,0.7526413448740605,0.9338080741208116,0.8666015459024421,0.8232963692802935,0.8232963692802935,0.3232963692802935
CH,RS,NS,FZ,"['CH', 'RS', 'NS', 'FZ']",CH + RS,NS + FZ,CH|RS|NS|FZ,"CH,RS||FZ,NS",False,True,0.18390645547983145,0.09635922300184285,0.058933674195175714,0.20795319527623962,0.12751976053719583,0.16171596604715105,0.17658415572801253,0.17658415572801253,0.32341584427198744
RS,NS,AC,TT,"['RS', 'NS', 'AC', 'TT']",RS + NS,AC + TT,RS|NS|AC|TT,"AC,TT||NS,RS",False,False,0.4198202340324775,0.3468380740300141,0.2030935093294888,0.1957968470435964,0.14596607746177995,0.27502733314100314,0.17636284690668796,0.17636284690668796,0.32363715309331204
FZ,AC,SY,TD,"['FZ', 'AC', 'SY', 'TD']",FZ + AC,SY + TD,FZ|AC|SY|TD,"AC,FZ||SY,TD",False,False,0.7881184430459457,0.8395620679468514,0.7825265230228575,0.775958122664568,0.8983793207010605,0.8687150228479553,0.8237023898988001,0.8237023898988001,0.32370238989880007
SY,TD,NS,FZ,"['SY', 'TD', 'NS', 'FZ']",SY + TD,NS + FZ,SY|TD|NS|FZ,"FZ,NS||SY,TD",False,True,0.12684088164537852,0.08216042141672292,0.015835419997244485,0.18452611918690354,0.16168348867657448,0.1497158193909978,0.1756174932878752,0.1756174932878752,0.32438250671212476
AC,RS,TD,CH,"['AC', 'RS', 'TD', 'CH']",AC + RS,TD + CH,AC|RS|TD|CH,"AC,RS||CH,TD",False,True,0.3043601054007538,0.26460410860725947,0.04478418338449798,0.20296395150819246,0.13251260737864656,0.25760405891088134,0.17548792729766954,0.17548792729766954,0.32451207270233046
TT,RS,NS,AC,"['TT', 'RS', 'NS', 'AC']",TT + RS,NS + AC,TT|RS|NS|AC,"AC,NS||RS,TT",False,False,0.3963966963756044,0.2932748837187548,0.020034647603274003,0.19316239941340205,0.14757749764572406,0.36347885457169,0.17538428772400763,0.17538428772400763,0.3246157122759924
TD,TT,AC,FZ,"['TD', 'TT', 'AC', 'FZ']",TD + TT,AC + FZ,TD|TT|AC|FZ,"AC,FZ||TD,TT",False,False,0.1887209949615435,0.0908579323185677,0.0790999981138672,0.24074714052831736,0.07286814336297033,0.1804271793070217,0.17527433163383202,0.17527433163383202,0.324725668366168
NS,RS,CH,FZ,"['NS', 'RS', 'CH', 'FZ']",NS + RS,CH + FZ,NS|RS|CH|FZ,"CH,FZ||NS,RS",False,True,0.0965231405537773,0.0289790191509948,0.05219617590602238,0.23954694096045223,0.07470729706207575,0.17789769206339756,0.17525947984008539,0.17525947984008539,0.3247405201599146
SY,TT,TD,RS,"['SY', 'TT', 'TD', 'RS']",SY + TT,TD + RS,SY|TT|TD|RS,"RS,TD||SY,TT",False,True,0.8988941111758777,0.9754121576252062,0.9467086303057484,0.7384542151473551,0.9597292128113035,0.8400702878391338,0.824751464236295,0.824751464236295,0.324751464236295
RS,CH,SY,NS,"['RS', 'CH', 'SY', 'NS']",RS + CH,SY + NS,RS|CH|SY|NS,"CH,RS||NS,SY",False,False,0.32946335910219116,0.20094972869311295,0.33338346478292236,0.2331737336945738,0.08349145209583307,0.21831142800276565,0.17479764387106492,0.17479764387106492,0.3252023561289351
RS,NS,TT,AC,"['RS', 'NS', 'TT', 'AC']",RS + NS,TT + AC,RS|NS|TT|AC,"AC,TT||NS,RS",False,False,0.4198202340324775,0.3468380740300141,0.2205896743631484,0.19838142912817844,0.13777296831105246,0.27574527109665936,0.1747441294094993,0.1747441294094993,0.3252558705905007
TT,CH,AC,RS,"['TT', 'CH', 'AC', 'RS']",TT + CH,AC + RS,TT|CH|AC|RS,"AC,RS||CH,TT",False,False,0.8730080702342979,0.931094126586554,0.6786370109752611,0.7578027657515559,0.9311572161764423,0.8802365555317965,0.8254110014172616,0.8254110014172616,0.32541100141726165
CH,RS,TT,SY,"['CH', 'RS', 'TT', 'SY']",CH + RS,TT + SY,CH|RS|TT|SY,"CH,RS||SY,TT",False,True,0.3402639856682081,0.2231838273901609,0.30969156433288964,0.22027492339442578,0.10293977937566107,0.2548482072564855,0.17451421722710753,0.17451421722710753,0.3254857827728925
TT,RS,FZ,CH,"['TT', 'RS', 'FZ', 'CH']",TT + RS,FZ + CH,TT|RS|FZ|CH,"CH,FZ||RS,TT",False,True,0.09237600851932945,0.024585889480103262,0.03197035289918345,0.2550781280062525,0.04848301065757675,0.1679133943858219,0.17450603224026898,0.17450603224026898,0.32549396775973105
AC,FZ,TT,TD,"['AC', 'FZ', 'TT', 'TD']",AC + FZ,TT + TD,AC|FZ|TT|TD,"AC,FZ||TD,TT",False,False,0.8112790050384565,0.9091420676814324,0.7301920255530866,0.7519215928606995,0.9407518788143523,0.8914242201687763,0.825565404382624,0.825565404382624,0.32556540438262405
FZ,TT,AC,CH,"['FZ', 'TT', 'AC', 'CH']",FZ + TT,AC + CH,FZ|TT|AC|CH,"AC,CH||FZ,TT",False,True,0.7445208433180251,0.7767085003086378,0.9528939587376613,0.9132158248359505,0.6887289504320568,0.888322539947226,0.825665943818432,0.825665943818432,0.32566594381843195
CH,NS,RS,SY,"['CH', 'NS', 'RS', 'SY']",CH + NS,RS + SY,CH|NS|RS|SY,"CH,NS||RS,SY",False,False,0.7798043879678299,0.8146668085651352,0.7314200521871109,0.7781707636595787,0.9001432472361086,0.8701765294964311,0.8257400322544254,0.8257400322544254,0.3257400322544254
RS,CH,NS,SY,"['RS', 'CH', 'NS', 'SY']",RS + CH,NS + SY,RS|CH|NS|SY,"CH,RS||NS,SY",False,False,0.32946335910219116,0.20094972869311295,0.33338346478292236,0.23442373369457378,0.08012414933198203,0.20170986891006212,0.174246895793163,0.174246895793163,0.325753104206837
NS,RS,FZ,SY,"['NS', 'RS', 'FZ', 'SY']",NS + RS,FZ + SY,NS|RS|FZ|SY,"FZ,SY||NS,RS",True,True,0.12351998728846166,0.03135720115041901,0.17986468730637917,0.24124336415120642,0.0687162486639366,0.18290772933998015,0.17395778911117118,0.17395778911117118,0.3260422108888288
RS,SY,NS,CH,"['RS', 'SY', 'NS', 'CH']",RS + SY,NS + CH,RS|SY|NS|CH,"CH,NS||RS,SY",False,False,0.22019561203217003,0.18533319143486487,0.12937270155821676,0.22376950195820078,0.09584473708685079,0.25556889105394487,0.17387884365837428,0.17387884365837428,0.32612115634162575
RS,CH,FZ,SY,"['RS', 'CH', 'FZ', 'SY']",RS + CH,FZ + SY,RS|CH|FZ|SY,"CH,RS||FZ,SY",False,False,0.1699011583544873,0.058489419957599834,0.16964340045808773,0.2095289865219709,0.11680235673147396,0.11750234299658253,0.1733656009036771,0.1733656009036771,0.3266343990963229
FZ,SY,CH,NS,"['FZ', 'SY', 'CH', 'NS']",FZ + SY,CH + NS,FZ|SY|CH|NS,"CH,NS||FZ,SY",False,True,0.6453720885985663,0.7599964835151225,0.9752979448749965,0.76781628866343,0.9190412727089781,0.7965781023576188,0.8267940324411938,0.8267940324411938,0.32679403244119376
RS,TT,SY,FZ,"['RS', 'TT', 'SY', 'FZ']",RS + TT,SY + FZ,RS|TT|SY|FZ,"FZ,SY||RS,TT",False,False,0.1183648935725385,0.026670685088999196,0.05413720949297546,0.24412538824524022,0.061499986268722266,0.15831348097953238,0.1729014814743982,0.1729014814743982,0.3270985185256018
RS,SY,CH,FZ,"['RS', 'SY', 'CH', 'FZ']",RS + SY,CH + FZ,RS|SY|CH|FZ,"CH,FZ||RS,SY",True,True,0.10524664176458552,0.05212129907417309,0.0735916416384923,0.25061114437739174,0.05121672787569708,0.15581159378912018,0.1728473219417308,0.1728473219417308,0.3271526780582692
FZ,SY,NS,CH,"['FZ', 'SY', 'NS', 'CH']",FZ + SY,NS + CH,FZ|SY|NS|CH,"CH,NS||FZ,SY",True,True,0.6453720885985663,0.7599964835151225,0.9729982407107162,0.7717365165836578,0.9139345712745517,0.8173626887569428,0.8271937579131065,0.8271937579131065,0.32719375791310645
SY,NS,TD,RS,"['SY', 'NS', 'TD', 'RS']",SY + NS,TD + RS,SY|NS|TD|RS,"NS,SY||RS,TD",False,False,0.9032170494013673,0.9796100317807835,0.878771101003086,0.730047226300551,0.9793429867567491,0.8595275840819742,0.8272725728784682,0.8272725728784682,0.3272725728784682
SY,RS,NS,CH,"['SY', 'RS', 'NS', 'CH']",SY + RS,NS + CH,SY|RS|NS|CH,"CH,NS||RS,SY",False,False,0.22019561203217003,0.18533319143486487,0.11832040463645542,0.21941379121779175,0.09964501503681457,0.25180433491563214,0.17270396850721065,0.17270396850721065,0.32729603149278935
AC,NS,FZ,TT,"['AC', 'NS', 'FZ', 'TT']",AC + NS,FZ + TT,AC|NS|FZ|TT,"AC,NS||FZ,TT",False,True,0.19111475435414121,0.14495479900162123,0.013830097100874395,0.17917301266555208,0.1622440386830693,0.19852670566802882,0.1725707128123838,0.1725707128123838,0.3274292871876162
TT,TD,FZ,SY,"['TT', 'TD', 'FZ', 'SY']",TT + TD,FZ + SY,TT|TD|FZ|SY,"FZ,SY||TD,TT",False,False,0.10246489902728212,0.022892991088393,0.18588929802001242,0.2415087200858368,0.06470064142698663,0.2150715257356228,0.17255356940888522,0.17255356940888522,0.3274464305911148
CH,NS,TD,RS,"['CH', 'NS', 'TD', 'RS']",CH + NS,TD + RS,CH|NS|TD|RS,"CH,NS||RS,TD",False,False,0.9248710841262435,0.9812773002666518,0.8360121866976026,0.7341127621099246,0.9735156450916098,0.7669902311651096,0.8274798864727819,0.8274798864727819,0.3274798864727819
TD,NS,CH,AC,"['TD', 'NS', 'CH', 'AC']",TD + NS,CH + AC,TD|NS|CH|AC,"AC,CH||NS,TD",False,False,0.2875495042861422,0.20335444248734713,0.0751116204684526,0.18317615799739367,0.1557171654943417,0.26424768743351573,0.1724671509212034,0.1724671509212034,0.3275328490787966
RS,TT,AC,SY,"['RS', 'TT', 'AC', 'SY']",RS + TT,AC + SY,RS|TT|AC|SY,"AC,SY||RS,TT",False,False,0.3736176747996596,0.20921561982254283,0.11762442208100791,0.18126784729584103,0.15868167869294492,0.3881448156890261,0.17245924154071154,0.17245924154071154,0.32754075845928843
FZ,AC,TT,RS,"['FZ', 'AC', 'TT', 'RS']",FZ + AC,TT + RS,FZ|AC|TT|RS,"AC,FZ||RS,TT",False,True,0.7851975313596647,0.8982561129390221,0.8200748525803235,0.7639409778604795,0.9275045676019407,0.9064104553907191,0.8277307778596494,0.8277307778596494,0.32773077785964944
NS,TD,FZ,TT,"['NS', 'TD', 'FZ', 'TT']",NS + TD,FZ + TT,NS|TD|FZ|TT,"FZ,TT||NS,TD",False,True,0.12164804058329179,0.056705727545923165,0.044433168296221674,0.19507376894146078,0.136513674926385,0.17776230165293241,0.17223533227558124,0.17223533227558124,0.32776466772441876
FZ,AC,TD,TT,"['FZ', 'AC', 'TD', 'TT']",FZ + AC,TD + TT,FZ|AC|TD|TT,"AC,FZ||TD,TT",False,False,0.8112790050384565,0.9091420676814324,0.6930991375235642,0.7764828655333451,0.9081826871078557,0.8781299330604588,0.8278457959474042,0.8278457959474042,0.32784579594740415
NS,TD,CH,FZ,"['NS', 'TD', 'CH', 'FZ']",NS + TD,CH + FZ,NS|TD|CH|FZ,"CH,FZ||NS,TD",True,True,0.08328000670219923,0.02490861705073769,0.05075231021779281,0.24093290884865673,0.06428281542013896,0.2230381689124403,0.17203937241153477,0.17203937241153477,0.3279606275884652
TT,RS,NS,CH,"['TT', 'RS', 'NS', 'CH']",TT + RS,NS + CH,TT|RS|NS|CH,"CH,NS||RS,TT",False,False,0.19635266862814282,0.10794887563638772,0.04196478026055882,0.2348065955961112,0.0736175034960613,0.22837595325834334,0.17194284967709175,0.17194284967709175,0.3280571503229083
TT,RS,AC,CH,"['TT', 'RS', 'AC', 'CH']",TT + RS,AC + CH,TT|RS|AC|CH,"AC,CH||RS,TT",False,False,0.31137803765710903,0.20036443245526292,0.027925399840308483,0.1871525151202476,0.1480224994892351,0.27879023950107784,0.17189180902415274,0.17189180902415274,0.32810819097584726
TD,SY,FZ,NS,"['TD', 'SY', 'FZ', 'NS']",TD + SY,FZ + NS,TD|SY|FZ|NS,"FZ,NS||SY,TD",False,True,0.12684088164537852,0.08216042141672292,0.02821677540532224,0.17891693010067372,0.16080794139310461,0.1243377044034346,0.17185442450472177,0.17185442450472177,0.32814557549527823
RS,NS,TT,SY,"['RS', 'NS', 'TT', 'SY']",RS + NS,TT + SY,RS|NS|TT|SY,"NS,RS||SY,TT",False,False,0.26205768319349043,0.1456428630100018,0.2370504636736443,0.1861291423047569,0.1488513221948312,0.24658913589558365,0.17159079246188588,0.17159079246188588,0.3284092075381141
TD,AC,FZ,RS,"['TD', 'AC', 'FZ', 'RS']",TD + AC,FZ + RS,TD|AC|FZ|RS,"AC,TD||FZ,RS",False,True,0.16064941646754174,0.11904199954193317,0.09170915026422861,0.23092388944970665,0.07877825514799733,0.20855000220624204,0.17158709207204,0.17158709207204,0.32841290792795996
TT,FZ,CH,AC,"['TT', 'FZ', 'CH', 'AC']",TT + FZ,CH + AC,TT|FZ|CH|AC,"AC,CH||FZ,TT",False,True,0.7445208433180251,0.7767085003086378,0.9335559033925968,0.9013661214815688,0.7148732634880715,0.8861768310539123,0.8286339068641049,0.8286339068641049,0.3286339068641049
AC,RS,NS,TD,"['AC', 'RS', 'NS', 'TD']",AC + RS,NS + TD,AC|RS|NS|TD,"AC,RS||NS,TD",False,False,0.38854375921848794,0.3690836684774552,0.02430498497328875,0.1831836554986739,0.1523557511183366,0.3168590285822924,0.17116077279034236,0.17116077279034236,0.32883922720965764
SY,RS,CH,FZ,"['SY', 'RS', 'CH', 'FZ']",SY + RS,CH + FZ,SY|RS|CH|FZ,"CH,FZ||RS,SY",True,True,0.10524664176458552,0.05212129907417309,0.0735916416384923,0.24806394504894239,0.050294353604792404,0.14740064918955126,0.1709338043857239,0.1709338043857239,0.3290661956142761
RS,CH,TT,SY,"['RS', 'CH', 'TT', 'SY']",RS + CH,TT + SY,RS|CH|TT|SY,"CH,RS||SY,TT",True,True,0.3402639856682081,0.2231838273901609,0.30969156433288964,0.2128294353507235,0.10534586607956863,0.27049956904451333,0.17091084333497308,0.17091084333497308,0.3290891566650269
TT,CH,TD,RS,"['TT', 'CH', 'TD', 'RS']",TT + CH,TD + RS,TT|CH|TD|RS,"CH,TT||RS,TD",False,True,0.9214312169024432,0.9773486023554865,0.7840920356896639,0.7358894240973597,0.9751326224752627,0.835804303297519,0.8291942714647418,0.8291942714647418,0.3291942714647418
FZ,AC,RS,TD,"['FZ', 'AC', 'RS', 'TD']",FZ + AC,RS + TD,FZ|AC|RS|TD,"AC,FZ||RS,TD",True,True,0.9166301359583203,0.9827570546563551,0.5096526201236878,0.7307198150071149,0.9839311595891469,0.8582326042738574,0.8294722393941074,0.8294722393941074,0.3294722393941074
RS,NS,CH,FZ,"['RS', 'NS', 'CH', 'FZ']",RS + NS,CH + FZ,RS|NS|CH|FZ,"CH,FZ||NS,RS",False,True,0.0965231405537773,0.0289790191509948,0.05219617590602238,0.23641990937858867,0.0669139340759195,0.16614982088695493,0.1703125790105477,0.1703125790105477,0.3296874209894523
AC,TD,CH,TT,"['AC', 'TD', 'CH', 'TT']",AC + TD,CH + TT,AC|TD|CH|TT,"AC,TD||CH,TT",False,True,0.11007775526784612,0.06077227085580333,0.01479070535573999,0.2369327212772685,0.06573662218896549,0.16974714257078372,0.17016624263283034,0.17016624263283034,0.3298337573671697
TT,RS,CH,AC,"['TT', 'RS', 'CH', 'AC']",TT + RS,CH + AC,TT|RS|CH|AC,"AC,CH||RS,TT",False,False,0.31137803765710903,0.20036443245526292,0.025505410281036867,0.1907555657905527,0.13758824217883575,0.28565789268216535,0.17002030958198308,0.17002030958198308,0.3299796904180169
NS,CH,SY,RS,"['NS', 'CH', 'SY', 'RS']",NS + CH,SY + RS,NS|CH|SY|RS,"CH,NS||RS,SY",False,False,0.7798043879678299,0.8146668085651352,0.6551167994208459,0.7745256544979542,0.9173139727132383,0.849516062762458,0.830213098601915,0.830213098601915,0.33021309860191495
RS,AC,TD,TT,"['RS', 'AC', 'TD', 'TT']",RS + AC,TD + TT,RS|AC|TD|TT,"AC,RS||TD,TT",False,False,0.4001254511864867,0.3977927639926789,0.07587216898901887,0.16011901276854762,0.1846217620051813,0.39642827020989574,0.16967508497083475,0.16967508497083475,0.3303249150291653
AC,RS,TD,NS,"['AC', 'RS', 'TD', 'NS']",AC + RS,TD + NS,AC|RS|TD|NS,"AC,RS||NS,TD",False,False,0.38854375921848794,0.3690836684774552,0.011272437607199787,0.18077268358294757,0.15111069824107015,0.2860010832242986,0.1692045092996154,0.1692045092996154,0.3307954907003846
TD,NS,CH,FZ,"['TD', 'NS', 'CH', 'FZ']",TD + NS,CH + FZ,TD|NS|CH|FZ,"CH,FZ||NS,TD",False,True,0.08328000670219923,0.02490861705073769,0.047794423859171355,0.2406759753060089,0.05737697307471749,0.162161370614976,0.16918936443580523,0.16918936443580523,0.33081063556419477
CH,NS,RS,AC,"['CH', 'NS', 'RS', 'AC']",CH + NS,RS + AC,CH|NS|RS|AC,"AC,RS||CH,NS",False,True,0.878287943462771,0.940907173214982,0.7660516071721513,0.740936084862819,0.9724947185934701,0.9048352745834967,0.831243952017773,0.831243952017773,0.331243952017773
RS,TT,FZ,SY,"['RS', 'TT', 'FZ', 'SY']",RS + TT,FZ + SY,RS|TT|FZ|SY,"FZ,SY||RS,TT",False,False,0.1183648935725385,0.026670685088999196,0.0845910616495492,0.23793721037964613,0.060373230668060815,0.14760467383994239,0.16868725829212786,0.16868725829212786,0.33131274170787217
RS,TT,SY,AC,"['RS', 'TT', 'SY', 'AC']",RS + TT,SY + AC,RS|TT|SY|AC,"AC,SY||RS,TT",False,False,0.3736176747996596,0.20921561982254283,0.10123021435672247,0.1824734620687102,0.14706559881445785,0.38555831359492604,0.1686643953995518,0.1686643953995518,0.3313356046004482
CH,NS,AC,TD,"['CH', 'NS', 'AC', 'TD']",CH + NS,AC + TD,CH|NS|AC|TD,"AC,TD||CH,NS",True,True,0.894583802240351,0.948141746153327,0.5352134838378918,0.7493485748046925,0.9601527485365479,0.9048556914959169,0.8315622025601161,0.8315622025601161,0.33156220256011615
RS,AC,TT,TD,"['RS', 'AC', 'TT', 'TD']",RS + AC,TT + TD,RS|AC|TT|TD,"AC,RS||TD,TT",False,False,0.4001254511864867,0.3977927639926789,0.16560222156775187,0.15732424044317184,0.1856978590948949,0.3383495398581244,0.16838995171734383,0.16838995171734383,0.33161004828265617
TT,TD,SY,FZ,"['TT', 'TD', 'SY', 'FZ']",TT + TD,SY + FZ,TT|TD|SY|FZ,"FZ,SY||TD,TT",False,False,0.10246489902728212,0.022892991088393,0.12081432921830805,0.23393592204155012,0.06512102949299833,0.21277530972277212,0.16809811394761492,0.16809811394761492,0.3319018860523851
TD,AC,RS,FZ,"['TD', 'AC', 'RS', 'FZ']",TD + AC,RS + FZ,TD|AC|RS|FZ,"AC,TD||FZ,RS",False,True,0.16064941646754174,0.11904199954193317,0.048470269590222034,0.23326032128271387,0.06607445889302066,0.17121185964971097,0.1680578349507335,0.1680578349507335,0.3319421650492665
CH,RS,SY,TT,"['CH', 'RS', 'SY', 'TT']",CH + RS,SY + TT,CH|RS|SY|TT,"CH,RS||SY,TT",False,True,0.3402639856682081,0.2231838273901609,0.2792063639251773,0.21505761672599114,0.09426641871472552,0.2850708398687561,0.16794904950159756,0.16794904950159756,0.33205095049840244
RS,CH,SY,TT,"['RS', 'CH', 'SY', 'TT']",RS + CH,SY + TT,RS|CH|SY|TT,"CH,RS||SY,TT",False,True,0.3402639856682081,0.2231838273901609,0.2792063639251773,0.21212403344419362,0.09775908525426967,0.28088883455476604,0.16752170365012325,0.16752170365012325,0.33247829634987675
CH,TT,AC,RS,"['CH', 'TT', 'AC', 'RS']",CH + TT,AC + RS,CH|TT|AC|RS,"AC,RS||CH,TT",False,False,0.8730080702342979,0.931094126586554,0.8669274309999357,0.771273193715405,0.9283077663338155,0.8877327727123868,0.832516677036585,0.832516677036585,0.33251667703658505
NS,RS,SY,TT,"['NS', 'RS', 'SY', 'TT']",NS + RS,SY + TT,NS|RS|SY|TT,"NS,RS||SY,TT",False,False,0.26205768319349043,0.1456428630100018,0.21152476723316144,0.18388944433714532,0.1412173651268257,0.2470411811522858,0.16724733344512066,0.16724733344512066,0.33275266655487934
CH,RS,FZ,TT,"['CH', 'RS', 'FZ', 'TT']",CH + RS,FZ + TT,CH|RS|FZ|TT,"CH,RS||FZ,TT",False,True,0.19129668343008294,0.1103623997081638,0.06752133101825808,0.20655836767703273,0.1054196480765495,0.19468726345717852,0.16711426703284427,0.16711426703284427,0.33288573296715573
NS,RS,SY,CH,"['NS', 'RS', 'SY', 'CH']",NS + RS,SY + CH,NS|RS|SY|CH,"CH,SY||NS,RS",False,False,0.18892978822556852,0.07636483363286335,0.13026886029807427,0.20090780274338704,0.11300011231650439,0.1865264911629307,0.1666238034769028,0.1666238034769028,0.3333761965230972
NS,RS,SY,FZ,"['NS', 'RS', 'SY', 'FZ']",NS + RS,SY + FZ,NS|RS|SY|FZ,"FZ,SY||NS,RS",False,True,0.12351998728846166,0.03135720115041901,0.11024705450799074,0.22836647708000465,0.0691560823642059,0.2228628614586788,0.16627442314084315,0.16627442314084315,0.3337255768591568
RS,NS,CH,SY,"['RS', 'NS', 'CH', 'SY']",RS + NS,CH + SY,RS|NS|CH|SY,"CH,SY||NS,RS",False,False,0.18892978822556852,0.07636483363286335,0.17002325286259773,0.20433431422793422,0.1064049871031289,0.17946938641894686,0.16614187664926014,0.16614187664926014,0.33385812335073983
TT,FZ,AC,CH,"['TT', 'FZ', 'AC', 'CH']",TT + FZ,AC + CH,TT|FZ|AC|CH,"AC,CH||FZ,TT",True,True,0.7445208433180251,0.7767085003086378,0.9528939587376613,0.9054679733334209,0.7221702935145086,0.8825610972122369,0.8339818782040451,0.8339818782040451,0.3339818782040451
AC,NS,FZ,CH,"['AC', 'NS', 'FZ', 'CH']",AC + NS,FZ + CH,AC|NS|FZ|CH,"AC,NS||CH,FZ",True,True,0.13418391455376802,0.07530597381706866,0.013095903791830649,0.18146454981271934,0.1411159508927555,0.15374672567682596,0.16572859623393343,0.16572859623393343,0.33427140376606657
SY,TD,FZ,CH,"['SY', 'TD', 'FZ', 'CH']",SY + TD,FZ + CH,SY|TD|FZ|CH,"CH,FZ||SY,TD",False,True,0.09092708461008797,0.045574243558019284,0.027726231250172154,0.20109732668068914,0.10981910180356289,0.13399408978132163,0.1654988189786099,0.1654988189786099,0.3345011810213901
SY,NS,AC,RS,"['SY', 'NS', 'AC', 'RS']",SY + NS,AC + RS,SY|NS|AC|RS,"AC,RS||NS,SY",False,False,0.8454510802295562,0.9368411767684761,0.9723109233966166,0.752329020966899,0.9634327335260868,0.8696280042420447,0.8346594688649822,0.8346594688649822,0.3346594688649822
AC,RS,TT,CH,"['AC', 'RS', 'TT', 'CH']",AC + RS,TT + CH,AC|RS|TT|CH,"AC,RS||CH,TT",False,False,0.12699192976570206,0.06890587341344605,0.08487899031604416,0.23997240212989238,0.04855009349126156,0.15487378351937073,0.16531770176082636,0.16531770176082636,0.3346822982391736
TD,CH,FZ,NS,"['TD', 'CH', 'FZ', 'NS']",TD + CH,FZ + NS,TD|CH|FZ|NS,"CH,TD||FZ,NS",False,True,0.16080810995468178,0.08585751583788981,0.06000611153930662,0.20226578750231533,0.10708775274359382,0.13942995836719504,0.16514635394641394,0.16514635394641394,0.33485364605358603
SY,RS,FZ,NS,"['SY', 'RS', 'FZ', 'NS']",SY + RS,FZ + NS,SY|RS|FZ|NS,"FZ,NS||RS,SY",False,False,0.14590850792858606,0.09230066345179805,0.05517963991761723,0.19664216812902072,0.11510741566986556,0.12120441866719182,0.1648436146699502,0.1648436146699502,0.33515638533004977
TT,TD,CH,FZ,"['TT', 'TD', 'CH', 'FZ']",TT + TD,CH + FZ,TT|TD|CH|FZ,"CH,FZ||TD,TT",False,True,0.07965170481341495,0.02104509850984853,0.043187728524639896,0.2392100629195155,0.04786812696540763,0.18125572057968675,0.16458670789741342,0.16458670789741342,0.3354132921025866
TD,NS,FZ,SY,"['TD', 'NS', 'FZ', 'SY']",TD + NS,FZ + SY,TD|NS|FZ|SY,"FZ,SY||NS,TD",False,True,0.10701156018327779,0.02702652855010815,0.17230037083389915,0.2183695853391704,0.08028088849654781,0.1788862264942739,0.16451499357054758,0.16451499357054758,0.33548500642945245
AC,TT,FZ,NS,"['AC', 'TT', 'FZ', 'NS']",AC + TT,FZ + NS,AC|TT|FZ|NS,"AC,TT||FZ,NS",True,True,0.17656822624977994,0.11318693296549531,0.0072464163576807916,0.19381444067790984,0.11634482162312487,0.1571399512557091,0.1636012892465437,0.1636012892465437,0.3363987107534563
TD,SY,NS,FZ,"['TD', 'SY', 'NS', 'FZ']",TD + SY,NS + FZ,TD|SY|NS|FZ,"FZ,NS||SY,TD",False,True,0.12684088164537852,0.08216042141672292,0.015835419997244485,0.16613434429512874,0.15945661620711707,0.14091832943794505,0.16353003034080418,0.16353003034080418,0.33646996965919584
CH,TT,TD,RS,"['CH', 'TT', 'TD', 'RS']",CH + TT,TD + RS,CH|TT|TD|RS,"CH,TT||RS,TD",True,True,0.9214312169024432,0.9773486023554865,0.9180558072269513,0.7488484884248452,0.9737336509285636,0.8409408711322001,0.8365537018012954,0.8365537018012954,0.3365537018012954
FZ,AC,TT,TD,"['FZ', 'AC', 'TT', 'TD']",FZ + AC,TT + TD,FZ|AC|TT|TD,"AC,FZ||TD,TT",False,False,0.8112790050384565,0.9091420676814324,0.9096118240190763,0.7842955634385942,0.918403440973318,0.8948806877296622,0.8365976356771365,0.8365976356771365,0.3365976356771365
RS,NS,SY,TT,"['RS', 'NS', 'SY', 'TT']",RS + NS,SY + TT,RS|NS|SY|TT,"NS,RS||SY,TT",False,False,0.26205768319349043,0.1456428630100018,0.21152476723316144,0.18167582858781525,0.13385195131299887,0.25149580074227545,0.16302451645063687,0.16302451645063687,0.33697548354936313
NS,RS,FZ,CH,"['NS', 'RS', 'FZ', 'CH']",NS + RS,FZ + CH,NS|RS|FZ|CH,"CH,FZ||NS,RS",False,True,0.0965231405537773,0.0289790191509948,0.05788190722320971,0.21932714877517387,0.07481529015914391,0.16259723751757413,0.1629675239149222,0.1629675239149222,0.3370324760850778
RS,SY,NS,FZ,"['RS', 'SY', 'NS', 'FZ']",RS + SY,NS + FZ,RS|SY|NS|FZ,"FZ,NS||RS,SY",False,False,0.14590850792858606,0.09230066345179805,0.04460470506696253,0.19272579722702626,0.1161328227841005,0.1441258657107823,0.16285453719428522,0.16285453719428522,0.3371454628057148
RS,TT,AC,NS,"['RS', 'TT', 'AC', 'NS']",RS + TT,AC + NS,RS|TT|AC|NS,"AC,NS||RS,TT",False,False,0.3963966963756044,0.2932748837187548,0.02369470343544631,0.17350936109633508,0.14586645835985565,0.3625834822984869,0.1627286290291081,0.1627286290291081,0.3372713709708919
SY,RS,NS,FZ,"['SY', 'RS', 'NS', 'FZ']",SY + RS,NS + FZ,SY|RS|NS|FZ,"FZ,NS||RS,SY",False,False,0.14590850792858606,0.09230066345179805,0.037844888884126696,0.1920985485497776,0.11632018711766967,0.13073002523675284,0.16254498759125552,0.16254498759125552,0.3374550124087445
SY,RS,FZ,TT,"['SY', 'RS', 'FZ', 'TT']",SY + RS,FZ + TT,SY|RS|FZ|TT,"FZ,TT||RS,SY",False,False,0.15205630140137127,0.10583979423184159,0.0669190876509409,0.1950255087994886,0.11151509579639739,0.16962331637175607,0.16245644772828302,0.16245644772828302,0.33754355227171695
RS,TD,AC,FZ,"['RS', 'TD', 'AC', 'FZ']",RS + TD,AC + FZ,RS|TD|AC|FZ,"AC,FZ||RS,TD",False,True,0.08336986404167963,0.017242945343644882,0.06216189429215397,0.25754047374138045,0.013613941000461528,0.2484837028811739,0.16240912597242207,0.16240912597242207,0.3375908740275779
RS,AC,CH,TD,"['RS', 'AC', 'CH', 'TD']",RS + AC,CH + TD,RS|AC|CH|TD,"AC,RS||CH,TD",False,True,0.3043601054007538,0.26460410860725947,0.09316731996111142,0.1950662995577057,0.1108648638912856,0.2851637251806181,0.16222773964780188,0.16222773964780188,0.3377722603521981
RS,TD,FZ,AC,"['RS', 'TD', 'FZ', 'AC']",RS + TD,FZ + AC,RS|TD|FZ|AC,"AC,FZ||RS,TD",False,True,0.08336986404167963,0.017242945343644882,0.10232235151079387,0.2578997435046146,0.012069887703921622,0.25215132235789695,0.16202609974234433,0.16202609974234433,0.33797390025765567
RS,NS,SY,FZ,"['RS', 'NS', 'SY', 'FZ']",RS + NS,SY + FZ,RS|NS|SY|FZ,"FZ,SY||NS,RS",False,True,0.12351998728846166,0.03135720115041901,0.11024705450799074,0.22476232131513463,0.0614875114039882,0.15624410060260088,0.16108514544978753,0.16108514544978753,0.3389148545502125
RS,TT,CH,NS,"['RS', 'TT', 'CH', 'NS']",RS + TT,CH + NS,RS|TT|CH|NS,"CH,NS||RS,TT",False,False,0.19635266862814282,0.10794887563638772,0.05110048661235808,0.22493110650187212,0.0609673005793573,0.22784923834478132,0.16098522219209133,0.16098522219209133,0.3390147778079087
TD,RS,AC,FZ,"['TD', 'RS', 'AC', 'FZ']",TD + RS,AC + FZ,TD|RS|AC|FZ,"AC,FZ||RS,TD",True,True,0.08336986404167963,0.017242945343644882,0.06216189429215397,0.2550404737413805,0.01338210206735548,0.2484837028811739,0.16079370878851074,0.16079370878851074,0.33920629121148926
RS,CH,FZ,NS,"['RS', 'CH', 'FZ', 'NS']",RS + CH,FZ + NS,RS|CH|FZ|NS,"CH,RS||FZ,NS",False,True,0.18390645547983145,0.09635922300184285,0.07264742286895055,0.18943191697820722,0.11591258315549981,0.1813362631963094,0.1607593767873513,0.1607593767873513,0.3392406232126487
FZ,AC,TD,RS,"['FZ', 'AC', 'TD', 'RS']",FZ + AC,TD + RS,FZ|AC|TD|RS,"AC,FZ||RS,TD",False,True,0.9166301359583203,0.9827570546563551,0.5823004389109635,0.7462738894537949,0.9849826087751234,0.864062154787781,0.8393702899891131,0.8393702899891131,0.3393702899891131
NS,TD,FZ,CH,"['NS', 'TD', 'FZ', 'CH']",NS + TD,FZ + CH,NS|TD|FZ|CH,"CH,FZ||NS,TD",False,True,0.08328000670219923,0.02490861705073769,0.05302749816663238,0.22189224248037184,0.06479504789970027,0.16430346766224546,0.16062433659390993,0.16062433659390993,0.33937566340609004
RS,NS,SY,CH,"['RS', 'NS', 'SY', 'CH']",RS + NS,SY + CH,RS|NS|SY|CH,"CH,SY||NS,RS",False,False,0.18892978822556852,0.07636483363286335,0.14375994390672583,0.19781887133749135,0.10207188102413735,0.17087852426465183,0.16047754511528328,0.16047754511528328,0.3395224548847167
TT,RS,CH,SY,"['TT', 'RS', 'CH', 'SY']",TT + RS,CH + SY,TT|RS|CH|SY,"CH,SY||RS,TT",False,True,0.18161046448976123,0.0665684762181889,0.055347786549475655,0.2347631982115822,0.04345266549885325,0.17797592670634263,0.16015209045361792,0.16015209045361792,0.3398479095463821
RS,TD,TT,CH,"['RS', 'TD', 'TT', 'CH']",RS + TD,TT + CH,RS|TD|TT|CH,"CH,TT||RS,TD",False,True,0.07856878309755673,0.02265139764451348,0.06460609316494427,0.25495548240012705,0.011096403029793691,0.16612807336556384,0.15985044144569704,0.15985044144569704,0.34014955855430296
NS,RS,TT,FZ,"['NS', 'RS', 'TT', 'FZ']",NS + RS,TT + FZ,NS|RS|TT|FZ,"FZ,TT||NS,RS",False,True,0.14006025913590625,0.06442583571362157,0.05851120024320673,0.2167004306309908,0.07048736999504869,0.1962520787862511,0.15967733698297337,0.15967733698297337,0.3403226630170266
AC,TD,TT,NS,"['AC', 'TD', 'TT', 'NS']",AC + TD,TT + NS,AC|TD|TT|NS,"AC,TD||NS,TT",False,False,0.15228843414449003,0.10561151639757144,0.05047999563949026,0.19827215500279116,0.09899953150150771,0.20321228944146444,0.1595558318372906,0.1595558318372906,0.3404441681627094
TD,RS,FZ,AC,"['TD', 'RS', 'FZ', 'AC']",TD + RS,FZ + AC,TD|RS|FZ|AC,"AC,FZ||RS,TD",False,True,0.08336986404167963,0.017242945343644882,0.10232235151079387,0.25373307683794794,0.011826029502442438,0.25246090524812503,0.15938932837710076,0.15938932837710076,0.34061067162289926
TD,RS,TT,CH,"['TD', 'RS', 'TT', 'CH']",TD + RS,TT + CH,TD|RS|TT|CH,"CH,TT||RS,TD",False,True,0.07856878309755673,0.02265139764451348,0.06460609316494427,0.2537054824001271,0.01095204814060079,0.165931479179608,0.15903164303891182,0.15903164303891182,0.3409683569610882
RS,TT,NS,AC,"['RS', 'TT', 'NS', 'AC']",RS + TT,NS + AC,RS|TT|NS|AC,"AC,NS||RS,TT",False,False,0.3963966963756044,0.2932748837187548,0.020094059847642325,0.17685069015491858,0.13085437387976315,0.37013471202114523,0.15891212680760797,0.15891212680760797,0.34108787319239203
AC,TD,FZ,SY,"['AC', 'TD', 'FZ', 'SY']",AC + TD,FZ + SY,AC|TD|FZ|SY,"AC,TD||FZ,SY",False,False,0.060813617695721175,0.010070464596893319,0.08774303347428751,0.222903462816777,0.0578027525762885,0.23881045472381382,0.1585141858229865,0.1585141858229865,0.3414858141770135
RS,NS,FZ,SY,"['RS', 'NS', 'FZ', 'SY']",RS + NS,FZ + SY,RS|NS|FZ|SY,"FZ,SY||NS,RS",False,True,0.12351998728846166,0.03135720115041901,0.14423147383933932,0.22089299548514071,0.06013770231739786,0.1355139545002226,0.158198431149721,0.158198431149721,0.341801568850279
RS,TT,NS,CH,"['RS', 'TT', 'NS', 'CH']",RS + TT,NS + CH,RS|TT|NS|CH,"CH,NS||RS,TT",False,False,0.19635266862814282,0.10794887563638772,0.04625891888512592,0.22282052957879522,0.057078857615313366,0.2351885291216793,0.15818127751303732,0.15818127751303732,0.34181872248696266
AC,RS,CH,TT,"['AC', 'RS', 'CH', 'TT']",AC + RS,CH + TT,AC|RS|CH|TT,"AC,RS||CH,TT",False,False,0.12699192976570206,0.06890587341344605,0.08290340222468563,0.23022974678370645,0.04503583700671103,0.14107444985559786,0.15800412197067823,0.15800412197067823,0.34199587802932174
CH,NS,SY,RS,"['CH', 'NS', 'SY', 'RS']",CH + NS,SY + RS,CH|NS|SY|RS,"CH,NS||RS,SY",False,False,0.7798043879678299,0.8146668085651352,0.6659170648695139,0.7966200719660621,0.9133099336867069,0.8678278887024274,0.8421291180371135,0.8421291180371135,0.34212911803711354
NS,CH,AC,RS,"['NS', 'CH', 'AC', 'RS']",NS + CH,AC + RS,NS|CH|AC|RS,"AC,RS||CH,NS",True,True,0.878287943462771,0.940907173214982,0.7517562072006724,0.7557377514222585,0.977483346555182,0.8828354154094928,0.8422185335240987,0.8422185335240987,0.3422185335240987
TT,RS,SY,NS,"['TT', 'RS', 'SY', 'NS']",TT + RS,SY + NS,TT|RS|SY|NS,"NS,SY||RS,TT",False,False,0.24373848720486854,0.11409927593206626,0.07962131877584022,0.21546228537412826,0.06710976597450899,0.23813895342484198,0.15760480280827674,0.15760480280827674,0.3423951971917233
TD,CH,NS,FZ,"['TD', 'CH', 'NS', 'FZ']",TD + CH,NS + FZ,TD|CH|NS|FZ,"CH,TD||FZ,NS",True,True,0.16080810995468178,0.08585751583788981,0.0377376824417159,0.19091570940645194,0.10544387132738962,0.139109346761524,0.15758169255561766,0.15758169255561766,0.34241830744438234
RS,TD,CH,TT,"['RS', 'TD', 'CH', 'TT']",RS + TD,CH + TT,RS|TD|CH|TT,"CH,TT||RS,TD",True,True,0.07856878309755673,0.02265139764451348,0.07015960812233205,0.2514186599583844,0.010307024079678923,0.14883733431972443,0.15738512196568927,0.15738512196568927,0.34261487803431073
TT,RS,FZ,NS,"['TT', 'RS', 'FZ', 'NS']",TT + RS,FZ + NS,TT|RS|FZ|NS,"FZ,NS||RS,TT",False,True,0.12878102099904565,0.04758015743765032,0.04095509662794294,0.2305328604940386,0.042679082911679406,0.16936088056919082,0.1572698872369185,0.1572698872369185,0.3427301127630815
TD,AC,CH,TT,"['TD', 'AC', 'CH', 'TT']",TD + AC,CH + TT,TD|AC|CH|TT,"AC,TD||CH,TT",False,True,0.11007775526784612,0.06077227085580333,0.016376729900802033,0.22955538992806213,0.04331422705381982,0.188554787289566,0.15692133640710762,0.15692133640710762,0.3430786635928924
NS,RS,CH,AC,"['NS', 'RS', 'CH', 'AC']",NS + RS,CH + AC,NS|RS|CH|AC,"AC,CH||NS,RS",False,True,0.32187037703662114,0.22157555207985458,0.08181306041516102,0.1860401455747393,0.11131110749063573,0.2502241040767632,0.15689582072193892,0.15689582072193892,0.3431041792780611
RS,AC,NS,TD,"['RS', 'AC', 'NS', 'TD']",RS + AC,NS + TD,RS|AC|NS|TD,"AC,RS||NS,TD",False,False,0.38854375921848794,0.3690836684774552,0.02430498497328875,0.1838084682697151,0.11458479046292819,0.36146221214908025,0.1568112339250682,0.1568112339250682,0.34318876607493176
TT,RS,NS,SY,"['TT', 'RS', 'NS', 'SY']",TT + RS,NS + SY,TT|RS|NS|SY,"NS,SY||RS,TT",False,False,0.24373848720486854,0.11409927593206626,0.07962131877584022,0.2150456187074616,0.06563265578288299,0.23931181962006845,0.15677456316687594,0.15677456316687594,0.34322543683312406
RS,SY,FZ,TT,"['RS', 'SY', 'FZ', 'TT']",RS + SY,FZ + TT,RS|SY|FZ|TT,"FZ,TT||RS,SY",False,False,0.15205630140137127,0.10583979423184159,0.0669190876509409,0.18353303946326935,0.11452131595702586,0.18916000893259227,0.1566184672958344,0.1566184672958344,0.3433815327041656
TD,NS,FZ,TT,"['TD', 'NS', 'FZ', 'TT']",TD + NS,FZ + TT,TD|NS|FZ|TT,"FZ,TT||NS,TD",False,True,0.12164804058329179,0.056705727545923165,0.044574355520400955,0.17881469864667615,0.12164333746790443,0.17576785278028584,0.15651786778695517,0.15651786778695517,0.3434821322130448
TD,SY,FZ,CH,"['TD', 'SY', 'FZ', 'CH']",TD + SY,FZ + CH,TD|SY|FZ|CH,"CH,FZ||SY,TD",False,True,0.09092708461008797,0.045574243558019284,0.027726231250172154,0.18611031369367623,0.11017953166876122,0.13630069115437574,0.15649730870395936,0.15649730870395936,0.3435026912960406
RS,SY,FZ,NS,"['RS', 'SY', 'FZ', 'NS']",RS + SY,FZ + NS,RS|SY|FZ|NS,"FZ,NS||RS,SY",False,False,0.14590850792858606,0.09230066345179805,0.05517963991761723,0.18260803212613477,0.11565227005608074,0.1286580484791472,0.1564952849188137,0.1564952849188137,0.3435047150811863
TD,RS,CH,TT,"['TD', 'RS', 'CH', 'TT']",TD + RS,CH + TT,TD|RS|CH|TT,"CH,TT||RS,TD",False,True,0.07856878309755673,0.02265139764451348,0.07015960812233205,0.2486686599583844,0.010144212647861403,0.1541077848537907,0.15564412550728043,0.15564412550728043,0.34435587449271954
NS,RS,AC,CH,"['NS', 'RS', 'AC', 'CH']",NS + RS,AC + CH,NS|RS|AC|CH,"AC,CH||NS,RS",False,True,0.32187037703662114,0.22157555207985458,0.0763263792095366,0.18072247850231787,0.11606039374622198,0.27517022952001313,0.15550426544744048,0.15550426544744048,0.34449573455255955
RS,NS,TT,FZ,"['RS', 'NS', 'TT', 'FZ']",RS + NS,TT + FZ,RS|NS|TT|FZ,"FZ,TT||NS,RS",True,True,0.14006025913590625,0.06442583571362157,0.05851120024320673,0.21544839904912724,0.06147750122109081,0.1960289431294264,0.155399748896193,0.155399748896193,0.344600251103807
RS,CH,FZ,TT,"['RS', 'CH', 'FZ', 'TT']",RS + CH,FZ + TT,RS|CH|FZ|TT,"CH,RS||FZ,TT",False,True,0.19129668343008294,0.1103623997081638,0.06752133101825808,0.1894969434861443,0.10145276951127524,0.2108209333862853,0.15515971563594536,0.15515971563594536,0.34484028436405467
AC,TT,NS,FZ,"['AC', 'TT', 'NS', 'FZ']",AC + TT,NS + FZ,AC|TT|NS|FZ,"AC,TT||FZ,NS",False,True,0.17656822624977994,0.11318693296549531,0.004206996218986284,0.18044571255768624,0.1153524300145915,0.18494395262317243,0.1550593323658793,0.1550593323658793,0.3449406676341207
FZ,CH,NS,SY,"['FZ', 'CH', 'NS', 'SY']",FZ + CH,NS + SY,FZ|CH|NS|SY,"CH,FZ||NS,SY",True,True,0.7599985451284162,0.7775188661476082,0.9746849256072297,0.8405506945299954,0.8518173740057631,0.9246665018685116,0.8449446995255449,0.8449446995255449,0.34494469952554485
CH,FZ,NS,SY,"['CH', 'FZ', 'NS', 'SY']",CH + FZ,NS + SY,CH|FZ|NS|SY,"CH,FZ||NS,SY",False,True,0.7599985451284162,0.7775188661476082,0.978050222884959,0.8285791498145484,0.8705938677360601,0.9106228025945904,0.8449648898039379,0.8449648898039379,0.3449648898039379
RS,AC,TD,NS,"['RS', 'AC', 'TD', 'NS']",RS + AC,TD + NS,RS|AC|TD|NS,"AC,RS||NS,TD",False,False,0.38854375921848794,0.3690836684774552,0.011289811853328249,0.18194201690193396,0.11241724731976502,0.34085058625430137,0.15482735676488807,0.15482735676488807,0.34517264323511193
TD,AC,TT,CH,"['TD', 'AC', 'TT', 'CH']",TD + AC,TT + CH,TD|AC|TT|CH,"AC,TD||CH,TT",False,True,0.11007775526784612,0.06077227085580333,0.015011692609016957,0.22391096236980476,0.04566513585638572,0.20246305841684506,0.15439509002957136,0.15439509002957136,0.34560490997042864
RS,TT,AC,CH,"['RS', 'TT', 'AC', 'CH']",RS + TT,AC + CH,RS|TT|AC|CH,"AC,CH||RS,TT",False,False,0.31137803765710903,0.20036443245526292,0.027925399840308483,0.17426443501039338,0.12329899844213557,0.31868736293700817,0.15438791474877284,0.15438791474877284,0.34561208525122716
AC,TD,TT,FZ,"['AC', 'TD', 'TT', 'FZ']",AC + TD,TT + FZ,AC|TD|TT|FZ,"AC,TD||FZ,TT",False,False,0.06962403958146972,0.023831704413690313,0.015166168713740635,0.20544948580361752,0.07450012145182904,0.18549942706530953,0.15437923370641998,0.15437923370641998,0.34562076629358
RS,AC,TD,CH,"['RS', 'AC', 'TD', 'CH']",RS + AC,TD + CH,RS|AC|TD|CH,"AC,RS||CH,TD",False,True,0.3043601054007538,0.26460410860725947,0.04485086635924966,0.1926581815232579,0.093725194218043,0.30011393708333545,0.1540743164742241,0.1540743164742241,0.3459256835257759
CH,FZ,SY,NS,"['CH', 'FZ', 'SY', 'NS']",CH + FZ,SY + NS,CH|FZ|SY|NS,"CH,FZ||NS,SY",False,True,0.7599985451284162,0.7775188661476082,0.978050222884959,0.8238291498145484,0.8813248685327353,0.9132130694705718,0.8462524801146413,0.8462524801146413,0.34625248011464127
AC,TD,SY,FZ,"['AC', 'TD', 'SY', 'FZ']",AC + TD,SY + FZ,AC|TD|SY|FZ,"AC,TD||FZ,SY",False,False,0.060813617695721175,0.010070464596893319,0.04672644571996763,0.21362592431367378,0.0593348355235979,0.24646255924319227,0.15345239968554417,0.15345239968554417,0.34654760031445586
TT,TD,AC,SY,"['TT', 'TD', 'AC', 'SY']",TT + TD,AC + SY,TT|TD|AC|SY,"AC,SY||TD,TT",False,True,0.33651717866351694,0.1916846160116349,0.105460852215553,0.15003166154807834,0.15848428763051656,0.3651547887693447,0.15332818572022924,0.15332818572022924,0.3466718142797708
FZ,CH,SY,NS,"['FZ', 'CH', 'SY', 'NS']",FZ + CH,SY + NS,FZ|CH|SY|NS,"CH,FZ||NS,SY",False,True,0.7599985451284162,0.7775188661476082,0.9746849256072297,0.8358006945299955,0.8651762636633348,0.9222075037237991,0.8472571664919979,0.8472571664919979,0.3472571664919979
TT,TD,CH,SY,"['TT', 'TD', 'CH', 'SY']",TT + TD,CH + SY,TT|TD|CH|SY,"CH,SY||TD,TT",False,True,0.15874439812086205,0.05866257916869626,0.11118774261778129,0.20380828460743922,0.07258889924156887,0.14798215025591224,0.15263272431474978,0.15263272431474978,0.3473672756852502
TT,TD,SY,AC,"['TT', 'TD', 'SY', 'AC']",TT + TD,SY + AC,TT|TD|SY|AC,"AC,SY||TD,TT",False,True,0.33651717866351694,0.1916846160116349,0.09058792475430649,0.15348808800925925,0.15069215933361613,0.368038664183974,0.15239767582575842,0.15239767582575842,0.3476023241742416
RS,CH,NS,FZ,"['RS', 'CH', 'NS', 'FZ']",RS + CH,NS + FZ,RS|CH|NS|FZ,"CH,RS||FZ,NS",True,True,0.18390645547983145,0.09635922300184285,0.04591692666033431,0.1750347374330686,0.11611275610235619,0.17378771224717443,0.15205516471409075,0.15205516471409075,0.34794483528590925
RS,TT,FZ,CH,"['RS', 'TT', 'FZ', 'CH']",RS + TT,FZ + CH,RS|TT|FZ|CH,"CH,FZ||RS,TT",False,True,0.09237600851932945,0.024585889480103262,0.024752382428021434,0.2209084237243349,0.042295289426267195,0.15942289962055592,0.15124930134808848,0.15124930134808848,0.34875069865191155
RS,TT,SY,NS,"['RS', 'TT', 'SY', 'NS']",RS + TT,SY + NS,RS|TT|SY|NS,"NS,SY||RS,TT",False,False,0.24373848720486854,0.11409927593206626,0.08840030198756235,0.20933385824570114,0.05707917792148807,0.2684107988033604,0.14995453291925803,0.14995453291925803,0.35004546708074197
TD,TT,CH,FZ,"['TD', 'TT', 'CH', 'FZ']",TD + TT,CH + FZ,TD|TT|CH|FZ,"CH,FZ||TD,TT",False,True,0.07965170481341495,0.02104509850984853,0.040651831806762004,0.2177135288033118,0.042339430547495546,0.16459510314567025,0.14931763048354343,0.14931763048354343,0.3506823695164566
RS,TT,CH,AC,"['RS', 'TT', 'CH', 'AC']",RS + TT,CH + AC,RS|TT|CH|AC,"AC,CH||RS,TT",False,False,0.31137803765710903,0.20036443245526292,0.025505410281036867,0.17624248568069853,0.10701866254499336,0.28538081082875694,0.14924519465777353,0.14924519465777353,0.35075480534222647
RS,TT,NS,SY,"['RS', 'TT', 'NS', 'SY']",RS + TT,NS + SY,RS|TT|NS|SY,"NS,SY||RS,TT",False,False,0.24373848720486854,0.11409927593206626,0.08840030198756235,0.20891719157903446,0.05581966002250135,0.2662098418655613,0.14920915427198655,0.14920915427198655,0.35079084572801345
AC,TD,CH,NS,"['AC', 'TD', 'CH', 'NS']",AC + TD,CH + NS,AC|TD|CH|NS,"AC,TD||CH,NS",False,True,0.10541619775964906,0.051858253846672996,0.018378681972966323,0.20045779967987584,0.06858343310694757,0.15672275404117927,0.14902679671643382,0.14902679671643382,0.3509732032835662
AC,TD,CH,FZ,"['AC', 'TD', 'CH', 'FZ']",AC + TD,CH + FZ,AC|TD|CH|FZ,"AC,TD||CH,FZ",False,True,0.0467903888489837,0.009133617682022793,0.01479018282757873,0.2133205227181338,0.04746007089059364,0.23218120899827613,0.14863494650539313,0.14863494650539313,0.3513650534946069
AC,TD,NS,TT,"['AC', 'TD', 'NS', 'TT']",AC + TD,NS + TT,AC|TD|NS|TT,"AC,TD||NS,TT",False,False,0.15228843414449003,0.10561151639757144,0.03548439777169041,0.185340665571864,0.09116026556512367,0.1745544858343888,0.14861030956923527,0.14861030956923527,0.35138969043076473
AC,TD,FZ,NS,"['AC', 'TD', 'FZ', 'NS']",AC + TD,FZ + NS,AC|TD|FZ|NS,"AC,TD||FZ,NS",False,True,0.06654750437162274,0.019697913309453474,0.020113903673670556,0.19870575375931454,0.06992191921910161,0.19253514048250422,0.14848005828863148,0.14848005828863148,0.3515199417113685
TT,TD,AC,NS,"['TT', 'TD', 'AC', 'NS']",TT + TD,AC + NS,TT|TD|AC|NS,"AC,NS||TD,TT",False,False,0.3583282113954948,0.27228431055095526,0.02760266427450785,0.14539430301273737,0.15313988245840238,0.34717105426571093,0.1484150789965467,0.1484150789965467,0.3515849210034533
TT,RS,SY,CH,"['TT', 'RS', 'SY', 'CH']",TT + RS,SY + CH,TT|RS|SY|CH,"CH,SY||RS,TT",False,True,0.18161046448976123,0.0665684762181889,0.04196510963149576,0.2151732284690226,0.04359875571759504,0.171674691306036,0.14825918409596583,0.14825918409596583,0.35174081590403417
RS,AC,CH,TT,"['RS', 'AC', 'CH', 'TT']",RS + AC,CH + TT,RS|AC|CH|TT,"AC,RS||CH,TT",False,False,0.12699192976570206,0.06890587341344605,0.08912104238174115,0.22279001465075932,0.028388633930893567,0.17395127048152476,0.1469734761700117,0.1469734761700117,0.35302652382998834
TT,TD,FZ,CH,"['TT', 'TD', 'FZ', 'CH']",TT + TD,FZ + CH,TT|TD|FZ|CH,"CH,FZ||TD,TT",False,True,0.07965170481341495,0.02104509850984853,0.045139927996196066,0.21020759099567501,0.04795713845253987,0.16578557933614646,0.1469299145038523,0.1469299145038523,0.3530700854961477
TT,TD,NS,AC,"['TT', 'TD', 'NS', 'AC']",TT + TD,NS + AC,TT|TD|NS|AC,"AC,NS||TD,TT",False,False,0.3583282113954948,0.27228431055095526,0.023422414596761063,0.14885072947391825,0.14242035424162205,0.357618818597347,0.14634288313332272,0.14634288313332272,0.3536571168666773
RS,TT,CH,SY,"['RS', 'TT', 'CH', 'SY']",RS + TT,CH + SY,RS|TT|CH|SY,"CH,SY||RS,TT",True,True,0.18161046448976123,0.0665684762181889,0.0565229939948789,0.2137720497865939,0.03906942518234401,0.1368784377864057,0.14563802619093644,0.14563802619093644,0.35436197380906354
TT,TD,CH,AC,"['TT', 'TD', 'CH', 'AC']",TT + TD,CH + AC,TT|TD|CH|AC,"AC,CH||TD,TT",False,False,0.277717772938176,0.18321873432310776,0.05530104337213708,0.1610127095315919,0.1214817958640076,0.27360874983576,0.14559565320123402,0.14559565320123402,0.354404346798766
RS,AC,TT,CH,"['RS', 'AC', 'TT', 'CH']",RS + AC,TT + CH,RS|AC|TT|CH,"AC,RS||CH,TT",False,False,0.12699192976570206,0.06890587341344605,0.0821993085852327,0.21871225375916864,0.03095054210412284,0.1658341300478749,0.14548518621370077,0.14548518621370077,0.35451481378629923
CH,NS,AC,RS,"['CH', 'NS', 'AC', 'RS']",CH + NS,AC + RS,CH|NS|AC|RS,"AC,RS||CH,NS",False,True,0.878287943462771,0.940907173214982,0.7606358900917027,0.7770416852765021,0.9761675324753752,0.8759584452784783,0.8547007656840626,0.8547007656840626,0.3547007656840626
TT,RS,NS,FZ,"['TT', 'RS', 'NS', 'FZ']",TT + RS,NS + FZ,TT|RS|NS|FZ,"FZ,NS||RS,TT",False,True,0.12878102099904565,0.04758015743765032,0.025564276257488857,0.2107628642578729,0.04290508157090014,0.18383639471150237,0.14529832900995354,0.14529832900995354,0.35470167099004646
AC,TD,NS,CH,"['AC', 'TD', 'NS', 'CH']",AC + TD,NS + CH,AC|TD|NS|CH,"AC,TD||CH,NS",False,True,0.10541619775964906,0.051858253846672996,0.016583194106875733,0.196181138840715,0.0646420919629427,0.14912308991492543,0.1448809105583838,0.1448809105583838,0.3551190894416162
RS,NS,FZ,CH,"['RS', 'NS', 'FZ', 'CH']",RS + NS,FZ + CH,RS|NS|FZ|CH,"CH,FZ||NS,RS",False,True,0.0965231405537773,0.0289790191509948,0.04508633496048797,0.19540061126536387,0.06499025427823354,0.16929947943103227,0.14454057204038304,0.14454057204038304,0.35545942795961694
RS,NS,CH,AC,"['RS', 'NS', 'CH', 'AC']",RS + NS,CH + AC,RS|NS|CH|AC,"AC,CH||NS,RS",False,True,0.32187037703662114,0.22157555207985458,0.08181306041516102,0.18136819649207603,0.0851403745113678,0.2591461411896191,0.14383934591959982,0.14383934591959982,0.3561606540804002
TD,TT,FZ,SY,"['TD', 'TT', 'FZ', 'SY']",TD + TT,FZ + SY,TD|TT|FZ|SY,"FZ,SY||TD,TT",False,False,0.10246489902728212,0.022892991088393,0.1492797884383932,0.1986435952490515,0.056248922618670844,0.16375791756173236,0.14310967292320304,0.14310967292320304,0.35689032707679696
TT,TD,FZ,NS,"['TT', 'TD', 'FZ', 'NS']",TT + TD,FZ + NS,TT|TD|FZ|NS,"FZ,NS||TD,TT",False,True,0.11165903349931952,0.041500910844317146,0.057687644486091726,0.2085585341502485,0.0403088713630054,0.16439384508648297,0.14294116566322368,0.14294116566322368,0.3570588343367763
AC,TD,CH,SY,"['AC', 'TD', 'CH', 'SY']",AC + TD,CH + SY,AC|TD|CH|SY,"AC,TD||CH,SY",False,False,0.09668016123773814,0.02926121060719138,0.028942095451292428,0.1986349019568143,0.055054818040528176,0.17381879811664663,0.1426386692294627,0.1426386692294627,0.35736133077053733
TD,NS,FZ,CH,"['TD', 'NS', 'FZ', 'CH']",TD + NS,FZ + CH,TD|NS|FZ|CH,"CH,FZ||NS,TD",False,True,0.08328000670219923,0.02490861705073769,0.04125806261328446,0.19754984805226317,0.056365760782699226,0.1552445269469581,0.14248805401713321,0.14248805401713321,0.3575119459828668
RS,NS,AC,CH,"['RS', 'NS', 'AC', 'CH']",RS + NS,AC + CH,RS|NS|AC|CH,"AC,CH||NS,RS",True,True,0.32187037703662114,0.22157555207985458,0.0763263792095366,0.1755921960863212,0.08902803912313483,0.29174032052195015,0.1418321748706785,0.1418321748706785,0.3581678251293215
TT,TD,AC,CH,"['TT', 'TD', 'AC', 'CH']",TT + TD,AC + CH,TT|TD|AC|CH,"AC,CH||TD,TT",False,False,0.277717772938176,0.18321873432310776,0.060372940349732354,0.15407930171842962,0.12248301486936124,0.28907930502727386,0.14175674984729295,0.14175674984729295,0.3582432501527071
AC,TD,FZ,TT,"['AC', 'TD', 'FZ', 'TT']",AC + TD,FZ + TT,AC|TD|FZ|TT,"AC,TD||FZ,TT",False,False,0.06962403958146972,0.023831704413690313,0.016807584528593808,0.18878924590361693,0.06700616376496106,0.17940414607220248,0.14129384386954114,0.14129384386954114,0.35870615613045886
SY,RS,FZ,CH,"['SY', 'RS', 'FZ', 'CH']",SY + RS,FZ + CH,SY|RS|FZ|CH,"CH,FZ||RS,SY",False,True,0.10524664176458552,0.05212129907417309,0.06376350586162158,0.20101879920174195,0.047799961160696305,0.1317266657452205,0.14126345236573415,0.14126345236573415,0.3587365476342659
AC,TD,NS,FZ,"['AC', 'TD', 'NS', 'FZ']",AC + TD,NS + FZ,AC|TD|NS|FZ,"AC,TD||FZ,NS",False,True,0.06654750437162274,0.019697913309453474,0.011246891474937496,0.1861381615599077,0.07081935253427592,0.18896099678993952,0.14116382603991132,0.14116382603991132,0.3588361739600887
RS,TT,SY,CH,"['RS', 'TT', 'SY', 'CH']",RS + TT,SY + CH,RS|TT|SY|CH,"CH,SY||RS,TT",False,True,0.18161046448976123,0.0665684762181889,0.04680328469170146,0.20725660689615105,0.037152009515080596,0.1474482530688405,0.14091581391753358,0.14091581391753358,0.3590841860824664
TT,TD,SY,CH,"['TT', 'TD', 'SY', 'CH']",TT + TD,SY + CH,TT|TD|SY|CH,"CH,SY||TD,TT",False,True,0.15874439812086205,0.05866257916869626,0.0855257847369164,0.18444558759215235,0.07198899601037054,0.14580336537427738,0.14058751687525745,0.14058751687525745,0.35941248312474255
AC,TD,SY,CH,"['AC', 'TD', 'SY', 'CH']",AC + TD,SY + CH,AC|TD|SY|CH,"AC,TD||CH,SY",False,False,0.09668016123773814,0.02926121060719138,0.02384533541951122,0.19469259426450655,0.05460983835801939,0.16970180243480137,0.14006031946097655,0.14006031946097655,0.3599396805390235
TD,TT,SY,FZ,"['TD', 'TT', 'SY', 'FZ']",TD + TT,SY + FZ,TD|TT|SY|FZ,"FZ,SY||TD,TT",False,False,0.10246489902728212,0.022892991088393,0.09019826545052301,0.19293057284579052,0.05700308965421737,0.15474086648415494,0.139918854401077,0.139918854401077,0.360081145598923
TD,AC,TT,NS,"['TD', 'AC', 'TT', 'NS']",TD + AC,TT + NS,TD|AC|TT|NS,"AC,TD||NS,TT",False,False,0.15228843414449003,0.10561151639757144,0.056436899866779036,0.18240420352127246,0.0723262630316712,0.21441478614845005,0.13947380673032797,0.13947380673032797,0.36052619326967206
TD,AC,NS,TT,"['TD', 'AC', 'NS', 'TT']",TD + AC,NS + TT,TD|AC|NS|TT,"AC,TD||NS,TT",False,False,0.15228843414449003,0.10561151639757144,0.05110685602673796,0.18701199571442256,0.06493634735928804,0.21630426145988646,0.1394024928559201,0.1394024928559201,0.3605975071440799
TD,TT,AC,SY,"['TD', 'TT', 'AC', 'SY']",TD + TT,AC + SY,TD|TT|AC|SY,"AC,SY||TD,TT",False,True,0.33651717866351694,0.1916846160116349,0.105460852215553,0.14054163887234142,0.1351526434688688,0.37312962668191235,0.13843993066498708,0.13843993066498708,0.36156006933501295
TT,TD,CH,NS,"['TT', 'TD', 'CH', 'NS']",TT + TD,CH + NS,TT|TD|CH|NS,"CH,NS||TD,TT",False,True,0.17202060412717068,0.096579797230114,0.06940252207874562,0.20062924769672377,0.03989005302562439,0.17176143076766115,0.137940961774995,0.137940961774995,0.36205903822500496
AC,RS,TT,NS,"['AC', 'RS', 'TT', 'NS']",AC + RS,TT + NS,AC|RS|TT|NS,"AC,RS||NS,TT",False,False,0.1744173661215302,0.11768247385664155,0.20485567461682175,0.18367691496617838,0.0661868634273136,0.18475918122019108,0.13785579486602112,0.13785579486602112,0.3621442051339789
TD,TT,SY,AC,"['TD', 'TT', 'SY', 'AC']",TD + TT,SY + AC,TD|TT|SY|AC,"AC,SY||TD,TT",False,True,0.33651717866351694,0.1916846160116349,0.09058792475430649,0.14408832507378205,0.12746187607310666,0.3756425924396264,0.13760400996351865,0.13760400996351865,0.3623959900364814
AC,RS,FZ,SY,"['AC', 'RS', 'FZ', 'SY']",AC + RS,FZ + SY,AC|RS|FZ|SY,"AC,RS||FZ,SY",False,False,0.07075992230752662,0.011984941697155064,0.15453853477969282,0.20014574691594592,0.03536160136927435,0.23693512798575186,0.13587993015274402,0.13587993015274402,0.364120069847256
NS,RS,FZ,TT,"['NS', 'RS', 'FZ', 'TT']",NS + RS,FZ + TT,NS|RS|FZ|TT,"FZ,TT||NS,RS",False,True,0.14006025913590625,0.06442583571362157,0.04837456774997142,0.18247465387075545,0.06219050448219502,0.18992525674482538,0.1355638356092169,0.1355638356092169,0.3644361643907831
RS,SY,FZ,CH,"['RS', 'SY', 'FZ', 'CH']",RS + SY,FZ + CH,RS|SY|FZ|CH,"CH,FZ||RS,SY",False,True,0.10524664176458552,0.05212129907417309,0.06376350586162158,0.19038942510361792,0.04923490732790824,0.14615271970469143,0.13533916317109113,0.13533916317109113,0.3646608368289089
AC,TD,FZ,CH,"['AC', 'TD', 'FZ', 'CH']",AC + TD,FZ + CH,AC|TD|FZ|CH,"AC,TD||CH,FZ",False,True,0.0467903888489837,0.009133617682022793,0.018228869986163007,0.19187248322780184,0.046776185736814434,0.18997134239446561,0.13528492720631674,0.13528492720631674,0.36471507279368326
RS,TT,FZ,NS,"['RS', 'TT', 'FZ', 'NS']",RS + TT,FZ + NS,RS|TT|FZ|NS,"FZ,NS||RS,TT",False,True,0.12878102099904565,0.04758015743765032,0.031775218365762595,0.1974701456604186,0.03739191099505828,0.16204125407906975,0.13503963414092807,0.13503963414092807,0.36496036585907193
TD,TT,AC,NS,"['TD', 'TT', 'AC', 'NS']",TD + TT,AC + NS,TD|TT|AC|NS,"AC,NS||TD,TT",False,False,0.3583282113954948,0.27228431055095526,0.027654521832757285,0.135413350631785,0.13363894765966192,0.361068953350322,0.134721333472657,0.134721333472657,0.365278666527343
TT,TD,NS,CH,"['TT', 'TD', 'NS', 'CH']",TT + TD,NS + CH,TT|TD|NS|CH,"CH,NS||TD,TT",False,True,0.17202060412717068,0.096579797230114,0.06294193114570822,0.19664367077364686,0.036666836619344126,0.1629112869031831,0.1342527054534688,0.1342527054534688,0.3657472945465312
TT,TD,NS,SY,"['TT', 'TD', 'NS', 'SY']",TT + TD,NS + SY,TT|TD|NS|SY,"NS,SY||TD,TT",False,False,0.21510609124342775,0.10231068419433037,0.143580654016633,0.1804731766546926,0.05940276970389518,0.22408712192504546,0.1332557179438816,0.1332557179438816,0.3667442820561184
AC,RS,SY,FZ,"['AC', 'RS', 'SY', 'FZ']",AC + RS,SY + FZ,AC|RS|SY|FZ,"AC,RS||FZ,SY",False,False,0.07075992230752662,0.011984941697155064,0.09360472481771936,0.19517327834291265,0.036367857552782906,0.23693512798575186,0.13323916423476204,0.13323916423476204,0.366760835765238
TD,TT,CH,SY,"['TD', 'TT', 'CH', 'SY']",TD + TT,CH + SY,TD|TT|CH|SY,"CH,SY||TD,TT",False,True,0.15874439812086205,0.05866257916869626,0.11340626863420607,0.17754013659473705,0.06335506288098423,0.14144590072905858,0.13300795784637345,0.13300795784637345,0.3669920421536266
AC,TD,SY,NS,"['AC', 'TD', 'SY', 'NS']",AC + TD,SY + NS,AC|TD|SY|NS,"AC,TD||NS,SY",False,True,0.13453000119990893,0.055564155311409215,0.07176985412636501,0.1839039461096197,0.05313285959690707,0.1643062732780339,0.13290322236966176,0.13290322236966176,0.3670967776303382
TT,TD,SY,NS,"['TT', 'TD', 'SY', 'NS']",TT + TD,SY + NS,TT|TD|SY|NS,"NS,SY||TD,TT",False,False,0.21510609124342775,0.10231068419433037,0.143580654016633,0.1788065099880259,0.060765516174789716,0.225674423512347,0.1327705224008638,0.1327705224008638,0.3672294775991362
RS,TD,CH,NS,"['RS', 'TD', 'CH', 'NS']",RS + TD,CH + NS,RS|TD|CH|NS,"CH,NS||RS,TD",False,False,0.0751289158737565,0.018722699733348207,0.06317198901328372,0.20656802386053333,0.017061199929571964,0.180731399542677,0.1326603625274584,0.1326603625274584,0.3673396374725416
AC,TD,NS,SY,"['AC', 'TD', 'NS', 'SY']",AC + TD,NS + SY,AC|TD|NS|SY,"AC,TD||NS,SY",False,True,0.13453000119990893,0.055564155311409215,0.07176985412636501,0.18390394610961974,0.05240386433352851,0.16488078648412607,0.13261891421694416,0.13261891421694416,0.36738108578305584
AC,RS,TT,FZ,"['AC', 'RS', 'TT', 'FZ']",AC + RS,TT + FZ,AC|RS|TT|FZ,"AC,RS||FZ,TT",False,True,0.08088721910328217,0.027742505127363298,0.052993296170612096,0.18952961841570765,0.043330869482020785,0.1771832068870204,0.1325121063315698,0.1325121063315698,0.3674878936684302
TD,TT,NS,AC,"['TD', 'TT', 'NS', 'AC']",TD + TT,NS + AC,TD|TT|NS|AC,"AC,NS||TD,TT",False,False,0.3583282113954948,0.27228431055095526,0.02346660818084164,0.1392100368332256,0.12134650427621947,0.38226248644013544,0.13224325913599322,0.13224325913599322,0.3677567408640068
TD,TT,NS,SY,"['TD', 'TT', 'NS', 'SY']",TD + TT,NS + SY,TD|TT|NS|SY,"NS,SY||TD,TT",False,False,0.21510609124342775,0.10231068419433037,0.15819958917788887,0.1833144464959624,0.0514712439816002,0.24513796387211853,0.13189559751536115,0.13189559751536115,0.3681044024846388
TD,RS,CH,NS,"['TD', 'RS', 'CH', 'NS']",TD + RS,CH + NS,TD|RS|CH|NS,"CH,NS||RS,TD",False,False,0.0751289158737565,0.018722699733348207,0.06317198901328372,0.20531802386053333,0.016882665288029956,0.180731399542677,0.13182823401725702,0.13182823401725702,0.368171765982743
TT,TD,NS,FZ,"['TT', 'TD', 'NS', 'FZ']",TT + TD,NS + FZ,TT|TD|NS|FZ,"FZ,NS||TD,TT",False,True,0.11165903349931952,0.041500910844317146,0.03624642788211841,0.1896962339414597,0.040434767460698906,0.1695472199115903,0.131484262013963,0.131484262013963,0.368515737986037
RS,TD,FZ,SY,"['RS', 'TD', 'FZ', 'SY']",RS + TD,FZ + SY,RS|TD|FZ|SY,"FZ,SY||RS,TD",False,False,0.04272907809294978,0.002798113095976545,0.12341323371385247,0.20431888919125682,0.01637070308484539,0.22772924922921936,0.13101909660975636,0.13101909660975636,0.36898090339024364
AC,RS,CH,FZ,"['AC', 'RS', 'CH', 'FZ']",AC + RS,CH + FZ,AC|RS|CH|FZ,"AC,RS||CH,FZ",False,True,0.05457641877230901,0.010902939957817728,0.04724392662310286,0.20247429028659877,0.015799034541112797,0.18635700978828976,0.12967094054585923,0.12967094054585923,0.37032905945414074
TD,TT,SY,NS,"['TD', 'TT', 'SY', 'NS']",TD + TT,SY + NS,TD|TT|SY|NS,"NS,SY||TD,TT",False,False,0.21510609124342775,0.10231068419433037,0.15819958917788887,0.17914777982929575,0.052116209461578085,0.24017197747756067,0.12960546738588585,0.12960546738588585,0.37039453261411415
CH,SY,TD,AC,"['CH', 'SY', 'TD', 'AC']",CH + SY,TD + AC,CH|SY|TD|AC,"AC,TD||CH,SY",False,False,0.9033198387622619,0.9707387893928087,0.7096309123420625,0.8211158606790011,0.9479961615284334,0.8279613712441504,0.8705991780102798,0.8705991780102798,0.37059917801027975
AC,RS,CH,SY,"['AC', 'RS', 'CH', 'SY']",AC + RS,CH + SY,AC|RS|CH|SY,"AC,RS||CH,SY",False,False,0.11179431712266431,0.03387788186653106,0.12363424522141059,0.1868755037921687,0.03936215779042469,0.17152403766787594,0.12934529885148854,0.12934529885148854,0.37065470114851146
TD,RS,FZ,SY,"['TD', 'RS', 'FZ', 'SY']",TD + RS,FZ + SY,TD|RS|FZ|SY,"FZ,SY||RS,TD",False,False,0.04272907809294978,0.002798113095976545,0.12341323371385247,0.20181888919125687,0.015977361433911395,0.23050679969294002,0.12934069336589213,0.12934069336589213,0.37065930663410784
TD,TT,CH,NS,"['TD', 'TT', 'CH', 'NS']",TD + TT,CH + NS,TD|TT|CH|NS,"CH,NS||TD,TT",True,True,0.17202060412717068,0.096579797230114,0.07628073902266884,0.19150909077031686,0.03190269803692534,0.22419798330897509,0.12926259760429415,0.12926259760429415,0.37073740239570585
SY,CH,TT,AC,"['SY', 'CH', 'TT', 'AC']",SY + CH,TT + AC,SY|CH|TT|AC,"AC,TT||CH,SY",False,False,0.7564782973532723,0.8513116950725212,0.9796847590247457,0.8828077540660425,0.8527925941585487,0.8829708220862946,0.8711018417021199,0.8711018417021199,0.3711018417021199
TD,TT,NS,CH,"['TD', 'TT', 'NS', 'CH']",TD + TT,NS + CH,TD|TT|NS|CH,"CH,NS||TD,TT",False,True,0.17202060412717068,0.096579797230114,0.0692274947683283,0.19189851384723994,0.029845907437936362,0.22955369317842136,0.12869799734761156,0.12869799734761156,0.37130200265238844
RS,TD,NS,CH,"['RS', 'TD', 'NS', 'CH']",RS + TD,NS + CH,RS|TD|NS|CH,"CH,NS||RS,TD",False,False,0.0751289158737565,0.018722699733348207,0.057255705879941186,0.20047106873232817,0.016334392724704595,0.19081881738185466,0.12865776508935498,0.12865776508935498,0.371342234910645
CH,SY,TT,AC,"['CH', 'SY', 'TT', 'AC']",CH + SY,TT + AC,CH|SY|TT|AC,"AC,TT||CH,SY",False,False,0.7564782973532723,0.8513116950725212,0.9796847590247457,0.8789755771666873,0.8597177745516664,0.8996315154596123,0.8714650341468291,0.8714650341468291,0.3714650341468291
TD,AC,SY,FZ,"['TD', 'AC', 'SY', 'FZ']",TD + AC,SY + FZ,TD|AC|SY|FZ,"AC,TD||FZ,SY",False,False,0.060813617695721175,0.010070464596893319,0.034155906071891284,0.1822632163576355,0.0444210697165053,0.2259398493584058,0.12850477916759473,0.12850477916759473,0.37149522083240527
RS,TD,TT,NS,"['RS', 'TD', 'TT', 'NS']",RS + TD,TT + NS,RS|TD|TT|NS,"NS,TT||RS,TD",False,False,0.1101930512121382,0.04403663782065332,0.130027203829887,0.19199160814566218,0.02910826484239211,0.20417604159538583,0.12846710425738686,0.12846710425738686,0.37153289574261317
CH,SY,AC,TT,"['CH', 'SY', 'AC', 'TT']",CH + SY,AC + TT,CH|SY|AC|TT,"AC,TT||CH,SY",False,False,0.7564782973532723,0.8513116950725212,0.9778845448575118,0.8830448412359515,0.853837799158715,0.884323897719598,0.8716540948258292,0.8716540948258292,0.37165409482582923
TD,TT,CH,AC,"['TD', 'TT', 'CH', 'AC']",TD + TT,CH + AC,TD|TT|CH|AC,"AC,CH||TD,TT",False,False,0.277717772938176,0.18321873432310776,0.05530104337213708,0.1468522323104004,0.09864489048352541,0.30316098676107955,0.12805136899791916,0.12805136899791916,0.37194863100208087
TD,TT,SY,CH,"['TD', 'TT', 'SY', 'CH']",TD + TT,SY + CH,TD|TT|SY|CH,"CH,SY||TD,TT",False,True,0.15874439812086205,0.05866257916869626,0.09488867100247374,0.17102469370429424,0.06059007658481426,0.13785067577457508,0.12795519302769703,0.12795519302769703,0.37204480697230297
TD,RS,NS,CH,"['TD', 'RS', 'NS', 'CH']",TD + RS,NS + CH,TD|RS|NS|CH,"CH,NS||RS,TD",False,False,0.0751289158737565,0.018722699733348207,0.057255705879941186,0.19922106873232817,0.016165450528033642,0.1854162839546907,0.12782937763265328,0.12782937763265328,0.3721706223673467
SY,CH,TD,AC,"['SY', 'CH', 'TD', 'AC']",SY + CH,TD + AC,SY|CH|TD|AC,"AC,TD||CH,SY",False,False,0.9033198387622619,0.9707387893928087,0.7096309123420625,0.8258790720611148,0.9450167725917694,0.8279613712441504,0.87234277526807,0.87234277526807,0.37234277526807
TD,AC,FZ,SY,"['TD', 'AC', 'FZ', 'SY']",TD + AC,FZ + SY,TD|AC|FZ|SY,"AC,TD||FZ,SY",False,False,0.060813617695721175,0.010070464596893319,0.06513621071623445,0.18091575486073871,0.0438459835854503,0.2218664974805426,0.12745854406337623,0.12745854406337623,0.3725414559366238
SY,CH,AC,TT,"['SY', 'CH', 'AC', 'TT']",SY + CH,AC + TT,SY|CH|AC|TT,"AC,TT||CH,SY",False,False,0.7564782973532723,0.8513116950725212,0.9778845448575118,0.8889603514686399,0.8473852104527525,0.8688213384348372,0.8727460464724439,0.8727460464724439,0.3727460464724439
RS,NS,FZ,TT,"['RS', 'NS', 'FZ', 'TT']",RS + NS,FZ + TT,RS|NS|FZ|TT,"FZ,TT||NS,RS",False,True,0.14006025913590625,0.06442583571362157,0.04852764283067341,0.17412183357597083,0.05382451646095951,0.2037211490624568,0.12720587990111643,0.12720587990111643,0.3727941200988836
TD,RS,TT,NS,"['TD', 'RS', 'TT', 'NS']",TD + RS,TT + NS,TD|RS|TT|NS,"NS,TT||RS,TD",False,False,0.1101930512121382,0.04403663782065332,0.130027203829887,0.19024160814566224,0.028278311162179666,0.2026899562521576,0.12707592232210402,0.12707592232210402,0.372924077677896
TD,TT,AC,CH,"['TD', 'TT', 'AC', 'CH']",TD + TT,AC + CH,TD|TT|AC|CH,"AC,CH||TD,TT",False,False,0.277717772938176,0.18321873432310776,0.060372940349732354,0.14004382449723812,0.10507555496801126,0.3340493697465772,0.12640619938083963,0.12640619938083963,0.37359380061916037
RS,TD,SY,FZ,"['RS', 'TD', 'SY', 'FZ']",RS + TD,SY + FZ,RS|TD|SY|FZ,"FZ,SY||RS,TD",False,False,0.04272907809294978,0.002798113095976545,0.0736824220014943,0.19624441845372143,0.016767980434104757,0.2264765019764721,0.12624860762607093,0.12624860762607093,0.37375139237392907
RS,AC,TT,NS,"['RS', 'AC', 'TT', 'NS']",RS + AC,TT + NS,RS|AC|TT|NS,"AC,RS||NS,TT",False,False,0.1744173661215302,0.11768247385664155,0.24684758146163882,0.17340842905177228,0.05172635457374683,0.19120238509182277,0.12595242000534235,0.12595242000534235,0.37404757999465765
AC,RS,NS,TT,"['AC', 'RS', 'NS', 'TT']",AC + RS,NS + TT,AC|RS|NS|TT,"AC,RS||NS,TT",False,False,0.1744173661215302,0.11768247385664155,0.167773550847508,0.1692104560929288,0.058225054355228234,0.18488028150928723,0.1259261494152256,0.1259261494152256,0.3740738505847744
RS,TT,NS,FZ,"['RS', 'TT', 'NS', 'FZ']",RS + TT,NS + FZ,RS|TT|NS|FZ,"FZ,NS||RS,TT",True,True,0.12878102099904565,0.04758015743765032,0.019763083055206743,0.18249181609091955,0.037352785014753864,0.16940744493497129,0.12588759397121493,0.12588759397121493,0.37411240602878504
TD,RS,SY,FZ,"['TD', 'RS', 'SY', 'FZ']",TD + RS,SY + FZ,TD|RS|SY|FZ,"FZ,SY||RS,TD",False,False,0.04272907809294978,0.002798113095976545,0.0736824220014943,0.19374441845372148,0.01636358126776084,0.22925405244019273,0.12456589195119683,0.12456589195119683,0.3754341080488032
TD,AC,CH,NS,"['TD', 'AC', 'CH', 'NS']",TD + AC,CH + NS,TD|AC|CH|NS,"AC,TD||CH,NS",False,True,0.10541619775964906,0.051858253846672996,0.01570639045896578,0.17519924990775887,0.0447465631494459,0.20381748205274902,0.12432270207201682,0.12432270207201682,0.3756772979279832
AC,RS,CH,NS,"['AC', 'RS', 'CH', 'NS']",AC + RS,CH + NS,AC|RS|CH|NS,"AC,RS||CH,NS",True,True,0.12171205653722902,0.059092826785018,0.0830348226888089,0.18791237826338086,0.02363929842137891,0.20828755694945386,0.1238458771250001,0.1238458771250001,0.3761541228749999
TD,AC,CH,SY,"['TD', 'AC', 'CH', 'SY']",TD + AC,CH + SY,TD|AC|CH|SY,"AC,TD||CH,SY",False,False,0.09668016123773814,0.02926121060719138,0.02963049105922574,0.17560273185980968,0.04283710928865555,0.18461382305377785,0.12382413905705958,0.12382413905705958,0.3761758609429404
TD,AC,NS,CH,"['TD', 'AC', 'NS', 'CH']",TD + AC,NS + CH,TD|AC|NS|CH,"AC,TD||CH,NS",False,True,0.10541619775964906,0.051858253846672996,0.014168201469960296,0.17571425573526472,0.0418408089314142,0.21130750333353296,0.12350361148176302,0.12350361148176302,0.37649638851823697
RS,AC,NS,TT,"['RS', 'AC', 'NS', 'TT']",RS + AC,NS + TT,RS|AC|NS|TT,"AC,RS||NS,TT",False,False,0.1744173661215302,0.11768247385664155,0.22787766964088566,0.17422726393786167,0.04283611954423542,0.18442428947256465,0.12298471762434743,0.12298471762434743,0.37701528237565257
TD,AC,SY,CH,"['TD', 'AC', 'SY', 'CH']",TD + AC,SY + CH,TD|AC|SY|CH,"AC,TD||CH,SY",False,False,0.09668016123773814,0.02926121060719138,0.024415551265992593,0.1749777318598097,0.04145520585681473,0.18288923018632786,0.12290394671864166,0.12290394671864166,0.3770960532813583
AC,RS,FZ,NS,"['AC', 'RS', 'FZ', 'NS']",AC + RS,FZ + NS,AC|RS|FZ|NS,"AC,RS||FZ,NS",False,True,0.077354368391646,0.023054438104164757,0.0576332053979381,0.1743610526574226,0.041537636359696824,0.17299376390787968,0.12255992030130955,0.12255992030130955,0.3774400796986904
RS,TD,CH,FZ,"['RS', 'TD', 'CH', 'FZ']",RS + TD,CH + FZ,RS|TD|CH|FZ,"CH,FZ||RS,TD",False,False,0.03273069674074135,0.0024918058130716553,0.03764730882819687,0.19366135015935498,0.011217738358838646,0.24960723734532092,0.12250834155715361,0.12250834155715361,0.3774916584428464
AC,RS,SY,CH,"['AC', 'RS', 'SY', 'CH']",AC + RS,SY + CH,AC|RS|SY|CH,"AC,RS||CH,SY",False,False,0.11179431712266431,0.03387788186653106,0.1036417979322204,0.1760035846573819,0.03844116122539826,0.1746217632390196,0.12235423951890827,0.12235423951890827,0.3776457604810917
TD,TT,FZ,CH,"['TD', 'TT', 'FZ', 'CH']",TD + TT,FZ + CH,TD|TT|FZ|CH,"CH,FZ||TD,TT",False,True,0.07965170481341495,0.02104509850984853,0.03505632828722384,0.1738533113684678,0.041760800720167794,0.15411803555724535,0.1223372322156308,0.1223372322156308,0.3776627677843692
TD,TT,FZ,NS,"['TD', 'TT', 'FZ', 'NS']",TD + TT,FZ + NS,TD|TT|FZ|NS,"FZ,NS||TD,TT",False,True,0.11165903349931952,0.041500910844317146,0.04493296843735714,0.17649918631999548,0.03484427766492792,0.16378655182677945,0.12125377194451913,0.12125377194451913,0.37874622805548086
TD,AC,TT,FZ,"['TD', 'AC', 'TT', 'FZ']",TD + AC,TT + FZ,TD|AC|TT|FZ,"AC,TD||FZ,TT",False,False,0.06962403958146972,0.023831704413690313,0.010988235561769175,0.16299686551867992,0.05534445337840852,0.1787902373175826,0.12101242478397407,0.12101242478397407,0.37898757521602594
TD,RS,CH,FZ,"['TD', 'RS', 'CH', 'FZ']",TD + RS,CH + FZ,TD|RS|CH|FZ,"CH,FZ||RS,TD",False,False,0.03273069674074135,0.0024918058130716553,0.03764730882819687,0.19116135015935498,0.010982766578092589,0.22107514654646593,0.12089170256266264,0.12089170256266264,0.37910829743733737
TD,AC,NS,SY,"['TD', 'AC', 'NS', 'SY']",TD + AC,NS + SY,TD|AC|NS|SY,"AC,TD||NS,SY",False,True,0.13453000119990893,0.055564155311409215,0.07297017822712548,0.17309357088440996,0.038795883800025445,0.18715805800724727,0.12071747292150001,0.12071747292150001,0.37928252707849996
RS,TD,FZ,NS,"['RS', 'TD', 'FZ', 'NS']",RS + TD,FZ + NS,RS|TD|FZ|NS,"FZ,NS||RS,TD",False,False,0.04684288649385322,0.006037581218507745,0.046028175340505614,0.18713070879468852,0.016840166996398166,0.24330194003866112,0.12071739749335528,0.12071739749335528,0.3792826025066447
TD,AC,CH,FZ,"['TD', 'AC', 'CH', 'FZ']",TD + AC,CH + FZ,TD|AC|CH|FZ,"AC,TD||CH,FZ",False,True,0.0467903888489837,0.009133617682022793,0.01071469833055292,0.17502986284969668,0.035670120750201484,0.15857398050371935,0.12067956343089355,0.12067956343089355,0.37932043656910647
AC,RS,NS,CH,"['AC', 'RS', 'NS', 'CH']",AC + RS,NS + CH,AC|RS|NS|CH,"AC,RS||CH,NS",False,True,0.12171205653722902,0.059092826785018,0.07540804904748101,0.1828704930652457,0.022012368310614056,0.19693572499344145,0.12013582441093935,0.12013582441093935,0.37986417558906066
RS,TD,NS,TT,"['RS', 'TD', 'NS', 'TT']",RS + TD,NS + TT,RS|TD|NS|TT,"NS,TT||RS,TD",False,False,0.1101930512121382,0.04403663782065332,0.10470656193390504,0.18035837608911173,0.025908086781577286,0.19199006820580064,0.12012276325917329,0.12012276325917329,0.37987723674082674
RS,TD,TT,FZ,"['RS', 'TD', 'TT', 'FZ']",RS + TD,TT + FZ,RS|TD|TT|FZ,"FZ,TT||RS,TD",False,False,0.04905633831245982,0.007548905230020602,0.04126061961897927,0.18549087241852782,0.017774667263568026,0.19762854756865733,0.12008155240809351,0.12008155240809351,0.3799184475919065
TD,AC,SY,NS,"['TD', 'AC', 'SY', 'NS']",TD + AC,SY + NS,TD|AC|SY|NS,"AC,TD||NS,SY",False,True,0.13453000119990893,0.055564155311409215,0.07297017822712548,0.1714269042177433,0.03915605224182013,0.18090702315447904,0.11984127194713326,0.11984127194713326,0.38015872805286677
TD,RS,NS,TT,"['TD', 'RS', 'NS', 'TT']",TD + RS,NS + TT,TD|RS|NS|TT,"NS,TT||RS,TD",False,False,0.1101930512121382,0.04403663782065332,0.10470656193390504,0.17910837608911173,0.025307586091732275,0.19199006820580064,0.11912606799013374,0.11912606799013374,0.38087393200986625
TD,RS,FZ,NS,"['TD', 'RS', 'FZ', 'NS']",TD + RS,FZ + NS,TD|RS|FZ|NS,"FZ,NS||RS,TD",False,False,0.04684288649385322,0.006037581218507745,0.046028175340505614,0.18463070879468851,0.016505767753053287,0.22136683162250276,0.11906198178845077,0.11906198178845077,0.3809380182115492
TD,RS,TT,FZ,"['TD', 'RS', 'TT', 'FZ']",TD + RS,TT + FZ,TD|RS|TT|FZ,"FZ,TT||RS,TD",False,False,0.04905633831245982,0.007548905230020602,0.04126061961897927,0.18299087241852782,0.01749178137913326,0.19873275908761537,0.11844622691316394,0.11844622691316394,0.3815537730868361
RS,TD,CH,SY,"['RS', 'TD', 'CH', 'SY']",RS + TD,CH + SY,RS|TD|CH|SY,"CH,SY||RS,TD",False,False,0.06871006068153639,0.009579093455762477,0.07745271507043458,0.18252456385883856,0.01708191777043304,0.15932742949094048,0.1180019318843604,0.1180019318843604,0.38199806811563963
RS,AC,SY,FZ,"['RS', 'AC', 'SY', 'FZ']",RS + AC,SY + FZ,RS|AC|SY|FZ,"AC,RS||FZ,SY",False,False,0.07075992230752662,0.011984941697155064,0.08235067781298974,0.17600570959152725,0.02720526187922701,0.16859541812513024,0.11797353498373016,0.11797353498373016,0.38202646501626986
SY,CH,RS,TT,"['SY', 'CH', 'RS', 'TT']",SY + CH,RS + TT,SY|CH|RS|TT,"CH,SY||RS,TT",False,True,0.8183895355102387,0.9334315237818112,0.9496699173876297,0.8661970044886577,0.9070110729062836,0.9348997102066312,0.8821144911715317,0.8821144911715317,0.38211449117153173
AC,RS,FZ,TT,"['AC', 'RS', 'FZ', 'TT']",AC + RS,FZ + TT,AC|RS|FZ|TT,"AC,RS||FZ,TT",False,True,0.08088721910328217,0.027742505127363298,0.056323204262655635,0.16816104518237368,0.038421541374750776,0.17944684529555024,0.11756263869740075,0.11756263869740075,0.38243736130259925
RS,TD,SY,NS,"['RS', 'TD', 'SY', 'NS']",RS + TD,SY + NS,RS|TD|SY|NS,"NS,SY||RS,TD",False,False,0.09678295059863273,0.02038996821921645,0.12987236206272348,0.1820339099059321,0.015745227606154474,0.15523056483275086,0.11718132380901881,0.11718132380901881,0.3828186761909812
AC,RS,NS,FZ,"['AC', 'RS', 'NS', 'FZ']",AC + RS,NS + FZ,AC|RS|NS|FZ,"AC,RS||FZ,NS",False,True,0.077354368391646,0.023054438104164757,0.036211445044120404,0.16502560331515848,0.04209333447587984,0.17979041145728522,0.1170820184678398,0.1170820184678398,0.38291798153216017
CH,SY,RS,TT,"['CH', 'SY', 'RS', 'TT']",CH + SY,RS + TT,CH|SY|RS|TT,"CH,SY||RS,TT",False,True,0.8183895355102387,0.9334315237818112,0.9496699173876297,0.8643504597732106,0.9121696894671162,0.9271902622678438,0.8829999593538337,0.8829999593538337,0.3829999593538337
AC,TD,TT,SY,"['AC', 'TD', 'TT', 'SY']",AC + TD,TT + SY,AC|TD|TT|SY,"AC,TD||SY,TT",True,True,0.1402771080685453,0.06492231545225581,0.05484167841398375,0.15566460556874062,0.0552115985213682,0.18222117046478215,0.11648793282026539,0.11648793282026539,0.38351206717973463
TD,RS,CH,SY,"['TD', 'RS', 'CH', 'SY']",TD + RS,CH + SY,TD|RS|CH|SY,"CH,SY||RS,TD",False,False,0.06871006068153639,0.009579093455762477,0.07745271507043458,0.18002456385883858,0.016901032898897186,0.16215413912216137,0.11640638678446143,0.11640638678446143,0.3835936132155386
RS,TD,NS,SY,"['RS', 'TD', 'NS', 'SY']",RS + TD,NS + SY,RS|TD|NS|SY,"NS,SY||RS,TD",False,False,0.09678295059863273,0.02038996821921645,0.12987236206272348,0.18064368554695776,0.015689320318180724,0.14786424022632916,0.11631148310773472,0.11631148310773472,0.3836885168922653
RS,AC,CH,FZ,"['RS', 'AC', 'CH', 'FZ']",RS + AC,CH + FZ,RS|AC|CH|FZ,"AC,RS||CH,FZ",False,True,0.05457641877230901,0.010902939957817728,0.041309777027632534,0.1825061756915288,0.011950694334410978,0.1544769467098317,0.11598953796225285,0.11598953796225285,0.38401046203774714
RS,TD,NS,FZ,"['RS', 'TD', 'NS', 'FZ']",RS + TD,NS + FZ,RS|TD|NS|FZ,"FZ,NS||RS,TD",False,False,0.04684288649385322,0.006037581218507745,0.02878813185422478,0.17884237206203707,0.017068513892061946,0.24822669782056178,0.11575056737574677,0.11575056737574677,0.38424943262425326
RS,AC,FZ,SY,"['RS', 'AC', 'FZ', 'SY']",RS + AC,FZ + SY,RS|AC|FZ|SY,"AC,RS||FZ,SY",False,False,0.07075992230752662,0.011984941697155064,0.13754773607325285,0.17243651149789394,0.02657086091327431,0.1761241190144694,0.11554890776989228,0.11554890776989228,0.3844510922301077
TD,AC,FZ,NS,"['TD', 'AC', 'FZ', 'NS']",TD + AC,FZ + NS,TD|AC|FZ|NS,"AC,TD||FZ,NS",False,True,0.06654750437162274,0.019697913309453474,0.014651740549527914,0.1560758735873714,0.051755832184072995,0.16459128272389942,0.11539105744008502,0.11539105744008502,0.38460894255991496
CH,SY,RS,TD,"['CH', 'SY', 'RS', 'TD']",CH + SY,RS + TD,CH|SY|RS|TD,"CH,SY||RS,TD",False,False,0.9312899393184636,0.9904209065442375,0.8598280438429753,0.8226680315473485,0.9828173789375497,0.9023985462096408,0.885126277029527,0.885126277029527,0.38512627702952695
TD,RS,SY,NS,"['TD', 'RS', 'SY', 'NS']",TD + RS,SY + NS,TD|RS|SY|NS,"NS,SY||RS,TD",False,False,0.09678295059863273,0.02038996821921645,0.12987236206272348,0.17814368554695773,0.015360415505868738,0.1483843867464757,0.11465821023093302,0.11465821023093302,0.38534178976906697
TD,RS,NS,SY,"['TD', 'RS', 'NS', 'SY']",TD + RS,NS + SY,TD|RS|NS|SY,"NS,SY||RS,TD",False,False,0.09678295059863273,0.02038996821921645,0.12987236206272348,0.17814368554695775,0.01522067926264061,0.14607669443878338,0.11460371309607406,0.11460371309607406,0.3853962869039259
TD,RS,NS,FZ,"['TD', 'RS', 'NS', 'FZ']",TD + RS,NS + FZ,TD|RS|NS|FZ,"FZ,NS||RS,TD",False,False,0.04684288649385322,0.006037581218507745,0.02878813185422478,0.17634237206203715,0.01673124062657589,0.22439404250685646,0.11409403080220726,0.11409403080220726,0.38590596919779274
RS,AC,TT,FZ,"['RS', 'AC', 'TT', 'FZ']",RS + AC,TT + FZ,RS|AC|TT|FZ,"AC,RS||FZ,TT",False,True,0.08088721910328217,0.027742505127363298,0.04637213634700454,0.1661999151132007,0.03249912252878192,0.16722067568291069,0.11405660600527738,0.11405660600527738,0.3859433939947226
TD,AC,NS,FZ,"['TD', 'AC', 'NS', 'FZ']",TD + AC,NS + FZ,TD|AC|NS|FZ,"AC,TD||FZ,NS",False,True,0.06654750437162274,0.019697913309453474,0.008172585004433302,0.15225828138796454,0.05164200027217543,0.16504915976461287,0.11301793175280679,0.11301793175280679,0.3869820682471932
RS,TD,SY,CH,"['RS', 'TD', 'SY', 'CH']",RS + TD,SY + CH,RS|TD|SY|CH,"CH,SY||RS,TD",False,False,0.06871006068153639,0.009579093455762477,0.06437951372782331,0.17457187765615234,0.01668198860799325,0.161319910693948,0.11299482092737029,0.11299482092737029,0.3870051790726297
TD,TT,NS,FZ,"['TD', 'TT', 'NS', 'FZ']",TD + TT,NS + FZ,TD|TT|NS|FZ,"FZ,NS||TD,TT",True,True,0.11165903349931952,0.041500910844317146,0.02809105988341466,0.16242855277787335,0.0346736999862144,0.16245781396673276,0.11260416018912635,0.11260416018912635,0.38739583981087367
SY,CH,RS,TD,"['SY', 'CH', 'RS', 'TD']",SY + CH,RS + TD,SY|CH|RS|TD,"CH,SY||RS,TD",False,False,0.9312899393184636,0.9904209065442375,0.8598280438429753,0.8274312429294624,0.9818736657952276,0.8960834899753297,0.8876637878471108,0.8876637878471108,0.38766378784711075
SY,CH,NS,AC,"['SY', 'CH', 'NS', 'AC']",SY + CH,NS + AC,SY|CH|NS|AC,"AC,NS||CH,SY",False,True,0.7474338492816073,0.8336248057842164,0.9201877585449122,0.8960339017525327,0.8748631424020757,0.8437037989644247,0.8877773056058544,0.8877773056058544,0.38777730560585444
CH,FZ,TT,SY,"['CH', 'FZ', 'TT', 'SY']",CH + FZ,TT + SY,CH|FZ|TT|SY,"CH,FZ||SY,TT",True,True,0.7687322686015108,0.7989439197801574,0.9797310840201573,0.8525836621041865,0.9428290338191494,0.9422434890456102,0.887779357073022,0.887779357073022,0.387779357073022
RS,AC,CH,SY,"['RS', 'AC', 'CH', 'SY']",RS + AC,CH + SY,RS|AC|CH|SY,"AC,RS||CH,SY",False,False,0.11179431712266431,0.03387788186653106,0.1401716937723186,0.16582879152726793,0.02764184397023109,0.1653865352799345,0.11193588198002356,0.11193588198002356,0.3880641180199764
RS,TD,FZ,TT,"['RS', 'TD', 'FZ', 'TT']",RS + TD,FZ + TT,RS|TD|FZ|TT,"FZ,TT||RS,TD",False,False,0.04905633831245982,0.007548905230020602,0.04388745465100436,0.17299367433781904,0.01594918161809037,0.19655660640431985,0.11174632217712485,0.11174632217712485,0.3882536778228751
CH,FZ,SY,TT,"['CH', 'FZ', 'SY', 'TT']",CH + FZ,SY + TT,CH|FZ|SY|TT,"CH,FZ||SY,TT",False,True,0.7687322686015108,0.7989439197801574,0.977010112380587,0.857225328770853,0.9371582776714509,0.957784801118872,0.8883991788420862,0.8883991788420862,0.3883991788420862
RS,AC,NS,CH,"['RS', 'AC', 'NS', 'CH']",RS + AC,NS + CH,RS|AC|NS|CH,"AC,RS||CH,NS",True,True,0.12171205653722902,0.059092826785018,0.0730035178229465,0.17260472872894692,0.01527220375833443,0.19700132539447573,0.11124504399040805,0.11124504399040805,0.388754956009592
RS,AC,CH,NS,"['RS', 'AC', 'CH', 'NS']",RS + AC,CH + NS,RS|AC|CH|NS,"AC,RS||CH,NS",False,True,0.12171205653722902,0.059092826785018,0.08040824675518819,0.17188138956810778,0.016233237549553022,0.1990358094008442,0.11117861028087142,0.11117861028087142,0.3888213897191286
AC,RS,FZ,CH,"['AC', 'RS', 'FZ', 'CH']",AC + RS,FZ + CH,AC|RS|FZ|CH,"AC,RS||CH,FZ",False,True,0.05457641877230901,0.010902939957817728,0.05242004445614661,0.1718982746057907,0.01553152186712696,0.17084521160883162,0.11091524103771185,0.11091524103771185,0.38908475896228817
CH,SY,AC,TD,"['CH', 'SY', 'AC', 'TD']",CH + SY,AC + TD,CH|SY|AC|TD,"AC,TD||CH,SY",False,False,0.9033198387622619,0.9707387893928087,0.9267958371713897,0.8493649161031468,0.9516652387846435,0.8378476577033854,0.8892620419489304,0.8892620419489304,0.38926204194893044
CH,SY,NS,AC,"['CH', 'SY', 'NS', 'AC']",CH + SY,NS + AC,CH|SY|NS|AC,"AC,NS||CH,SY",False,True,0.7474338492816073,0.8336248057842164,0.9201877585449122,0.8922017248531775,0.8849631585836251,0.8421030468944976,0.889378684008052,0.889378684008052,0.389378684008052
RS,TD,FZ,CH,"['RS', 'TD', 'FZ', 'CH']",RS + TD,FZ + CH,RS|TD|FZ|CH,"CH,FZ||RS,TD",False,False,0.03273069674074135,0.0024918058130716553,0.041818155044028034,0.1738005220687344,0.011107224373352678,0.2177268517104863,0.11035013596753553,0.11035013596753553,0.3896498640324645
TD,RS,SY,CH,"['TD', 'RS', 'SY', 'CH']",TD + RS,SY + CH,TD|RS|SY|CH,"CH,SY||RS,TD",False,False,0.06871006068153639,0.009579093455762477,0.06437951372782331,0.170181653297178,0.016613235852190187,0.16167919829238186,0.11028997049363275,0.11028997049363275,0.38971002950636724
TD,RS,FZ,TT,"['TD', 'RS', 'FZ', 'TT']",TD + RS,FZ + TT,TD|RS|FZ|TT,"FZ,TT||RS,TD",False,False,0.04905633831245982,0.007548905230020602,0.04388745465100436,0.1703534499788446,0.01595368763272196,0.1892875072495065,0.11013754266385677,0.11013754266385677,0.3898624573361432
RS,TD,TT,SY,"['RS', 'TD', 'TT', 'SY']",RS + TD,TT + SY,RS|TD|TT|SY,"RS,TD||SY,TT",False,True,0.10110588882412225,0.02458784237479389,0.16924159497844415,0.16996540972866112,0.01530667331525742,0.16599224305299407,0.10964850252743366,0.10964850252743366,0.39035149747256637
FZ,CH,SY,TT,"['FZ', 'CH', 'SY', 'TT']",FZ + CH,SY + TT,FZ|CH|SY|TT,"CH,FZ||SY,TT",False,True,0.7687322686015108,0.7989439197801574,0.977010112380587,0.8650302068196335,0.9302099470956277,0.958689563023634,0.8904503055272712,0.8904503055272712,0.3904503055272712
RS,AC,SY,CH,"['RS', 'AC', 'SY', 'CH']",RS + AC,SY + CH,RS|AC|SY|CH,"AC,RS||CH,SY",False,False,0.11179431712266431,0.03387788186653106,0.11786469696768888,0.16221719479067115,0.026789094172774627,0.17158718164017348,0.1094002355496915,0.1094002355496915,0.39059976445030853
TD,AC,FZ,TT,"['TD', 'AC', 'FZ', 'TT']",TD + AC,FZ + TT,TD|AC|FZ|TT,"AC,TD||FZ,TT",False,False,0.06962403958146972,0.023831704413690313,0.013061922578754534,0.1471851833109871,0.04910324834249984,0.1876191280123059,0.10893322867327707,0.10893322867327707,0.39106677132672296
AC,RS,TT,SY,"['AC', 'RS', 'TT', 'SY']",AC + RS,TT + SY,AC|RS|TT|SY,"AC,RS||SY,TT",False,False,0.1609921497690676,0.07343407138306014,0.2194729411882038,0.13943790550664603,0.060760545714432734,0.19760619217466363,0.10875373518768285,0.10875373518768285,0.39124626481231717
TD,RS,FZ,CH,"['TD', 'RS', 'FZ', 'CH']",TD + RS,FZ + CH,TD|RS|FZ|CH,"CH,FZ||RS,TD",False,False,0.03273069674074135,0.0024918058130716553,0.041818155044028034,0.1713005220687344,0.010887989687811236,0.19909730545376036,0.10873963444017436,0.10873963444017436,0.39126036555982563
CH,SY,RS,AC,"['CH', 'SY', 'RS', 'AC']",CH + SY,RS + AC,CH|SY|RS|AC,"AC,RS||CH,SY",False,False,0.8882056828773357,0.9661221181334689,0.8574230222465518,0.8425087987102929,0.968940314662245,0.9198234186825553,0.8918170899315543,0.8918170899315543,0.3918170899315543
TD,RS,TT,SY,"['TD', 'RS', 'TT', 'SY']",TD + RS,TT + SY,TD|RS|TT|SY,"RS,TD||SY,TT",False,True,0.10110588882412225,0.02458784237479389,0.16924159497844415,0.16746540972866109,0.01492564029875814,0.16599224305299404,0.10797489965099893,0.10797489965099893,0.39202510034900107
SY,CH,AC,TD,"['SY', 'CH', 'AC', 'TD']",SY + CH,AC + TD,SY|CH|AC|TD,"AC,TD||CH,SY",False,False,0.9033198387622619,0.9707387893928087,0.9267958371713897,0.8566281274852606,0.9487494109483141,0.8378476577033853,0.8925554280358515,0.8925554280358515,0.39255542803585153
AC,RS,SY,NS,"['AC', 'RS', 'SY', 'NS']",AC + RS,SY + NS,AC|RS|SY|NS,"AC,RS||NS,SY",False,False,0.15454891977044372,0.06315882323152387,0.21419145998621034,0.1536443860535764,0.03455512956125617,0.16901709829274483,0.1071995760215715,0.1071995760215715,0.3928004239784285
FZ,SY,TD,AC,"['FZ', 'SY', 'TD', 'AC']",FZ + SY,TD + AC,FZ|SY|TD|AC,"AC,TD||FZ,SY",False,False,0.9391863823042789,0.9899295354031067,0.6447114831767572,0.8396841972045793,0.977681337418241,0.8622268376588258,0.8935030818879075,0.8935030818879075,0.3935030818879075
SY,FZ,TD,AC,"['SY', 'FZ', 'TD', 'AC']",SY + FZ,TD + AC,SY|FZ|TD|AC,"AC,TD||FZ,SY",False,False,0.9391863823042789,0.9899295354031067,0.6775312599335263,0.8396841972045794,0.9779019814627374,0.8612461613303234,0.893589133065261,0.893589133065261,0.393589133065261
FZ,SY,TT,NS,"['FZ', 'SY', 'TT', 'NS']",FZ + SY,TT + NS,FZ|SY|TT|NS,"FZ,SY||NS,TT",False,True,0.7350575344411167,0.8592752191456446,0.9797821980322535,0.8628386297868215,0.9418910924909168,0.9471442138503531,0.8936690902414186,0.8936690902414186,0.3936690902414186
FZ,CH,TT,SY,"['FZ', 'CH', 'TT', 'SY']",FZ + CH,TT + SY,FZ|CH|TT|SY,"CH,FZ||SY,TT",True,True,0.7687322686015108,0.7989439197801574,0.9797310840201573,0.8662802068196335,0.9373137326848031,0.951107081274918,0.8939832819070497,0.8939832819070497,0.3939832819070497
AC,RS,NS,SY,"['AC', 'RS', 'NS', 'SY']",AC + RS,NS + SY,AC|RS|NS|SY,"AC,RS||NS,SY",False,False,0.15454891977044372,0.06315882323152387,0.21419145998621034,0.15172771938690974,0.0342314663693396,0.17097707068749976,0.10590418071005739,0.10590418071005739,0.39409581928994264
SY,CH,RS,AC,"['SY', 'CH', 'RS', 'AC']",SY + CH,RS + AC,SY|CH|RS|AC,"AC,RS||CH,SY",False,False,0.8882056828773357,0.9661221181334689,0.8574230222465518,0.8472720100924068,0.9674340556427639,0.9138711923374722,0.8941352078570461,0.8941352078570461,0.39413520785704614
FZ,SY,NS,TT,"['FZ', 'SY', 'NS', 'TT']",FZ + SY,NS + TT,FZ|SY|NS|TT,"FZ,SY||NS,TT",True,True,0.7350575344411167,0.8592752191456446,0.9779904243408455,0.8688386297868216,0.9343019300573083,0.9419293797033516,0.8943693168923115,0.8943693168923115,0.3943693168923115
RS,AC,FZ,NS,"['RS', 'AC', 'FZ', 'NS']",RS + AC,FZ + NS,RS|AC|FZ|NS,"AC,RS||FZ,NS",False,True,0.077354368391646,0.023054438104164757,0.05065831701045439,0.153561665724219,0.030634456669220496,0.1554685434720822,0.10562005419276958,0.10562005419276958,0.3943799458072304
SY,FZ,TT,NS,"['SY', 'FZ', 'TT', 'NS']",SY + FZ,TT + NS,SY|FZ|TT|NS,"FZ,SY||NS,TT",False,True,0.7350575344411167,0.8592752191456446,0.9824820604737986,0.8636719631201548,0.9424940365407883,0.9436812855098239,0.8944125717542019,0.8944125717542019,0.39441257175420186
SY,FZ,NS,TT,"['SY', 'FZ', 'NS', 'TT']",SY + FZ,NS + TT,SY|FZ|NS|TT,"FZ,SY||NS,TT",True,True,0.7350575344411167,0.8592752191456446,0.9809248999102698,0.8696719631201549,0.9355197364092586,0.9454010350321499,0.8953525947029053,0.8953525947029053,0.3953525947029053
TD,AC,FZ,CH,"['TD', 'AC', 'FZ', 'CH']",TD + AC,FZ + CH,TD|AC|FZ|CH,"AC,TD||CH,FZ",False,True,0.0467903888489837,0.009133617682022793,0.013271676295106451,0.1483734900260314,0.03544593621550809,0.1558665636047779,0.1043317440399273,0.1043317440399273,0.3956682559600727
CH,SY,AC,NS,"['CH', 'SY', 'AC', 'NS']",CH + SY,AC + NS,CH|SY|AC|NS,"AC,NS||CH,SY",True,True,0.7474338492816073,0.8336248057842164,0.9201877585449122,0.8969933915198441,0.8936484610358449,0.8367584584633772,0.8956888686310844,0.8956888686310844,0.39568886863108443
CH,SY,TD,RS,"['CH', 'SY', 'TD', 'RS']",CH + SY,TD + RS,CH|SY|TD|RS,"CH,SY||RS,TD",False,False,0.9312899393184636,0.9904209065442375,0.8916272341832424,0.8394721059940287,0.9838274605318459,0.8896337151468049,0.8957706942637773,0.8957706942637773,0.3957706942637773
RS,AC,NS,FZ,"['RS', 'AC', 'NS', 'FZ']",RS + AC,NS + FZ,RS|AC|NS|FZ,"AC,RS||FZ,NS",False,True,0.077354368391646,0.023054438104164757,0.03161706210399759,0.1496428830486216,0.030558240076025457,0.16364582893147472,0.1031998722893091,0.1031998722893091,0.3968001277106909
SY,CH,AC,NS,"['SY', 'CH', 'AC', 'NS']",SY + CH,AC + NS,SY|CH|AC|NS,"AC,NS||CH,SY",False,True,0.7474338492816073,0.8336248057842164,0.9201877585449122,0.9039505684191994,0.8867902080211921,0.834244356565219,0.8972580278639766,0.8972580278639766,0.39725802786397657
SY,CH,RS,NS,"['SY', 'CH', 'RS', 'NS']",SY + CH,RS + NS,SY|CH|RS|NS,"CH,SY||NS,RS",False,False,0.8110702117744315,0.9236351663671366,0.6025864828700556,0.8883716939525044,0.9136582685076037,0.9272833513261302,0.8982334580289931,0.8982334580289931,0.3982334580289931
SY,CH,TD,RS,"['SY', 'CH', 'TD', 'RS']",SY + CH,TD + RS,SY|CH|TD|RS,"CH,SY||RS,TD",False,False,0.9312899393184636,0.9904209065442375,0.8916272341832424,0.8442353173761425,0.9829122410719472,0.8777735312043073,0.8983193176175064,0.8983193176175064,0.3983193176175064
AC,TD,SY,TT,"['AC', 'TD', 'SY', 'TT']",AC + TD,SY + TT,AC|TD|SY|TT,"AC,TD||SY,TT",False,True,0.1402771080685453,0.06492231545225581,0.03707409482145796,0.13442725017713544,0.04851320463856698,0.1846776467423129,0.10092077241709374,0.10092077241709374,0.39907922758290626
CH,SY,RS,NS,"['CH', 'SY', 'RS', 'NS']",CH + SY,RS + NS,CH|SY|RS|NS,"CH,SY||NS,RS",False,False,0.8110702117744315,0.9236351663671366,0.6025864828700556,0.8865251492370574,0.9188182875589935,0.926671914900966,0.8991194731826125,0.8991194731826125,0.39911947318261254
SY,CH,TD,NS,"['SY', 'CH', 'TD', 'NS']",SY + CH,TD + NS,SY|CH|TD|NS,"CH,SY||NS,TD",False,True,0.8346716641494637,0.9324370453577852,0.7224711564756278,0.8721499097673666,0.9426066634249715,0.915009163505686,0.8996280436938324,0.8996280436938324,0.3996280436938324
RS,TD,TT,AC,"['RS', 'TD', 'TT', 'AC']",RS + TD,TT + AC,RS|TD|TT|AC,"AC,TT||RS,TD",False,True,0.18645561771740332,0.09485907201891935,0.1860048135173171,0.12293583821894202,0.06473070683861194,0.20385959520976768,0.1002358369806133,0.1002358369806133,0.3997641630193867
CH,SY,TD,NS,"['CH', 'SY', 'TD', 'NS']",CH + SY,TD + NS,CH|SY|TD|NS,"CH,SY||NS,TD",True,True,0.8346716641494637,0.9324370453577852,0.7224711564756278,0.8703033650519194,0.9460419508463032,0.9160709112817196,0.8998414135117291,0.8998414135117291,0.3998414135117291
SY,CH,NS,TD,"['SY', 'CH', 'NS', 'TD']",SY + CH,NS + TD,SY|CH|NS|TD,"CH,SY||NS,TD",True,True,0.8346716641494637,0.9324370453577852,0.9174715205106794,0.8737419495683615,0.9408151968339583,0.9235863801225448,0.8999005160019442,0.8999005160019442,0.3999005160019442
CH,SY,NS,TD,"['CH', 'SY', 'NS', 'TD']",CH + SY,NS + TD,CH|SY|NS|TD,"CH,SY||NS,TD",False,True,0.8346716641494637,0.9324370453577852,0.9174715205106794,0.8718954048529145,0.944314462018168,0.9189699489346848,0.9001388371473634,0.9001388371473634,0.4001388371473634
NS,FZ,RS,TD,"['NS', 'FZ', 'RS', 'TD']",NS + FZ,RS + TD,NS|FZ|RS|TD,"FZ,NS||RS,TD",False,False,0.9531571135061468,0.9939624187814923,0.9330055550063073,0.8437841277505682,0.9891106223937607,0.8321587061137709,0.9004614606614132,0.9004614606614132,0.4004614606614132
RS,TD,SY,TT,"['RS', 'TD', 'SY', 'TT']",RS + TD,SY + TT,RS|TD|SY|TT,"RS,TD||SY,TT",True,True,0.10110588882412225,0.02458784237479389,0.13564086610942402,0.15451192804243383,0.013510600561913234,0.15353380660337684,0.09952141032503078,0.09952141032503078,0.4004785896749692
SY,FZ,CH,AC,"['SY', 'FZ', 'CH', 'AC']",SY + FZ,CH + AC,SY|FZ|CH|AC,"AC,CH||FZ,SY",False,True,0.7710626727563923,0.8658523823524943,0.9547784139548281,0.8756788378226509,0.9401529262172063,0.9236368766920587,0.9008237322965276,0.9008237322965276,0.40082373229652757
FZ,SY,RS,TD,"['FZ', 'SY', 'RS', 'TD']",FZ + SY,RS + TD,FZ|SY|RS|TD,"FZ,SY||RS,TD",False,False,0.9572709219070502,0.9972018869040234,0.8464788274394864,0.8433197014062601,0.9926577690123937,0.9109207004623511,0.9015615477726522,0.9015615477726522,0.4015615477726522
SY,FZ,RS,TD,"['SY', 'FZ', 'RS', 'TD']",SY + FZ,RS + TD,SY|FZ|RS|TD,"FZ,SY||RS,TD",False,False,0.9572709219070502,0.9972018869040234,0.8813941484745966,0.8433197014062601,0.9927438731645171,0.9115250960667465,0.9015951283919803,0.9015951283919803,0.4015951283919803
SY,CH,TT,RS,"['SY', 'CH', 'TT', 'RS']",SY + CH,TT + RS,SY|CH|TT|RS,"CH,SY||RS,TT",False,True,0.8183895355102387,0.9334315237818112,0.9869467672204412,0.8901067741985177,0.9200482332880047,0.9242838981841434,0.9017839432434176,0.9017839432434176,0.4017839432434176
CH,SY,TT,RS,"['CH', 'SY', 'TT', 'RS']",CH + SY,TT + RS,CH|SY|TT|RS,"CH,SY||RS,TT",False,True,0.8183895355102387,0.9334315237818112,0.9869467672204412,0.8873411118360117,0.9245189809839877,0.9326988147859928,0.9018404808037224,0.9018404808037224,0.40184048080372237
TD,AC,SY,TT,"['TD', 'AC', 'SY', 'TT']",TD + AC,SY + TT,TD|AC|SY|TT,"AC,TD||SY,TT",False,True,0.1402771080685453,0.06492231545225581,0.037129743832097266,0.13859176586977615,0.034760231962431616,0.19008742735584133,0.09809746764591178,0.09809746764591178,0.40190253235408824
TD,RS,TT,AC,"['TD', 'RS', 'TT', 'AC']",TD + RS,TT + AC,TD|RS|TT|AC,"AC,TT||RS,TD",False,True,0.18645561771740332,0.09485907201891935,0.1860048135173171,0.12043583821894202,0.06293411159077988,0.20285148983996018,0.09801016483395879,0.09801016483395879,0.4019898351660412
RS,AC,SY,NS,"['RS', 'AC', 'SY', 'NS']",RS + AC,SY + NS,RS|AC|SY|NS,"AC,RS||NS,SY",False,False,0.15454891977044372,0.06315882323152387,0.2384788347977105,0.1451411097962466,0.024263346088671034,0.18406517827902905,0.09799878195029213,0.09799878195029213,0.4020012180497079
FZ,SY,CH,TD,"['FZ', 'SY', 'CH', 'TD']",FZ + SY,CH + TD,FZ|SY|CH|TD,"CH,TD||FZ,SY",False,True,0.8517576727965681,0.9486808096986525,0.9328424254831431,0.8688701292091733,0.9539303796913784,0.9564499953236865,0.9020436268972334,0.9020436268972334,0.4020436268972334
CH,FZ,TT,NS,"['CH', 'FZ', 'TT', 'NS']",CH + FZ,TT + NS,CH|FZ|TT|NS,"CH,FZ||NS,TT",False,True,0.7853958829321589,0.8663905455400933,0.9923871367957519,0.8763414519133802,0.9423497756146445,0.8803408178603711,0.9020846981568732,0.9020846981568732,0.4020846981568732
RS,AC,FZ,TT,"['RS', 'AC', 'FZ', 'TT']",RS + AC,FZ + TT,RS|AC|FZ|TT,"AC,RS||FZ,TT",False,True,0.08088721910328217,0.027742505127363298,0.04965497363500489,0.1423465662388412,0.028336774246891978,0.1807749017737768,0.097882747361981,0.097882747361981,0.402117252638019
RS,AC,NS,SY,"['RS', 'AC', 'NS', 'SY']",RS + AC,NS + SY,RS|AC|NS|SY,"AC,RS||NS,SY",False,False,0.15454891977044372,0.06315882323152387,0.2384788347977105,0.14514110979624661,0.02387407042316243,0.18477946399331477,0.09784696444074378,0.09784696444074378,0.4021530355592562
SY,FZ,CH,TD,"['SY', 'FZ', 'CH', 'TD']",SY + FZ,CH + TD,SY|FZ|CH|TD,"CH,TD||FZ,SY",False,True,0.8517576727965681,0.9486808096986525,0.9328424254831431,0.8688701292091733,0.9546025976859959,0.9576422786886453,0.902305791915134,0.902305791915134,0.40230579191513405
FZ,SY,TD,CH,"['FZ', 'SY', 'TD', 'CH']",FZ + SY,TD + CH,FZ|SY|TD|CH,"CH,TD||FZ,SY",False,True,0.8517576727965681,0.9486808096986525,0.7812313544197032,0.8704231595122037,0.9526334413566375,0.9527992016728929,0.902485169431533,0.902485169431533,0.402485169431533
TD,AC,TT,SY,"['TD', 'AC', 'TT', 'SY']",TD + AC,TT + SY,TD|AC|TT|SY,"AC,TD||SY,TT",False,True,0.1402771080685453,0.06492231545225581,0.04275143827149166,0.13397127014452598,0.040237891884201744,0.1892907708208869,0.09741525262299952,0.09741525262299952,0.40258474737700045
SY,FZ,TD,CH,"['SY', 'FZ', 'TD', 'CH']",SY + FZ,TD + CH,SY|FZ|TD|CH,"CH,TD||FZ,SY",False,True,0.8517576727965681,0.9486808096986525,0.7812313544197032,0.8704231595122037,0.9533640440813387,0.9535134873871784,0.9027701044941664,0.9027701044941664,0.4027701044941664
RS,TD,AC,TT,"['RS', 'TD', 'AC', 'TT']",RS + TD,AC + TT,RS|TD|AC|TT,"AC,TT||RS,TD",False,True,0.18645561771740332,0.09485907201891935,0.17065115957069588,0.12074436996497376,0.06000539310859122,0.19533807163077438,0.09705616899098457,0.09705616899098457,0.40294383100901543
NS,FZ,TD,AC,"['NS', 'FZ', 'TD', 'AC']",NS + FZ,TD + AC,NS|FZ|TD|AC,"AC,TD||FZ,NS",False,True,0.9334524956283773,0.9803020866905465,0.7970192817564357,0.8512178166107279,0.9843845845953525,0.9423713945680483,0.9031528561247315,0.9031528561247315,0.4031528561247315
FZ,SY,CH,AC,"['FZ', 'SY', 'CH', 'AC']",FZ + SY,CH + AC,FZ|SY|CH|AC,"AC,CH||FZ,SY",True,True,0.7710626727563923,0.8658523823524943,0.9547784139548281,0.8806788378226509,0.9387780833857244,0.9241130671682493,0.9033375435922496,0.9033375435922496,0.4033375435922496
FZ,NS,RS,TD,"['FZ', 'NS', 'RS', 'TD']",FZ + NS,RS + TD,FZ|NS|RS|TD,"FZ,NS||RS,TD",False,False,0.9531571135061468,0.9939624187814923,0.9052376716911283,0.8499091277505681,0.9880361238623636,0.8303455193005841,0.9037786562341683,0.9037786562341683,0.4037786562341683
CH,FZ,NS,TT,"['CH', 'FZ', 'NS', 'TT']",CH + FZ,NS + TT,CH|FZ|NS|TT,"CH,FZ||NS,TT",False,True,0.7853958829321589,0.8663905455400933,0.9917029979244842,0.8848997852467134,0.9340886414554511,0.8787940905405042,0.9040834391681212,0.9040834391681212,0.4040834391681212
FZ,NS,CH,AC,"['FZ', 'NS', 'CH', 'AC']",FZ + NS,CH + AC,FZ|NS|CH|AC,"AC,CH||FZ,NS",False,True,0.7536352229363232,0.7992042746969732,0.9724469788299723,0.9007082851753624,0.9095756708095842,0.9520885110695042,0.9041665655727089,0.9041665655727089,0.4041665655727089
TD,RS,SY,TT,"['TD', 'RS', 'SY', 'TT']",TD + RS,SY + TT,TD|RS|SY|TT,"RS,TD||SY,TT",False,True,0.10110588882412225,0.02458784237479389,0.13258589161723922,0.14850056186258942,0.013233204882905952,0.14975045996297204,0.09574629264051288,0.09574629264051288,0.4042537073594871
TD,RS,AC,TT,"['TD', 'RS', 'AC', 'TT']",TD + RS,AC + TT,TD|RS|AC|TT,"AC,TT||RS,TD",False,True,0.18645561771740332,0.09485907201891935,0.17065115957069588,0.11824436996497376,0.05856511942975073,0.19724283353553632,0.09496946225623677,0.09496946225623677,0.40503053774376324
NS,FZ,CH,AC,"['NS', 'FZ', 'CH', 'AC']",NS + FZ,CH + AC,NS|FZ|CH|AC,"AC,CH||FZ,NS",False,True,0.7536352229363232,0.7992042746969732,0.9724469788299723,0.896466700610502,0.9186466919277871,0.9517147795378778,0.9051168972242432,0.9051168972242432,0.40511689722424316
FZ,CH,NS,TT,"['FZ', 'CH', 'NS', 'TT']",FZ + CH,NS + TT,FZ|CH|NS|TT,"CH,FZ||NS,TT",True,True,0.7853958829321589,0.8663905455400933,0.9904103940349333,0.890204663295494,0.9287651782447083,0.8775083762547897,0.9052432641256876,0.9052432641256876,0.40524326412568756
RS,AC,FZ,CH,"['RS', 'AC', 'FZ', 'CH']",RS + AC,FZ + CH,RS|AC|FZ|CH,"AC,RS||CH,FZ",True,True,0.05457641877230901,0.010902939957817728,0.04604523653216133,0.14713849334405402,0.011741798493464005,0.15311463748276588,0.09433378235232391,0.09433378235232391,0.4056662176476761
RS,AC,TT,SY,"['RS', 'AC', 'TT', 'SY']",RS + AC,TT + SY,RS|AC|TT|SY,"AC,RS||SY,TT",False,False,0.1609921497690676,0.07343407138306014,0.1966102279087738,0.12342822504164473,0.04500482030866998,0.17903877462496173,0.09284309719578458,0.09284309719578458,0.4071569028042154
FZ,NS,TD,AC,"['FZ', 'NS', 'TD', 'AC']",FZ + NS,TD + AC,FZ|NS|TD|AC,"AC,TD||FZ,NS",False,True,0.9334524956283773,0.9803020866905465,0.7581690828085168,0.8590094832773945,0.9826130660015925,0.9385142517109055,0.9072148805398317,0.9072148805398317,0.4072148805398317
FZ,CH,TT,NS,"['FZ', 'CH', 'TT', 'NS']",FZ + CH,TT + NS,FZ|CH|TT|NS,"CH,FZ||NS,TT",False,True,0.7853958829321589,0.8663905455400933,0.9912001702895886,0.8875379966288273,0.9380780946239837,0.8800321857785994,0.9072486348469382,0.9072486348469382,0.4072486348469382
TT,FZ,TD,AC,"['TT', 'FZ', 'TD', 'AC']",TT + FZ,TD + AC,TT|FZ|TD|AC,"AC,TD||FZ,TT",False,False,0.9303759604185302,0.9761682955863097,0.958545779914516,0.8737073117116286,0.959768003722454,0.9287401205003585,0.9072709815958504,0.9072709815958504,0.4072709815958504
SY,FZ,AC,CH,"['SY', 'FZ', 'AC', 'CH']",SY + FZ,AC + CH,SY|FZ|AC|CH,"AC,CH||FZ,SY",True,True,0.7710626727563923,0.8658523823524943,0.9681505414012541,0.8848038378226509,0.9426288031740547,0.9188935398894885,0.9073555743096984,0.9073555743096984,0.4073555743096984
SY,CH,NS,RS,"['SY', 'CH', 'NS', 'RS']",SY + CH,NS + RS,SY|CH|NS|RS,"CH,SY||NS,RS",False,False,0.8110702117744315,0.9236351663671366,0.8772060548266708,0.9010666749299701,0.9173531610740543,0.9168888157273564,0.907418404526163,0.907418404526163,0.40741840452616296
RS,TD,AC,SY,"['RS', 'TD', 'AC', 'SY']",RS + TD,AC + SY,RS|TD|AC|SY,"AC,SY||RS,TD",False,False,0.1654907400022132,0.049329495249186596,0.12441643660476913,0.11830023052715356,0.05173218207864921,0.20102396207814244,0.09233869163223687,0.09233869163223687,0.40766130836776315
CH,SY,NS,RS,"['CH', 'SY', 'NS', 'RS']",CH + SY,NS + RS,CH|SY|NS|RS,"CH,SY||NS,RS",False,False,0.8110702117744315,0.9236351663671366,0.8772060548266708,0.8983010125674642,0.9223247575339254,0.9162235976619443,0.9076702731043842,0.9076702731043842,0.4076702731043842
AC,RS,SY,TT,"['AC', 'RS', 'SY', 'TT']",AC + RS,SY + TT,AC|RS|SY|TT,"AC,RS||SY,TT",False,False,0.1609921497690676,0.07343407138306014,0.17421928355442973,0.11686759668264583,0.05341752674467739,0.1878303018940822,0.09212206940683815,0.09212206940683815,0.40787793059316185
FZ,TT,TD,AC,"['FZ', 'TT', 'TD', 'AC']",FZ + TT,TD + AC,FZ|TT|TD|AC,"AC,TD||FZ,TT",False,False,0.9303759604185302,0.9761682955863097,0.9523137233315467,0.8799288564270757,0.9546626886628993,0.8950078137726075,0.9090750509990468,0.9090750509990468,0.40907505099904684
FZ,SY,AC,TD,"['FZ', 'SY', 'AC', 'TD']",FZ + SY,AC + TD,FZ|SY|AC|TD,"AC,TD||FZ,SY",False,False,0.9391863823042789,0.9899295354031067,0.8995679512617856,0.8642524682389857,0.9794876270421955,0.8626124616966235,0.9091941801722374,0.9091941801722374,0.4091941801722374
SY,FZ,AC,TD,"['SY', 'FZ', 'AC', 'TD']",SY + FZ,AC + TD,SY|FZ|AC|TD,"AC,TD||FZ,SY",False,False,0.9391863823042789,0.9899295354031067,0.9120567100912308,0.8642524682389856,0.9796630210222141,0.8674219855061477,0.9092625838244448,0.9092625838244448,0.4092625838244448
RS,AC,SY,TT,"['RS', 'AC', 'SY', 'TT']",RS + AC,SY + TT,RS|AC|SY|TT,"AC,RS||SY,TT",False,False,0.1609921497690676,0.07343407138306014,0.17444349725472186,0.12378788438105852,0.03886570505455697,0.19474141239636977,0.09066823444372292,0.09066823444372292,0.4093317655562771
FZ,SY,AC,CH,"['FZ', 'SY', 'AC', 'CH']",FZ + SY,AC + CH,FZ|SY|AC|CH,"AC,CH||FZ,SY",True,True,0.7710626727563923,0.8658523823524943,0.9681505414012541,0.8898038378226509,0.94149538621117,0.9239311338744507,0.9099635416941734,0.9099635416941734,0.4099635416941734
FZ,SY,RS,AC,"['FZ', 'SY', 'RS', 'AC']",FZ + SY,RS + AC,FZ|SY|RS|AC,"AC,RS||FZ,SY",False,False,0.9292400776924733,0.988015058302845,0.8710901911902831,0.8610361516293138,0.9867016147838169,0.9237938969084766,0.9100456822595699,0.9100456822595699,0.41004568225956994
SY,FZ,RS,AC,"['SY', 'FZ', 'RS', 'AC']",SY + FZ,RS + AC,SY|FZ|RS|AC,"AC,RS||FZ,SY",False,False,0.9292400776924733,0.988015058302845,0.8866740526251774,0.8610361516293138,0.9869972083455759,0.9228415159560955,0.9101609637486561,0.9101609637486561,0.41016096374865607
NS,FZ,TD,RS,"['NS', 'FZ', 'TD', 'RS']",NS + FZ,TD + RS,NS|FZ|TD|RS,"FZ,NS||RS,TD",False,False,0.9531571135061468,0.9939624187814923,0.9491849106711866,0.8604493133083595,0.9898709389419014,0.8316202445753093,0.9109237473054408,0.9109237473054408,0.4109237473054408
FZ,NS,AC,CH,"['FZ', 'NS', 'AC', 'CH']",FZ + NS,AC + CH,FZ|NS|AC|CH,"AC,CH||FZ,NS",False,True,0.7536352229363232,0.7992042746969732,0.9807000817626353,0.9098332851753625,0.9132987771582503,0.9499832479116093,0.9111848270486888,0.9111848270486888,0.41118482704868875
FZ,SY,TD,RS,"['FZ', 'SY', 'TD', 'RS']",FZ + SY,TD + RS,FZ|SY|TD|RS,"FZ,SY||RS,TD",False,False,0.9572709219070502,0.9972018869040234,0.8808868742547958,0.8588737758529402,0.9931484308270742,0.9104974200390706,0.9112408912928525,0.9112408912928525,0.41124089129285246
SY,FZ,TD,RS,"['SY', 'FZ', 'TD', 'RS']",SY + FZ,TD + RS,SY|FZ|TD|RS,"FZ,SY||RS,TD",False,False,0.9572709219070502,0.9972018869040234,0.9088197052884481,0.8588737758529402,0.993228429895052,0.9103875299291804,0.9112720909293639,0.9112720909293639,0.4112720909293639
FZ,NS,SY,AC,"['FZ', 'NS', 'SY', 'AC']",FZ + NS,SY + AC,FZ|NS|SY|AC,"AC,SY||FZ,NS",False,True,0.8013975403948379,0.8063890774880192,0.9854995019444539,0.9255550772706539,0.8896388779262636,0.9489925939034487,0.9115477595263417,0.9115477595263417,0.4115477595263417
NS,FZ,AC,CH,"['NS', 'FZ', 'AC', 'CH']",NS + FZ,AC + CH,NS|FZ|AC|CH,"AC,CH||FZ,NS",True,True,0.7536352229363232,0.7992042746969732,0.9807000817626353,0.9054528117216133,0.9219289102984025,0.9503960982191966,0.9118784901665611,0.9118784901665611,0.4118784901665611
FZ,SY,RS,TT,"['FZ', 'SY', 'RS', 'TT']",FZ + SY,RS + TT,FZ|SY|RS|TT,"FZ,SY||RS,TT",False,False,0.8816351064274615,0.9733293149110008,0.9413610577008246,0.8784528872078796,0.9644884205744493,0.9485610776346807,0.9120067452208418,0.9120067452208418,0.4120067452208418
RS,TD,AC,CH,"['RS', 'TD', 'AC', 'CH']",RS + TD,AC + CH,RS|TD|AC|CH,"AC,CH||RS,TD",True,True,0.13068844204197005,0.04597544878753877,0.054006008101555245,0.12999825511263993,0.021901406885059017,0.18291569400686347,0.08784048430388337,0.08784048430388337,0.41215951569611664
SY,FZ,RS,TT,"['SY', 'FZ', 'RS', 'TT']",SY + FZ,RS + TT,SY|FZ|RS|TT,"FZ,SY||RS,TT",False,False,0.8816351064274615,0.9733293149110008,0.9413610577008246,0.8784528872078796,0.9651338696353029,0.9502277443013475,0.9122584703545746,0.9122584703545746,0.41225847035457464
RS,TD,SY,AC,"['RS', 'TD', 'SY', 'AC']",RS + TD,SY + AC,RS|TD|SY|AC,"AC,SY||RS,TD",False,False,0.1654907400022132,0.049329495249186596,0.1099071086587088,0.11262563071112472,0.048214321314520824,0.19640314172378132,0.0875052200464492,0.0875052200464492,0.41249477995355077
CH,SY,TD,TT,"['CH', 'SY', 'TD', 'TT']",CH + SY,TD + TT,CH|SY|TD|TT,"CH,SY||TD,TT",False,True,0.841255601879138,0.9413374208313038,0.9279178418680037,0.8787379697498778,0.9682095937717148,0.9213054958502079,0.9136319031183942,0.9136319031183942,0.41363190311839415
SY,CH,TD,TT,"['SY', 'CH', 'TD', 'TT']",SY + CH,TD + TT,SY|CH|TD|TT,"CH,SY||TD,TT",False,True,0.841255601879138,0.9413374208313038,0.9279178418680037,0.880584514465325,0.9663445535156359,0.9250473823483969,0.9140309296949463,0.9140309296949463,0.41403092969494626
TD,RS,AC,SY,"['TD', 'RS', 'AC', 'SY']",TD + RS,AC + SY,TD|RS|AC|SY,"AC,SY||RS,TD",False,False,0.1654907400022132,0.049329495249186596,0.11250730784389064,0.1084471788213966,0.050344134358257527,0.20042629443965854,0.08578699148077236,0.08578699148077236,0.41421300851922765
FZ,SY,NS,AC,"['FZ', 'SY', 'NS', 'AC']",FZ + SY,NS + AC,FZ|SY|NS|AC,"AC,NS||FZ,SY",False,True,0.8302646936288313,0.9198061916485905,0.9348861739600158,0.9113056862083886,0.9188904227910782,0.9140990659765805,0.9142637334756376,0.9142637334756376,0.4142637334756376
FZ,NS,TD,RS,"['FZ', 'NS', 'TD', 'RS']",FZ + NS,TD + RS,FZ|NS|TD|RS,"FZ,NS||RS,TD",False,False,0.9531571135061468,0.9939624187814923,0.9276026935368822,0.8667132021972483,0.9888419780020523,0.8345015859795988,0.914343424761122,0.914343424761122,0.41434342476112196
TD,RS,SY,AC,"['TD', 'RS', 'SY', 'AC']",TD + RS,SY + AC,TD|RS|SY|AC,"AC,SY||RS,TD",False,False,0.1654907400022132,0.049329495249186596,0.1099071086587088,0.11012563071112469,0.046906516331188614,0.19540000692754314,0.08547017610294962,0.08547017610294962,0.4145298238970504
NS,FZ,SY,AC,"['NS', 'FZ', 'SY', 'AC']",NS + FZ,SY + AC,NS|FZ|SY|AC,"AC,SY||FZ,NS",False,True,0.8013975403948379,0.8063890774880192,0.9854995019444539,0.9232658736581745,0.9008886934961408,0.9522102809782786,0.9145387733949814,0.9145387733949814,0.41453877339498135
SY,FZ,NS,AC,"['SY', 'FZ', 'NS', 'AC']",SY + FZ,NS + AC,SY|FZ|NS|AC,"AC,NS||FZ,SY",False,True,0.8302646936288313,0.9198061916485905,0.9348861739600158,0.9113056862083886,0.9202450741311071,0.9074257089103663,0.9147920474982488,0.9147920474982488,0.41479204749824883
RS,TD,CH,AC,"['RS', 'TD', 'CH', 'AC']",RS + TD,CH + AC,RS|TD|CH|AC,"AC,CH||RS,TD",False,True,0.13068844204197005,0.04597544878753877,0.04539117366899461,0.1259866657935768,0.021349994146752958,0.19650903331637887,0.0851783638513155,0.0851783638513155,0.4148216361486845
NS,FZ,AC,TD,"['NS', 'FZ', 'AC', 'TD']",NS + FZ,AC + TD,NS|FZ|AC|TD,"AC,TD||FZ,NS",True,True,0.9334524956283773,0.9803020866905465,0.9543181110989717,0.8705521940877111,0.9858543021287804,0.9401654860237937,0.9155200162237283,0.9155200162237283,0.41552001622372825
FZ,SY,TD,NS,"['FZ', 'SY', 'TD', 'NS']",FZ + SY,TD + NS,FZ|SY|TD|NS,"FZ,SY||NS,TD",False,True,0.8929884398167222,0.9729734714498919,0.7276558529259259,0.8856981667789628,0.9623511980191574,0.9129334839494739,0.9155928489626386,0.9155928489626386,0.4155928489626386
SY,FZ,TD,NS,"['SY', 'FZ', 'TD', 'NS']",SY + FZ,TD + NS,SY|FZ|TD|NS,"FZ,SY||NS,TD",False,True,0.8929884398167222,0.9729734714498919,0.7276558529259259,0.8856981667789628,0.9630527741352632,0.9284884511352357,0.9158664636479199,0.9158664636479199,0.4158664636479199
FZ,SY,NS,TD,"['FZ', 'SY', 'NS', 'TD']",FZ + SY,NS + TD,FZ|SY|NS|TD,"FZ,SY||NS,TD",False,True,0.8929884398167222,0.9729734714498919,0.9157657368002798,0.8877480776524032,0.9616205206401477,0.928844962204076,0.9165583304176235,0.9165583304176235,0.41655833041762347
CH,SY,AC,RS,"['CH', 'SY', 'AC', 'RS']",CH + SY,AC + RS,CH|SY|AC|RS,"AC,RS||CH,SY",False,False,0.8882056828773357,0.9661221181334689,0.9717276999939117,0.8810241584822649,0.9723921180821282,0.9208471596137211,0.9166576627262115,0.9166576627262115,0.4166576627262115
RS,TD,AC,NS,"['RS', 'TD', 'AC', 'NS']",RS + TD,AC + NS,RS|TD|AC|NS,"AC,NS||RS,TD",False,False,0.17921096671303233,0.08243724382009643,0.02552707302910076,0.10630380837358588,0.04706926710082123,0.19751401051640466,0.08320233727720767,0.08320233727720767,0.41679766272279234
SY,FZ,NS,TD,"['SY', 'FZ', 'NS', 'TD']",SY + FZ,NS + TD,SY|FZ|NS|TD,"FZ,SY||NS,TD",False,True,0.8929884398167222,0.9729734714498919,0.9157657368002798,0.8877480776524032,0.9622941315635892,0.9383552759888986,0.9168210386777658,0.9168210386777658,0.41682103867776577
TD,RS,AC,CH,"['TD', 'RS', 'AC', 'CH']",TD + RS,AC + CH,TD|RS|AC|CH,"AC,CH||RS,TD",False,True,0.13068844204197005,0.04597544878753877,0.04846351746740046,0.12236224320787803,0.02137249865265945,0.18009239896685017,0.08297624283134279,0.08297624283134279,0.4170237571686572
TT,FZ,RS,TD,"['TT', 'FZ', 'RS', 'TD']",TT + FZ,RS + TD,TT|FZ|RS|TD,"FZ,TT||RS,TD",False,False,0.9509436616875401,0.9924510947699794,0.9846285339969327,0.8739751688544856,0.984458798496058,0.8779507542535483,0.9170637844146987,0.9170637844146987,0.4170637844146987
TD,RS,CH,AC,"['TD', 'RS', 'CH', 'AC']",TD + RS,CH + AC,TD|RS|CH|AC,"AC,CH||RS,TD",False,True,0.13068844204197005,0.04597544878753877,0.04539117366899461,0.12223666579357681,0.02075378198090165,0.1918853548042409,0.08265834110663349,0.08265834110663349,0.4173416588933665
NS,FZ,CH,TD,"['NS', 'FZ', 'CH', 'TD']",NS + FZ,CH + TD,NS|FZ|CH|TD,"CH,TD||FZ,NS",False,True,0.8391918900453182,0.9141424841621102,0.9630282426750815,0.8900926491755459,0.9607814804230518,0.8948818553947145,0.9176612933620731,0.9176612933620731,0.41766129336207314
NS,FZ,TD,CH,"['NS', 'FZ', 'TD', 'CH']",NS + FZ,TD + CH,NS|FZ|TD|CH,"CH,TD||FZ,NS",True,True,0.8391918900453182,0.9141424841621102,0.8613590178951772,0.891298457256354,0.9594014935888018,0.889777871950287,0.9178586414260086,0.9178586414260086,0.4178586414260086
FZ,NS,AC,SY,"['FZ', 'NS', 'AC', 'SY']",FZ + NS,AC + SY,FZ|NS|AC|SY,"AC,SY||FZ,NS",False,True,0.8013975403948379,0.8063890774880192,0.9854995019444539,0.9327634106039874,0.896481185595005,0.944294689151196,0.9186133428504841,0.9186133428504841,0.4186133428504841
SY,CH,AC,RS,"['SY', 'CH', 'AC', 'RS']",SY + CH,AC + RS,SY|CH|AC|RS,"AC,RS||CH,SY",False,False,0.8882056828773357,0.9661221181334689,0.9717276999939117,0.8857873698643788,0.9708092234672577,0.9067525375030278,0.9189458927695016,0.9189458927695016,0.41894589276950156
FZ,TT,RS,TD,"['FZ', 'TT', 'RS', 'TD']",FZ + TT,RS + TD,FZ|TT|RS|TD,"FZ,TT||RS,TD",False,False,0.9509436616875401,0.9924510947699794,0.9793929385512963,0.878530046903266,0.9823888708501266,0.860104530467623,0.9190349882425416,0.9190349882425416,0.4190349882425416
FZ,NS,TD,CH,"['FZ', 'NS', 'TD', 'CH']",FZ + NS,TD + CH,FZ|NS|TD|CH,"CH,TD||FZ,NS",False,True,0.8391918900453182,0.9141424841621102,0.8613590178951772,0.8958956794785761,0.9554285345819594,0.8918969195693348,0.9191134929688956,0.9191134929688956,0.41911349296889555
FZ,NS,CH,TD,"['FZ', 'NS', 'CH', 'TD']",FZ + NS,CH + TD,FZ|NS|CH|TD,"CH,TD||FZ,NS",True,True,0.8391918900453182,0.9141424841621102,0.9630282426750815,0.8951759825088793,0.9566243367493401,0.89562489794017,0.9191408406626591,0.9191408406626591,0.4191408406626591
FZ,CH,RS,TD,"['FZ', 'CH', 'RS', 'TD']",FZ + CH,RS + TD,FZ|CH|RS|TD,"CH,FZ||RS,TD",False,False,0.9672693032592586,0.9975081941869284,0.9794270698979634,0.8728343769686255,0.9918184969876302,0.8477769692887367,0.9192381837760373,0.9192381837760373,0.4192381837760373
CH,FZ,RS,TD,"['CH', 'FZ', 'RS', 'TD']",CH + FZ,RS + TD,CH|FZ|RS|TD,"CH,FZ||RS,TD",False,False,0.9672693032592586,0.9975081941869284,0.9846541295342036,0.872529498919845,0.9923071414320082,0.848729350241118,0.9192427794995887,0.9192427794995887,0.41924277949958866
RS,TD,NS,AC,"['RS', 'TD', 'NS', 'AC']",RS + TD,NS + AC,RS|TD|NS|AC,"AC,NS||RS,TD",False,False,0.17921096671303233,0.08243724382009643,0.022256981186404755,0.1045708752242237,0.043049488740493184,0.20334848004262507,0.0805775344955688,0.0805775344955688,0.4194224655044312
NS,FZ,RS,AC,"['NS', 'FZ', 'RS', 'AC']",NS + FZ,RS + AC,NS|FZ|RS|AC,"AC,RS||FZ,NS",False,True,0.922645631608354,0.9769455618958353,0.9361543339238173,0.8760771239766387,0.9897799492576451,0.9261725112019845,0.9204212258362312,0.9204212258362312,0.4204212258362312
CH,SY,TT,TD,"['CH', 'SY', 'TT', 'TD']",CH + SY,TT + TD,CH|SY|TT|TD,"CH,SY||TD,TT",True,True,0.841255601879138,0.9413374208313038,0.9830687533754825,0.8873855295849734,0.9721337453733581,0.9234511921388974,0.9204373337424434,0.9204373337424434,0.4204373337424434
FZ,CH,TD,AC,"['FZ', 'CH', 'TD', 'AC']",FZ + CH,TD + AC,FZ|CH|TD|AC,"AC,TD||CH,FZ",False,True,0.9532096111510163,0.9908663823179772,0.9484962061903083,0.8779763991621184,0.9880901520337656,0.9431885040224404,0.9209207627820608,0.9209207627820608,0.4209207627820608
CH,FZ,TD,AC,"['CH', 'FZ', 'TD', 'AC']",CH + FZ,TD + AC,CH|FZ|TD|AC,"AC,TD||CH,FZ",False,True,0.9532096111510163,0.9908663823179772,0.9552037007825103,0.8776715211133379,0.9887679140871314,0.9414742183081548,0.9209991143731173,0.9209991143731173,0.4209991143731173
SY,CH,TT,TD,"['SY', 'CH', 'TT', 'TD']",SY + CH,TT + TD,SY|CH|TT|TD,"CH,SY||TD,TT",False,True,0.841255601879138,0.9413374208313038,0.9830687533754825,0.8895261919474794,0.9704349598865271,0.9258009952180242,0.921080611443708,0.921080611443708,0.421080611443708
FZ,NS,AC,TD,"['FZ', 'NS', 'AC', 'TD']",FZ + NS,AC + TD,FZ|NS|AC|TD,"AC,TD||FZ,NS",True,True,0.9334524956283773,0.9803020866905465,0.9434380871832465,0.8808438607543778,0.9841483545339186,0.9367377867389516,0.9211326133283988,0.9211326133283988,0.4211326133283988
TD,RS,NS,AC,"['TD', 'RS', 'NS', 'AC']",TD + RS,NS + AC,TD|RS|NS|AC,"AC,NS||RS,TD",False,False,0.17921096671303233,0.08243724382009643,0.022256981186404755,0.1020708752242237,0.041873218585515695,0.20694480038894547,0.07859378913512757,0.07859378913512757,0.4214062108648724
TD,RS,AC,NS,"['TD', 'RS', 'AC', 'NS']",TD + RS,AC + NS,TD|RS|AC|NS,"AC,NS||RS,TD",False,False,0.17921096671303233,0.08243724382009643,0.022256981186404755,0.0991992038727979,0.04582872778783102,0.20091083591323014,0.07838471819966082,0.07838471819966082,0.4216152818003392
NS,FZ,AC,SY,"['NS', 'FZ', 'AC', 'SY']",NS + FZ,AC + SY,NS|FZ|AC|SY,"AC,SY||FZ,NS",False,True,0.8013975403948379,0.8063890774880192,0.9854995019444539,0.930585318102619,0.9075894941045373,0.9468944801288064,0.921616946743367,0.921616946743367,0.421616946743367
FZ,SY,AC,NS,"['FZ', 'SY', 'AC', 'NS']",FZ + SY,AC + NS,FZ|SY|AC|NS,"AC,NS||FZ,SY",True,True,0.8302646936288313,0.9198061916485905,0.9348861739600158,0.9192223528750553,0.9257339221466188,0.9054065217483219,0.9217618648909651,0.9217618648909651,0.4217618648909651
SY,FZ,AC,NS,"['SY', 'FZ', 'AC', 'NS']",SY + FZ,AC + NS,SY|FZ|AC|NS,"AC,NS||FZ,SY",True,True,0.8302646936288313,0.9198061916485905,0.9348861739600158,0.9192223528750553,0.9272391047499375,0.904993474478132,0.9223488861062594,0.9223488861062594,0.4223488861062594
FZ,TT,TD,CH,"['FZ', 'TT', 'TD', 'CH']",FZ + TT,TD + CH,FZ|TT|TD|CH,"CH,TD||FZ,TT",False,True,0.8325393977828892,0.9011986571700739,0.9673592758644123,0.9174401566908614,0.931509306422878,0.8991859809420182,0.9229271250863478,0.9229271250863478,0.4229271250863478
TT,FZ,TD,CH,"['TT', 'FZ', 'TD', 'CH']",TT + FZ,TD + CH,TT|FZ|TD|CH,"CH,TD||FZ,TT",True,True,0.8325393977828892,0.9011986571700739,0.9673592758644123,0.9135940909026173,0.9389600543881643,0.9009960009974988,0.9234868166619807,0.9234868166619807,0.42348681666198074
TT,FZ,AC,TD,"['TT', 'FZ', 'AC', 'TD']",TT + FZ,AC + TD,TT|FZ|AC|TD,"AC,TD||FZ,TT",False,False,0.9303759604185302,0.9761682955863097,0.9485481461536979,0.8994563671357743,0.962715373961394,0.9144296407218374,0.9241273797977658,0.9241273797977658,0.4241273797977658
NS,FZ,RS,TT,"['NS', 'FZ', 'RS', 'TT']",NS + FZ,RS + TT,NS|FZ|RS|TT,"FZ,NS||RS,TT",False,True,0.8712189790009545,0.9524198425623497,0.9817189434950379,0.8952855262218712,0.9700201191924444,0.9191969400175044,0.9244320174803947,0.9244320174803947,0.4244320174803947
TT,FZ,CH,TD,"['TT', 'FZ', 'CH', 'TD']",TT + FZ,CH + TD,TT|FZ|CH|TD,"CH,TD||FZ,TT",False,True,0.8325393977828892,0.9011986571700739,0.9492453137725738,0.9130333529258347,0.9428647906510299,0.9004077715801125,0.9246676136386609,0.9246676136386609,0.4246676136386609
FZ,NS,RS,AC,"['FZ', 'NS', 'RS', 'AC']",FZ + NS,RS + AC,FZ|NS|RS|AC,"AC,RS||FZ,NS",False,True,0.922645631608354,0.9769455618958353,0.9213049909661366,0.8838687906433053,0.9885759086557004,0.9254582254876987,0.9247045666681395,0.9247045666681395,0.4247045666681395
FZ,SY,RS,CH,"['FZ', 'SY', 'RS', 'CH']",FZ + SY,RS + CH,FZ|SY|RS|CH,"CH,RS||FZ,SY",False,False,0.8300988416455127,0.9415105800424002,0.9651197674888847,0.8983722897772819,0.9673383163510868,0.9430827085977042,0.9252690401410658,0.9252690401410658,0.4252690401410658
SY,FZ,RS,CH,"['SY', 'FZ', 'RS', 'CH']",SY + FZ,RS + CH,SY|FZ|RS|CH,"CH,RS||FZ,SY",False,False,0.8300988416455127,0.9415105800424002,0.9651197674888847,0.8983722897772819,0.9678642127936883,0.9529366257241736,0.9254741397536803,0.9254741397536803,0.4254741397536803
FZ,TT,AC,TD,"['FZ', 'TT', 'AC', 'TD']",FZ + TT,AC + TD,FZ|TT|AC|TD,"AC,TD||FZ,TT",False,False,0.9303759604185302,0.9761682955863097,0.9409057465100467,0.9051421975655071,0.9576230973984247,0.9144938399941639,0.9256097485003449,0.9256097485003449,0.42560974850034494
FZ,TT,CH,TD,"['FZ', 'TT', 'CH', 'TD']",FZ + TT,CH + TD,FZ|TT|CH|TD,"CH,TD||FZ,TT",False,True,0.8325393977828892,0.9011986571700739,0.9492453137725738,0.9192405298251898,0.9356743518827085,0.8856234294328071,0.9256497204276222,0.9256497204276222,0.42564972042762217
FZ,NS,RS,CH,"['FZ', 'NS', 'RS', 'CH']",FZ + NS,RS + CH,FZ|NS|RS|CH,"CH,RS||FZ,NS",False,True,0.8160935445201686,0.9036407769981571,0.9862770343400851,0.9120418753591981,0.9472149680634746,0.8942941949164552,0.9257593815138659,0.9257593815138659,0.42575938151386594
FZ,SY,TT,RS,"['FZ', 'SY', 'TT', 'RS']",FZ + SY,TT + RS,FZ|SY|TT|RS,"FZ,SY||RS,TT",False,False,0.8816351064274615,0.9733293149110008,0.983946871812194,0.8974318725279999,0.9706365552305829,0.9455214387021846,0.9259816987820073,0.9259816987820073,0.4259816987820073
FZ,NS,RS,TT,"['FZ', 'NS', 'RS', 'TT']",FZ + NS,RS + TT,FZ|NS|RS|TT,"FZ,NS||RS,TT",True,True,0.8712189790009545,0.9524198425623497,0.9817189434950379,0.900160526221871,0.9666805474149608,0.914065725993433,0.926103334487176,0.926103334487176,0.42610333448717597
SY,FZ,TT,RS,"['SY', 'FZ', 'TT', 'RS']",SY + FZ,TT + RS,SY|FZ|TT|RS,"FZ,SY||RS,TT",False,False,0.8816351064274615,0.9733293149110008,0.983946871812194,0.8974318725279999,0.9711759507359732,0.9503147406383436,0.9261920630291094,0.9261920630291094,0.4261920630291094
FZ,TT,NS,AC,"['FZ', 'TT', 'NS', 'AC']",FZ + TT,NS + AC,FZ|TT|NS|AC,"AC,NS||FZ,TT",False,True,0.8088852456458588,0.8550452009983788,0.9550098460233079,0.9476445165428348,0.8940783085564574,0.9060398588149899,0.9267536954281476,0.9267536954281476,0.42675369542814756
TT,FZ,RS,AC,"['TT', 'FZ', 'RS', 'AC']",TT + FZ,RS + AC,TT|FZ|RS|AC,"AC,RS||FZ,TT",False,True,0.9191127808967179,0.9722574948726367,0.9853584065687934,0.8973166190775395,0.9733159946048345,0.8962488687664875,0.9269563755331846,0.9269563755331846,0.42695637553318455
TT,FZ,TD,RS,"['TT', 'FZ', 'TD', 'RS']",TT + FZ,TD + RS,TT|FZ|TD|RS,"FZ,TT||RS,TD",False,False,0.9509436616875401,0.9924510947699794,0.9884945278684516,0.8906403544122768,0.9854308938666195,0.8773353696381637,0.9276086647994706,0.9276086647994706,0.4276086647994706
NS,FZ,RS,CH,"['NS', 'FZ', 'RS', 'CH']",NS + FZ,RS + CH,NS|FZ|RS|CH,"CH,RS||FZ,NS",False,True,0.8160935445201686,0.9036407769981571,0.9862770343400851,0.9118692563115792,0.9526961204202424,0.9034522104337,0.9277917333139578,0.9277917333139578,0.4277917333139578
FZ,SY,RS,NS,"['FZ', 'SY', 'RS', 'NS']",FZ + SY,RS + NS,FZ|SY|RS|NS,"FZ,SY||NS,RS",False,True,0.8764800127115383,0.9686427988495809,0.6269011097997579,0.9028115593557089,0.9681336302226855,0.9266665954109505,0.9282871669938297,0.9282871669938297,0.42828716699382974
TT,FZ,NS,AC,"['TT', 'FZ', 'NS', 'AC']",TT + FZ,NS + AC,TT|FZ|NS|AC,"AC,NS||FZ,TT",False,True,0.8088852456458588,0.8550452009983788,0.9550098460233079,0.9422647205958604,0.906569273364054,0.8914374752597187,0.9283434961754559,0.9283434961754559,0.42834349617545586
SY,FZ,RS,NS,"['SY', 'FZ', 'RS', 'NS']",SY + FZ,RS + NS,SY|FZ|RS|NS,"FZ,SY||NS,RS",False,True,0.8764800127115383,0.9686427988495809,0.6269011097997579,0.9028115593557091,0.9687719957691604,0.9287787463690501,0.9285361295569551,0.9285361295569551,0.4285361295569551
FZ,CH,SY,AC,"['FZ', 'CH', 'SY', 'AC']",FZ + CH,SY + AC,FZ|CH|SY|AC,"AC,SY||CH,FZ",True,True,0.8542380358145778,0.8778960628037807,0.981828711734151,0.9384970819554665,0.9146778156816576,0.8866900516937434,0.9292075681086811,0.9292075681086811,0.4292075681086811
FZ,TT,RS,AC,"['FZ', 'TT', 'RS', 'AC']",FZ + TT,RS + AC,FZ|TT|RS|AC,"AC,RS||FZ,TT",False,True,0.9191127808967179,0.9722574948726367,0.9830861231196026,0.9035381637929865,0.9694925595035148,0.926091995916932,0.9292603781200924,0.9292603781200924,0.42926037812009243
FZ,CH,RS,AC,"['FZ', 'CH', 'RS', 'AC']",FZ + CH,RS + AC,FZ|CH|RS|AC,"AC,RS||CH,FZ",False,True,0.945423581227691,0.9890970600421822,0.9817346950479622,0.8927395526818753,0.9868621909055146,0.9305888964365104,0.9294473815890947,0.9294473815890947,0.4294473815890947
CH,FZ,RS,AC,"['CH', 'FZ', 'RS', 'AC']",CH + FZ,RS + AC,CH|FZ|RS|AC,"AC,RS||CH,FZ",False,True,0.945423581227691,0.9890970600421822,0.9841856145889647,0.8924346746330949,0.9874320877132494,0.9176724975962572,0.929483665734355,0.929483665734355,0.42948366573435504
FZ,TT,TD,RS,"['FZ', 'TT', 'TD', 'RS']",FZ + TT,TD + RS,FZ|TT|TD|RS,"FZ,TT||RS,TD",False,False,0.9509436616875401,0.9924510947699794,0.9845550535428377,0.8953341213499462,0.9834090411705343,0.8698981731467605,0.9296833400799756,0.9296833400799756,0.42968334007997555
CH,FZ,TD,RS,"['CH', 'FZ', 'TD', 'RS']",CH + FZ,TD + RS,CH|FZ|TD|RS,"CH,FZ||RS,TD",False,False,0.9672693032592586,0.9975081941869284,0.9885137611070368,0.8893335733665253,0.9928218683582613,0.8516341121458796,0.9296940084133023,0.9296940084133023,0.4296940084133023
FZ,CH,TD,RS,"['FZ', 'CH', 'TD', 'RS']",FZ + CH,TD + RS,FZ|CH|TD|RS,"CH,FZ||RS,TD",False,False,0.9672693032592586,0.9975081941869284,0.9845807695187785,0.8896384514153057,0.9923580736085573,0.8475864930982607,0.9296991040706739,0.9296991040706739,0.4296991040706739
FZ,TT,SY,AC,"['FZ', 'TT', 'SY', 'AC']",FZ + TT,SY + AC,FZ|TT|SY|AC,"AC,SY||FZ,TT",False,True,0.793566140729696,0.784423532883703,0.9841547393524438,0.9560767091690491,0.8888030170058373,0.9362177624240146,0.9298399692253965,0.9298399692253965,0.42983996922539647
FZ,SY,TD,TT,"['FZ', 'SY', 'TD', 'TT']",FZ + SY,TD + TT,FZ|SY|TD|TT,"FZ,SY||TD,TT",False,False,0.8975351009727178,0.977107008911607,0.938300216051677,0.8991275021560782,0.9782802685266433,0.9343401209940991,0.9299970810405986,0.9299970810405986,0.42999708104059864
SY,FZ,TD,TT,"['SY', 'FZ', 'TD', 'TT']",SY + FZ,TD + TT,SY|FZ|TD|TT,"FZ,SY||TD,TT",False,False,0.8975351009727178,0.977107008911607,0.938300216051677,0.8991275021560783,0.9787408872995298,0.9350544067083849,0.9301767223620243,0.9301767223620243,0.4301767223620243
CH,FZ,SY,AC,"['CH', 'FZ', 'SY', 'AC']",CH + FZ,SY + AC,CH|FZ|SY|AC,"AC,SY||CH,FZ",True,True,0.8542380358145778,0.8778960628037807,0.981828711734151,0.9373172039066862,0.9190391621289697,0.9106099885785937,0.9301887676133767,0.9301887676133767,0.43018876761337665
TT,FZ,TD,SY,"['TT', 'FZ', 'TD', 'SY']",TT + FZ,TD + SY,TT|FZ|TD|SY,"FZ,TT||SY,TD",False,True,0.867690273322074,0.9053415801581648,0.9874165531339484,0.926315890105687,0.9376461031432622,0.9333803349035769,0.9307346731903414,0.9307346731903414,0.4307346731903414
NS,FZ,CH,RS,"['NS', 'FZ', 'CH', 'RS']",NS + FZ,CH + RS,NS|FZ|CH|RS,"CH,RS||FZ,NS",False,True,0.8160935445201686,0.9036407769981571,0.9966970526205605,0.9147525005183529,0.9565001163373108,0.9135020321964613,0.9310340706877465,0.9310340706877465,0.43103407068774646
NS,FZ,TD,TT,"['NS', 'FZ', 'TD', 'TT']",NS + FZ,TD + TT,NS|FZ|TD|TT,"FZ,NS||TD,TT",False,True,0.8883409665006804,0.9584990891556828,0.9643630025802495,0.9080584317683603,0.9677756254315463,0.8814972791206623,0.9313481372970029,0.9313481372970029,0.43134813729700294
FZ,TT,TD,SY,"['FZ', 'TT', 'TD', 'SY']",FZ + TT,TD + SY,FZ|TT|TD|SY,"FZ,TT||SY,TD",False,True,0.867690273322074,0.9053415801581648,0.9874165531339484,0.9325429082748836,0.9301977082247079,0.9179167293675016,0.9316282802553151,0.9316282802553151,0.4316282802553151
FZ,SY,AC,RS,"['FZ', 'SY', 'AC', 'RS']",FZ + SY,AC + RS,FZ|SY|AC|RS,"AC,RS||FZ,SY",False,False,0.9292400776924733,0.988015058302845,0.9735436874776889,0.8958707270115461,0.9885866818111713,0.9171273220464127,0.9320299493833999,0.9320299493833999,0.4320299493833999
SY,FZ,AC,RS,"['SY', 'FZ', 'AC', 'RS']",SY + FZ,AC + RS,SY|FZ|AC|RS,"AC,RS||FZ,SY",False,False,0.9292400776924733,0.988015058302845,0.9770680391194548,0.8958707270115461,0.9888215110668,0.915500896828438,0.9321215327930952,0.9321215327930952,0.4321215327930952
FZ,NS,TD,TT,"['FZ', 'NS', 'TD', 'TT']",FZ + NS,TD + TT,FZ|NS|TD|TT,"FZ,NS||TD,TT",False,True,0.8883409665006804,0.9584990891556828,0.9643630025802495,0.9130723206572492,0.9644299273808714,0.8789221875455708,0.9331017872794619,0.9331017872794619,0.4331017872794619
FZ,CH,AC,TD,"['FZ', 'CH', 'AC', 'TD']",FZ + CH,AC + TD,FZ|CH|AC|TD,"AC,TD||CH,FZ",False,True,0.9532096111510163,0.9908663823179772,0.9361350003299799,0.8978107766391017,0.9890916864102518,0.9313350643819625,0.9334103314498502,0.9334103314498502,0.4334103314498502
CH,FZ,AC,TD,"['CH', 'FZ', 'AC', 'TD']",CH + FZ,AC + TD,CH|FZ|AC|TD,"AC,TD||CH,FZ",True,True,0.9532096111510163,0.9908663823179772,0.944357893406544,0.897505898590321,0.9896720841121006,0.9314981512950495,0.933450710943815,0.933450710943815,0.43345071094381504
FZ,SY,CH,RS,"['FZ', 'SY', 'CH', 'RS']",FZ + SY,CH + RS,FZ|SY|CH|RS,"CH,RS||FZ,SY",False,False,0.8300988416455127,0.9415105800424002,0.9908074814656884,0.9102138673173888,0.9701483319283475,0.9451058267880698,0.9335883085156628,0.9335883085156628,0.43358830851566277
SY,FZ,CH,RS,"['SY', 'FZ', 'CH', 'RS']",SY + FZ,CH + RS,SY|FZ|CH|RS,"CH,RS||FZ,SY",False,False,0.8300988416455127,0.9415105800424002,0.9908074814656884,0.9102138673173888,0.9705811244028887,0.9579061006936487,0.9337570975807339,0.9337570975807339,0.4337570975807339
FZ,SY,NS,RS,"['FZ', 'SY', 'NS', 'RS']",FZ + SY,NS + RS,FZ|SY|NS|RS,"FZ,SY||NS,RS",False,True,0.8764800127115383,0.9686427988495809,0.8829427590717963,0.9111114702291494,0.9694195438666097,0.9253775729643651,0.9338516189477589,0.9338516189477589,0.4338516189477589
TT,FZ,SY,AC,"['TT', 'FZ', 'SY', 'AC']",TT + FZ,SY + AC,TT|FZ|SY|AC,"AC,SY||FZ,TT",False,True,0.793566140729696,0.784423532883703,0.9841547393524438,0.9531969132220749,0.904005728298481,0.9369613521676042,0.9340123511018733,0.9340123511018733,0.4340123511018733
SY,FZ,NS,RS,"['SY', 'FZ', 'NS', 'RS']",SY + FZ,NS + RS,SY|FZ|NS|RS,"FZ,SY||NS,RS",False,True,0.8764800127115383,0.9686427988495809,0.8829427590717963,0.9111114702291494,0.9699790642573163,0.9188397903131587,0.9340698319001345,0.9340698319001345,0.4340698319001345
TT,FZ,AC,NS,"['TT', 'FZ', 'AC', 'NS']",TT + FZ,AC + NS,TT|FZ|AC|NS,"AC,NS||FZ,TT",True,True,0.8088852456458588,0.8550452009983788,0.9550098460233079,0.9475424983736385,0.9133169731703606,0.8883072471900831,0.9341945435443602,0.9341945435443602,0.43419454354436016
TT,FZ,TD,NS,"['TT', 'FZ', 'TD', 'NS']",TT + FZ,TD + NS,TT|FZ|TD|NS,"FZ,TT||NS,TD",False,True,0.8783519594167082,0.9432942724540768,0.9659256998616333,0.9222142605289911,0.953082657881738,0.9101493996443885,0.9342529354965624,0.9342529354965624,0.4342529354965624
FZ,NS,CH,RS,"['FZ', 'NS', 'CH', 'RS']",FZ + NS,CH + RS,FZ|NS|CH|RS,"CH,RS||FZ,NS",False,True,0.8160935445201686,0.9036407769981571,0.9966970526205605,0.9236751195659718,0.9515279959711059,0.8946452837170051,0.9345377413639742,0.9345377413639742,0.43453774136397416
FZ,TT,AC,NS,"['FZ', 'TT', 'AC', 'NS']",FZ + TT,AC + NS,FZ|TT|AC|NS,"AC,NS||FZ,TT",False,True,0.8088852456458588,0.8550452009983788,0.9550098460233079,0.9555611832095015,0.90186273656166,0.8995467151979316,0.9346187890168434,0.9346187890168434,0.43461878901684337
FZ,SY,TT,AC,"['FZ', 'SY', 'TT', 'AC']",FZ + SY,TT + AC,FZ|SY|TT|AC,"AC,TT||FZ,SY",False,True,0.8369898569376485,0.9300650963975081,0.9798105764457521,0.9150949837295822,0.9660080179183952,0.938440873034187,0.9349510670632193,0.9349510670632193,0.4349510670632193
FZ,TT,AC,SY,"['FZ', 'TT', 'AC', 'SY']",FZ + TT,AC + SY,FZ|TT|AC|SY,"AC,SY||FZ,TT",True,True,0.793566140729696,0.784423532883703,0.9841547393524438,0.9641600425023824,0.889728058020753,0.9376265652613888,0.9351315685545469,0.9351315685545469,0.43513156855454693
SY,FZ,TT,AC,"['SY', 'FZ', 'TT', 'AC']",SY + FZ,TT + AC,SY|FZ|TT|AC,"AC,TT||FZ,SY",False,True,0.8369898569376485,0.9300650963975081,0.9798105764457521,0.9150949837295822,0.9664961828641587,0.9344573816578385,0.9351414513920671,0.9351414513920671,0.43514145139206706
TT,FZ,NS,TD,"['TT', 'FZ', 'NS', 'TD']",TT + FZ,NS + TD,TT|FZ|NS|TD,"FZ,TT||NS,TD",False,True,0.8783519594167082,0.9432942724540768,0.9497595748514437,0.9239451892188749,0.9533373304614682,0.900541111887368,0.9354081243034864,0.9354081243034864,0.4354081243034864
FZ,TT,TD,NS,"['FZ', 'TT', 'TD', 'NS']",FZ + TT,TD + NS,FZ|TT|TD|NS,"FZ,TT||NS,TD",True,True,0.8783519594167082,0.9432942724540768,0.9659256998616333,0.9281580274666605,0.946898115276275,0.8897315814717555,0.9354666617124101,0.9354666617124101,0.4354666617124101
FZ,CH,AC,SY,"['FZ', 'CH', 'AC', 'SY']",FZ + CH,AC + SY,FZ|CH|AC|SY,"AC,SY||CH,FZ",False,True,0.8542380358145778,0.8778960628037807,0.981828711734151,0.9457054152888,0.9205864199470067,0.8993895783452828,0.9359090071055007,0.9359090071055007,0.43590900710550073
FZ,TT,NS,TD,"['FZ', 'TT', 'NS', 'TD']",FZ + TT,NS + TD,FZ|TT|NS|TD,"FZ,TT||NS,TD",False,True,0.8783519594167082,0.9432942724540768,0.9497595748514437,0.9297500672676553,0.9469542614989926,0.8731663863936697,0.9364597030178768,0.9364597030178768,0.43645970301787684
SY,FZ,TT,TD,"['SY', 'FZ', 'TT', 'TD']",SY + FZ,TT + TD,SY|FZ|TT|TD,"FZ,SY||TD,TT",False,False,0.8975351009727178,0.977107008911607,0.9849296766461243,0.9079913364249634,0.9814402790846356,0.9316102159226448,0.9366364240622356,0.9366364240622356,0.4366364240622356
FZ,NS,TT,AC,"['FZ', 'NS', 'TT', 'AC']",FZ + NS,TT + AC,FZ|NS|TT|AC,"AC,TT||FZ,NS",False,True,0.82343177375022,0.8868130670345047,0.9878849641086433,0.9286585445994957,0.949879665756755,0.929189756049508,0.9369347818508268,0.9369347818508268,0.4369347818508268
NS,FZ,TT,RS,"['NS', 'FZ', 'TT', 'RS']",NS + FZ,TT + RS,NS|FZ|TT|RS,"FZ,NS||RS,TT",False,True,0.8712189790009545,0.9524198425623497,0.9954954245986732,0.9123615003375098,0.9755691183178343,0.9151349943577685,0.9370124713498365,0.9370124713498365,0.43701247134983645
NS,FZ,RS,SY,"['NS', 'FZ', 'RS', 'SY']",NS + FZ,RS + SY,NS|FZ|RS|SY,"FZ,NS||RS,SY",False,False,0.854091492071414,0.907699336548202,0.9636363025093009,0.9191023335187839,0.9655037705865348,0.9229568524321105,0.9371988939752067,0.9371988939752067,0.4371988939752067
NS,FZ,TD,SY,"['NS', 'FZ', 'TD', 'SY']",NS + FZ,TD + SY,NS|FZ|TD|SY,"FZ,NS||SY,TD",True,True,0.8731591183546216,0.9178395785832771,0.9546429829330255,0.9101167409934082,0.9796594918129341,0.9589526122151001,0.9372384138130232,0.9372384138130232,0.4372384138130232
CH,FZ,AC,SY,"['CH', 'FZ', 'AC', 'SY']",CH + FZ,AC + SY,CH|FZ|AC|SY,"AC,SY||CH,FZ",True,True,0.8542380358145778,0.8778960628037807,0.981828711734151,0.9454005372400196,0.9249089807266446,0.888084821713044,0.9374088301998034,0.9374088301998034,0.43740883019980337
TT,FZ,RS,SY,"['TT', 'FZ', 'RS', 'SY']",TT + FZ,RS + SY,TT|FZ|RS|SY,"FZ,TT||RS,SY",False,False,0.8479436985986287,0.8941602057681584,0.9899090381243996,0.9383262079057879,0.9368041331520899,0.9261857886131373,0.9377325987518457,0.9377325987518457,0.43773259875184567
FZ,NS,TT,RS,"['FZ', 'NS', 'TT', 'RS']",FZ + NS,TT + RS,FZ|NS|TT|RS,"FZ,NS||RS,TT",False,True,0.8712189790009545,0.9524198425623497,0.9954954245986732,0.9156556179845684,0.972703580252491,0.9090925270826046,0.9379043232690583,0.9379043232690583,0.43790432326905826
FZ,CH,RS,TT,"['FZ', 'CH', 'RS', 'TT']",FZ + CH,RS + TT,FZ|CH|RS|TT,"CH,FZ||RS,TT",True,True,0.9076239914806705,0.9754141105198968,0.9929131498101337,0.9124986542278073,0.9777187746589754,0.8928350802751435,0.9379345011959628,0.9379345011959628,0.4379345011959628
NS,FZ,TT,AC,"['NS', 'FZ', 'TT', 'AC']",NS + FZ,TT + AC,NS|FZ|TT|AC,"AC,TT||FZ,NS",False,True,0.82343177375022,0.8868130670345047,0.9878849641086433,0.926708626701302,0.9556171365977265,0.9361811787055271,0.9379829455609077,0.9379829455609077,0.43798294556090767
FZ,SY,TT,TD,"['FZ', 'SY', 'TT', 'TD']",FZ + SY,TT + TD,FZ|SY|TT|TD,"FZ,SY||TD,TT",False,False,0.8975351009727178,0.977107008911607,0.9849296766461243,0.9104913364249634,0.9810509094259169,0.9283203153470301,0.9380095698953352,0.9380095698953352,0.43800956989533524
TT,FZ,AC,SY,"['TT', 'FZ', 'AC', 'SY']",TT + FZ,AC + SY,TT|FZ|AC|SY,"AC,SY||FZ,TT",False,True,0.793566140729696,0.784423532883703,0.9841547393524438,0.9586413576665194,0.9058139739499521,0.9352767621822623,0.9380386780170582,0.9380386780170582,0.4380386780170582
NS,FZ,TT,TD,"['NS', 'FZ', 'TT', 'TD']",NS + FZ,TT + TD,NS|FZ|TT|TD,"FZ,NS||TD,TT",False,True,0.8883409665006804,0.9584990891556828,0.992085426727878,0.9172447805502973,0.9720538808330836,0.8829297889667059,0.938620329660584,0.938620329660584,0.43862032966058395
FZ,TT,RS,SY,"['FZ', 'TT', 'RS', 'SY']",FZ + TT,RS + SY,FZ|TT|RS|SY,"FZ,TT||RS,SY",False,False,0.8479436985986287,0.8941602057681584,0.9899090381243996,0.9449282260749843,0.9293792937462136,0.9300121436863565,0.9388641424667638,0.9388641424667638,0.43886414246676375
FZ,TT,RS,CH,"['FZ', 'TT', 'RS', 'CH']",FZ + TT,RS + CH,FZ|TT|RS|CH,"CH,RS||FZ,TT",False,True,0.808703316569917,0.8896376002918363,0.99702070821285,0.9321646492747803,0.949827990764347,0.8721264444304124,0.9390533524557112,0.9390533524557112,0.4390533524557112
FZ,SY,AC,TT,"['FZ', 'SY', 'AC', 'TT']",FZ + SY,AC + TT,FZ|SY|AC|TT,"AC,TT||FZ,SY",True,True,0.8369898569376485,0.9300650963975081,0.9786548336620469,0.9230116503962491,0.9646809197575134,0.9319546768590042,0.9392626654471421,0.9392626654471421,0.4392626654471421
NS,FZ,AC,RS,"['NS', 'FZ', 'AC', 'RS']",NS + FZ,AC + RS,NS|FZ|AC|RS,"AC,RS||FZ,NS",False,True,0.922645631608354,0.9769455618958353,0.9885142259593175,0.9060389169125592,0.9913289710658879,0.9202942913841714,0.9393020380323575,0.9393020380323575,0.43930203803235746
CH,FZ,RS,TT,"['CH', 'FZ', 'RS', 'TT']",CH + FZ,RS + TT,CH|FZ|RS|TT,"CH,FZ||RS,TT",False,True,0.9076239914806705,0.9754141105198968,0.9929131498101337,0.9138604428456936,0.9793292562854612,0.8935493659894292,0.9393932800872029,0.9393932800872029,0.4393932800872029
SY,FZ,AC,TT,"['SY', 'FZ', 'AC', 'TT']",SY + FZ,AC + TT,SY|FZ|AC|TT,"AC,TT||FZ,SY",True,True,0.8369898569376485,0.9300650963975081,0.9786548336620469,0.9230116503962491,0.9652203517476529,0.9326610208370876,0.9394730439232966,0.9394730439232966,0.43947304392329656
FZ,NS,RS,SY,"['FZ', 'NS', 'RS', 'SY']",FZ + NS,RS + SY,FZ|NS|RS|SY,"FZ,NS||RS,SY",False,False,0.854091492071414,0.907699336548202,0.9636363025093009,0.9260805081219583,0.9613895930365063,0.9254637870451394,0.939851051238632,0.939851051238632,0.439851051238632
FZ,NS,TD,SY,"['FZ', 'NS', 'TD', 'SY']",FZ + NS,TD + SY,FZ|NS|TD|SY,"FZ,NS||SY,TD",False,True,0.8731591183546216,0.9178395785832771,0.9546429829330255,0.9176306298822972,0.9771723392022983,0.9550169764223213,0.9408518965170977,0.9408518965170977,0.44085189651709766
FZ,NS,AC,TT,"['FZ', 'NS', 'AC', 'TT']",FZ + NS,AC + TT,FZ|NS|AC|TT,"AC,TT||FZ,NS",False,True,0.82343177375022,0.8868130670345047,0.9868016131535875,0.9365752112661625,0.9475756987395617,0.9300450917321682,0.9408654013807882,0.9408654013807882,0.4408654013807882
TT,FZ,SY,TD,"['TT', 'FZ', 'SY', 'TD']",TT + FZ,SY + TD,TT|FZ|SY|TD,"FZ,TT||SY,TD",False,True,0.867690273322074,0.9053415801581648,0.9811562183316949,0.9397747599720415,0.9445348874268349,0.9082611097627895,0.9416312096794109,0.9416312096794109,0.44163120967941094
FZ,NS,TT,TD,"['FZ', 'NS', 'TT', 'TD']",FZ + NS,TT + TD,FZ|NS|TT|TD,"FZ,NS||TD,TT",False,True,0.8883409665006804,0.9584990891556828,0.992085426727878,0.9243781839116417,0.9689009141097793,0.8763081157360101,0.9417420486889154,0.9417420486889154,0.4417420486889154
NS,FZ,AC,TT,"['NS', 'FZ', 'AC', 'TT']",NS + FZ,AC + TT,NS|FZ|AC|TT,"AC,TT||FZ,NS",True,True,0.82343177375022,0.8868130670345047,0.9868016131535875,0.9344864044790797,0.9536448424771621,0.9294260441131207,0.9419581952983318,0.9419581952983318,0.4419581952983318
TT,FZ,RS,NS,"['TT', 'FZ', 'RS', 'NS']",TT + FZ,RS + NS,TT|FZ|RS|NS,"FZ,TT||NS,RS",True,True,0.8599397408640937,0.9355741642863784,0.9465268536372567,0.9328728848347929,0.9563140457112428,0.8770199865332187,0.9420149375766084,0.9420149375766084,0.44201493757660837
TT,FZ,RS,CH,"['TT', 'FZ', 'RS', 'CH']",TT + FZ,RS + CH,TT|FZ|RS|CH,"CH,RS||FZ,TT",False,True,0.808703316569917,0.8896376002918363,0.99702070821285,0.9335264378926665,0.9554961188139389,0.875486215094531,0.9420946134519628,0.9420946134519628,0.44209461345196277
FZ,TT,SY,TD,"['FZ', 'TT', 'SY', 'TD']",FZ + TT,SY + TD,FZ|TT|SY|TD,"FZ,TT||SY,TD",False,True,0.867690273322074,0.9053415801581648,0.9811562183316949,0.945862889252349,0.9374798935673999,0.9277680536909424,0.9425935209352188,0.9425935209352188,0.44259352093521875
CH,FZ,TD,NS,"['CH', 'FZ', 'TD', 'NS']",CH + FZ,TD + NS,CH|FZ|TD|NS,"CH,FZ||NS,TD",True,True,0.9167199932978007,0.9750913829492623,0.9639580325113836,0.9199712049734355,0.978452112119193,0.9039922638359918,0.9427787587602809,0.9427787587602809,0.44277875876028094
CH,FZ,NS,TD,"['CH', 'FZ', 'NS', 'TD']",CH + FZ,NS + TD,CH|FZ|NS|TD,"CH,FZ||NS,TD",False,True,0.9167199932978007,0.9750913829492623,0.9468245323031129,0.9205015080037388,0.9778216671728307,0.9063109451546734,0.9428563700796846,0.9428563700796846,0.4428563700796846
FZ,CH,TD,NS,"['FZ', 'CH', 'TD', 'NS']",FZ + CH,TD + NS,FZ|CH|TD|NS,"CH,FZ||NS,TD",True,True,0.9167199932978007,0.9750913829492623,0.9639580325113836,0.9211094163555493,0.9773024446098009,0.9049626734802559,0.9430246973747074,0.9430246973747074,0.4430246973747074
FZ,CH,NS,TD,"['FZ', 'CH', 'NS', 'TD']",FZ + CH,NS + TD,FZ|CH|NS|TD,"CH,FZ||NS,TD",False,True,0.9167199932978007,0.9750913829492623,0.9468245323031129,0.9216397193858523,0.9766771611934953,0.9118051643227469,0.943104321690833,0.943104321690833,0.443104321690833
NS,FZ,SY,TD,"['NS', 'FZ', 'SY', 'TD']",NS + FZ,SY + TD,NS|FZ|SY|TD,"FZ,NS||SY,TD",False,True,0.8731591183546216,0.9178395785832771,0.989259614951059,0.9201609329126,0.9796961148606359,0.9611748344373222,0.943379653872334,0.943379653872334,0.443379653872334
FZ,TT,RS,NS,"['FZ', 'TT', 'RS', 'NS']",FZ + TT,RS + NS,FZ|TT|RS|NS,"FZ,TT||NS,RS",False,True,0.8599397408640937,0.9355741642863784,0.9465268536372567,0.9388166517724622,0.9511207194142358,0.8740639425771748,0.9436152381527538,0.9436152381527538,0.44361523815275383
FZ,NS,AC,RS,"['FZ', 'NS', 'AC', 'RS']",FZ + NS,AC + RS,FZ|NS|AC|RS,"AC,RS||FZ,NS",True,True,0.922645631608354,0.9769455618958353,0.9856562528299082,0.9164694724681148,0.9902577038810453,0.9167636791392733,0.9452468827191577,0.9452468827191577,0.4452468827191577
FZ,CH,TT,AC,"['FZ', 'CH', 'TT', 'AC']",FZ + CH,TT + AC,FZ|CH|TT|AC,"AC,TT||CH,FZ",False,True,0.8713509117807884,0.9344836247144437,0.9866667247672993,0.933439134718482,0.9673167823368559,0.9407161761449677,0.9466514172896479,0.9466514172896479,0.44665141728964786
FZ,CH,NS,AC,"['FZ', 'CH', 'NS', 'AC']",FZ + CH,NS + AC,FZ|CH|NS|AC,"AC,NS||CH,FZ",True,True,0.865816085446232,0.9246940261829313,0.8093611119441463,0.9422505545355058,0.9540422711985542,0.934505925998833,0.9468493240340947,0.9468493240340947,0.4468493240340947
FZ,NS,SY,TD,"['FZ', 'NS', 'SY', 'TD']",FZ + NS,SY + TD,FZ|NS|SY|TD,"FZ,NS||SY,TD",False,True,0.8731591183546216,0.9178395785832771,0.989259614951059,0.9275359329126001,0.9771637673144082,0.9585557868182746,0.9468907883293053,0.9468907883293053,0.4468907883293053
CH,FZ,TT,AC,"['CH', 'FZ', 'TT', 'AC']",CH + FZ,TT + AC,CH|FZ|TT|AC,"AC,TT||CH,FZ",False,True,0.8713509117807884,0.9344836247144437,0.9866667247672993,0.9331342566697016,0.9687397234272808,0.9291325913740686,0.9470203887051576,0.9470203887051576,0.4470203887051576
FZ,CH,TT,RS,"['FZ', 'CH', 'TT', 'RS']",FZ + CH,TT + RS,FZ|CH|TT|RS,"CH,FZ||RS,TT",False,True,0.9076239914806705,0.9754141105198968,0.989921152159902,0.9248687459905048,0.9817643683724557,0.8883982670883304,0.9470580387194658,0.9470580387194658,0.4470580387194658
TT,FZ,AC,RS,"['TT', 'FZ', 'AC', 'RS']",TT + FZ,AC + RS,TT|FZ|AC|RS,"AC,RS||FZ,TT",True,True,0.9191127808967179,0.9722574948726367,0.983506675808675,0.9281930899606224,0.9766938144103178,0.9116857479736461,0.9471083724960037,0.9471083724960037,0.44710837249600366
CH,FZ,NS,AC,"['CH', 'FZ', 'NS', 'AC']",CH + FZ,NS + AC,CH|FZ|NS|AC,"AC,NS||CH,FZ",True,True,0.865816085446232,0.9246940261829313,0.8093611119441463,0.9419456764867253,0.956351213286676,0.9418352356707005,0.9475638358387061,0.9475638358387061,0.44756383583870607
NS,FZ,SY,RS,"['NS', 'FZ', 'SY', 'RS']",NS + FZ,SY + RS,NS|FZ|SY|RS,"FZ,NS||RS,SY",False,False,0.854091492071414,0.907699336548202,0.9914506703104785,0.9354414600784986,0.9674165583071169,0.9206730920397733,0.9479117483876597,0.9479117483876597,0.4479117483876597
FZ,TT,CH,RS,"['FZ', 'TT', 'CH', 'RS']",FZ + TT,CH + RS,FZ|TT|CH|RS,"CH,RS||FZ,TT",True,True,0.808703316569917,0.8896376002918363,0.9954641902324498,0.9441733557424419,0.9541724914258976,0.8705796460152863,0.9480730186589896,0.9480730186589896,0.44807301865898963
CH,FZ,TT,RS,"['CH', 'FZ', 'TT', 'RS']",CH + FZ,TT + RS,CH|FZ|TT|RS,"CH,FZ||RS,TT",False,True,0.9076239914806705,0.9754141105198968,0.989921152159902,0.9262305346083909,0.9831041214032068,0.889112552802616,0.9484112334583692,0.9484112334583692,0.4484112334583692
TT,FZ,CH,RS,"['TT', 'FZ', 'CH', 'RS']",TT + FZ,CH + RS,TT|FZ|CH|RS,"CH,RS||FZ,TT",False,True,0.808703316569917,0.8896376002918363,0.9954641902324498,0.9430351443603281,0.9594231093880345,0.8740910605414818,0.9494264507211336,0.9494264507211336,0.44942645072113363
CH,FZ,TD,SY,"['CH', 'FZ', 'TD', 'SY']",CH + FZ,TD + SY,CH|FZ|TD|SY,"CH,FZ||SY,TD",True,True,0.909072915389912,0.9544257564419807,0.989445042143438,0.9263305465061193,0.98556609701746,0.9239388127113206,0.9494324112055422,0.9494324112055422,0.4494324112055422
CH,FZ,AC,RS,"['CH', 'FZ', 'AC', 'RS']",CH + FZ,AC + RS,CH|FZ|AC|RS,"AC,RS||CH,FZ",False,True,0.945423581227691,0.9890970600421822,0.9821586074184504,0.9243525833486607,0.9890678085554803,0.9053434083012517,0.9495915211793203,0.9495915211793203,0.44959152117932033
FZ,NS,SY,RS,"['FZ', 'NS', 'SY', 'RS']",FZ + NS,SY + RS,FZ|NS|SY|RS,"FZ,NS||RS,SY",False,False,0.854091492071414,0.907699336548202,0.9914506703104785,0.9408387523287318,0.9635855475965585,0.9099028117119178,0.9497100024831843,0.9497100024831843,0.44971000248318427
FZ,CH,TD,SY,"['FZ', 'CH', 'TD', 'SY']",FZ + CH,TD + SY,FZ|CH|TD|SY,"CH,FZ||SY,TD",True,True,0.909072915389912,0.9544257564419807,0.989445042143438,0.9274687578882331,0.9846525659132614,0.9255261142986222,0.9497704430179943,0.9497704430179943,0.4497704430179943
CH,FZ,RS,NS,"['CH', 'FZ', 'RS', 'NS']",CH + FZ,RS + NS,CH|FZ|RS|NS,"CH,FZ||NS,RS",True,True,0.9034768594462227,0.9710209808490052,0.9391162893867203,0.9306298292792373,0.9802632136995793,0.8527819134814464,0.9499868492031707,0.9499868492031707,0.44998684920317067
FZ,CH,RS,NS,"['FZ', 'CH', 'RS', 'NS']",FZ + CH,RS + NS,FZ|CH|RS|NS,"CH,FZ||NS,RS",False,True,0.9034768594462227,0.9710209808490052,0.9391162893867203,0.9317680406613511,0.9789271714764035,0.853744236872341,0.9501601016792215,0.9501601016792215,0.4501601016792215
TT,FZ,NS,RS,"['TT', 'FZ', 'NS', 'RS']",TT + FZ,NS + RS,TT|FZ|NS|RS,"FZ,TT||NS,RS",True,True,0.8599397408640937,0.9355741642863784,0.9291580416192831,0.9457149246357879,0.9588345594918355,0.8783127765589279,0.9508315822296465,0.9508315822296465,0.4508315822296465
FZ,CH,AC,TT,"['FZ', 'CH', 'AC', 'TT']",FZ + CH,AC + TT,FZ|CH|AC|TT,"AC,TT||CH,FZ",True,True,0.8713509117807884,0.9344836247144437,0.9858978130604548,0.9413558013851488,0.9660270989641968,0.9250476542209444,0.9509776074409775,0.9509776074409775,0.4509776074409775
FZ,TT,AC,RS,"['FZ', 'TT', 'AC', 'RS']",FZ + TT,AC + RS,FZ|TT|AC|RS,"AC,RS||FZ,TT",True,True,0.9191127808967179,0.9722574948726367,0.9809525704910478,0.9370535235649584,0.9730864898959097,0.9197490253953902,0.9511063804340294,0.9511063804340294,0.4511063804340294
FZ,CH,AC,RS,"['FZ', 'CH', 'AC', 'RS']",FZ + CH,AC + RS,FZ|CH|AC|RS,"AC,RS||CH,FZ",False,True,0.945423581227691,0.9890970600421822,0.9794001168890365,0.9271574613974412,0.9886898357974739,0.9137096907761626,0.951155087413454,0.951155087413454,0.451155087413454
CH,FZ,AC,TT,"['CH', 'FZ', 'AC', 'TT']",CH + FZ,AC + TT,CH|FZ|AC|TT,"AC,TT||CH,FZ",True,True,0.8713509117807884,0.9344836247144437,0.9858978130604548,0.9410509233363683,0.967340047620486,0.927337045892984,0.9513036818071743,0.9513036818071743,0.4513036818071743
TT,FZ,SY,RS,"['TT', 'FZ', 'SY', 'RS']",TT + FZ,SY + RS,TT|FZ|SY|RS,"FZ,TT||RS,SY",False,False,0.8479436985986287,0.8941602057681584,0.9849752721620599,0.954685404569528,0.947694275231006,0.9081806529050084,0.9519588641275043,0.9519588641275043,0.4519588641275043
FZ,TT,NS,RS,"['FZ', 'TT', 'NS', 'RS']",FZ + TT,NS + RS,FZ|TT|NS|RS,"FZ,TT||NS,RS",False,True,0.8599397408640937,0.9355741642863784,0.9291580416192831,0.9516586915734571,0.9536814475718364,0.8765830782279826,0.9524475664128249,0.9524475664128249,0.4524475664128249
FZ,CH,TD,TT,"['FZ', 'CH', 'TD', 'TT']",FZ + CH,TD + TT,FZ|CH|TD|TT,"CH,FZ||TD,TT",True,True,0.920348295186585,0.9789549014901515,0.9910985699962108,0.9310937237214604,0.9865730600171557,0.885450824212991,0.9527306648767815,0.9527306648767815,0.4527306648767815
CH,FZ,RS,SY,"['CH', 'FZ', 'RS', 'SY']",CH + FZ,RS + SY,CH|FZ|RS|SY,"CH,FZ||RS,SY",False,True,0.8947533582354146,0.9478787009258269,0.9908457924294396,0.9383220914124473,0.9762293608340896,0.8962712837854846,0.9531059264868877,0.9531059264868877,0.45310592648688774
FZ,CH,AC,NS,"['FZ', 'CH', 'AC', 'NS']",FZ + CH,AC + NS,FZ|CH|AC|NS,"AC,NS||CH,FZ",True,True,0.865816085446232,0.9246940261829313,0.8093611119441463,0.9501672212021727,0.9580459607734223,0.931212516327272,0.9532399296349601,0.9532399296349601,0.45323992963496007
FZ,CH,RS,SY,"['FZ', 'CH', 'RS', 'SY']",FZ + CH,RS + SY,FZ|CH|RS|SY,"CH,FZ||RS,SY",False,True,0.8947533582354146,0.9478787009258269,0.9908457924294396,0.939460302794561,0.974810100819411,0.895342736684262,0.9532467240242525,0.9532467240242525,0.4532467240242525
FZ,TT,SY,RS,"['FZ', 'TT', 'SY', 'RS']",FZ + TT,SY + RS,FZ|TT|SY|RS,"FZ,TT||RS,SY",False,False,0.8479436985986287,0.8941602057681584,0.9849752721620599,0.9615815403857831,0.9409875243731638,0.9254747253261857,0.9535498741408617,0.9535498741408617,0.4535498741408617
CH,FZ,TD,TT,"['CH', 'FZ', 'TD', 'TT']",CH + FZ,TD + TT,CH|FZ|TD|TT,"CH,FZ||TD,TT",False,True,0.920348295186585,0.9789549014901515,0.9910985699962108,0.9324555123393466,0.9874868802781499,0.8854508242129911,0.95391774583548,0.95391774583548,0.45391774583547995
CH,FZ,AC,NS,"['CH', 'FZ', 'AC', 'NS']",CH + FZ,AC + NS,CH|FZ|AC|NS,"AC,NS||CH,FZ",True,True,0.865816085446232,0.9246940261829313,0.8093611119441463,0.949862343153392,0.9603854511357006,0.9311389792201215,0.9539663552664924,0.9539663552664924,0.4539663552664924
CH,FZ,SY,TD,"['CH', 'FZ', 'SY', 'TD']",CH + FZ,SY + TD,CH|FZ|SY|TD,"CH,FZ||SY,TD",False,True,0.909072915389912,0.9544257564419807,0.9841513434628616,0.9356108495364224,0.9855413707460484,0.9225532626519164,0.9550837528081765,0.9550837528081765,0.4550837528081765
FZ,CH,SY,TD,"['FZ', 'CH', 'SY', 'TD']",FZ + CH,SY + TD,FZ|CH|SY|TD,"CH,FZ||SY,TD",False,True,0.909072915389912,0.9544257564419807,0.9841513434628616,0.9367490609185362,0.984667429689601,0.9289082876807957,0.9554372247392514,0.9554372247392514,0.4554372247392514
CH,FZ,TT,TD,"['CH', 'FZ', 'TT', 'TD']",CH + FZ,TT + TD,CH|FZ|TT|TD,"CH,FZ||TD,TT",False,True,0.920348295186585,0.9789549014901515,0.9873502349224761,0.9344441487029829,0.9889985516038211,0.8881127813035197,0.9557203658343099,0.9557203658343099,0.45572036583430986
CH,FZ,NS,RS,"['CH', 'FZ', 'NS', 'RS']",CH + FZ,NS + RS,CH|FZ|NS|RS,"CH,FZ||NS,RS",False,True,0.9034768594462227,0.9710209808490052,0.9194197197604382,0.9399101323095402,0.981170197387058,0.8624832478613522,0.9560015576897722,0.9560015576897722,0.45600155768977224
FZ,CH,TT,TD,"['FZ', 'CH', 'TT', 'TD']",FZ + CH,TT + TD,FZ|CH|TT|TD,"CH,FZ||TD,TT",True,True,0.920348295186585,0.9789549014901515,0.9873502349224761,0.9355823600850967,0.9882117421372294,0.8858270670178051,0.9561078190854284,0.9561078190854284,0.4561078190854284
FZ,CH,NS,RS,"['FZ', 'CH', 'NS', 'RS']",FZ + CH,NS + RS,FZ|CH|NS|RS,"CH,FZ||NS,RS",False,True,0.9034768594462227,0.9710209808490052,0.9194197197604382,0.941048343691654,0.9798173966914026,0.8601975335756377,0.956168274361556,0.956168274361556,0.45616827436155605
FZ,CH,SY,RS,"['FZ', 'CH', 'SY', 'RS']",FZ + CH,SY + RS,FZ|CH|SY|RS,"CH,FZ||RS,SY",False,True,0.8947533582354146,0.9478787009258269,0.9863409401927935,0.9535935470013348,0.9761669968513853,0.9005925391693586,0.9623971924428545,0.9623971924428545,0.4623971924428545
CH,FZ,SY,RS,"['CH', 'FZ', 'SY', 'RS']",CH + FZ,SY + RS,CH|FZ|SY|RS,"CH,FZ||RS,SY",False,True,0.8947533582354146,0.9478787009258269,0.9863409401927935,0.954955335619221,0.9777140801294392,0.8963327522357174,0.963831245978206,0.963831245978206,0.463831245978206
